ISO-10303-21;
HEADER;
FILE_DESCRIPTION(('KiCad electronic assembly'),'2;1');
FILE_NAME('color-sensor-2026.step','2026-01-18T00:17:01',('Pcbnew'),(
    'Kicad'),'Open CASCADE STEP processor 7.9','KiCad to STEP converter'
  ,'Unknown');
FILE_SCHEMA(('AUTOMOTIVE_DESIGN { 1 0 10303 214 1 1 1 1 }'));
ENDSEC;
DATA;
#1 = APPLICATION_PROTOCOL_DEFINITION('international standard',
  'automotive_design',2000,#2);
#2 = APPLICATION_CONTEXT(
  'core data for automotive mechanical design processes');
#3 = SHAPE_DEFINITION_REPRESENTATION(#4,#10);
#4 = PRODUCT_DEFINITION_SHAPE('','',#5);
#5 = PRODUCT_DEFINITION('design','',#6,#9);
#6 = PRODUCT_DEFINITION_FORMATION('','',#7);
#7 = PRODUCT('color-sensor-2026 1','color-sensor-2026 1','',(#8));
#8 = PRODUCT_CONTEXT('',#2,'mechanical');
#9 = PRODUCT_DEFINITION_CONTEXT('part definition',#2,'design');
#10 = SHAPE_REPRESENTATION('',(#11,#15,#19,#23,#27,#31,#35,#39,#43,#47),
  #51);
#11 = AXIS2_PLACEMENT_3D('',#12,#13,#14);
#12 = CARTESIAN_POINT('',(0.,0.,0.));
#13 = DIRECTION('',(0.,0.,1.));
#14 = DIRECTION('',(1.,0.,-0.));
#15 = AXIS2_PLACEMENT_3D('',#16,#17,#18);
#16 = CARTESIAN_POINT('',(5.079999,-6.5,1.595));
#17 = DIRECTION('',(-0.,0.,1.));
#18 = DIRECTION('',(1.110223024625E-16,-1.,0.));
#19 = AXIS2_PLACEMENT_3D('',#20,#21,#22);
#20 = CARTESIAN_POINT('',(0.,6.98,1.595));
#21 = DIRECTION('',(0.,0.,1.));
#22 = DIRECTION('',(-1.,1.224646799147E-16,0.));
#23 = AXIS2_PLACEMENT_3D('',#24,#25,#26);
#24 = CARTESIAN_POINT('',(2.066,13.5,-0.405));
#25 = DIRECTION('',(0.,0.,1.));
#26 = DIRECTION('',(1.,0.,0.));
#27 = AXIS2_PLACEMENT_3D('',#28,#29,#30);
#28 = CARTESIAN_POINT('',(-4.665001,-0.6785,1.595));
#29 = DIRECTION('',(0.,-0.,1.));
#30 = DIRECTION('',(1.110223024625E-16,1.,0.));
#31 = AXIS2_PLACEMENT_3D('',#32,#33,#34);
#32 = CARTESIAN_POINT('',(-0.728,-0.64,1.595));
#33 = DIRECTION('',(0.,-0.,1.));
#34 = DIRECTION('',(1.110223024625E-16,1.,0.));
#35 = AXIS2_PLACEMENT_3D('',#36,#37,#38);
#36 = CARTESIAN_POINT('',(-4.792,6.726,1.595));
#37 = DIRECTION('',(0.,-0.,1.));
#38 = DIRECTION('',(1.110223024625E-16,1.,0.));
#39 = AXIS2_PLACEMENT_3D('',#40,#41,#42);
#40 = CARTESIAN_POINT('',(5.368,-0.64,1.595));
#41 = DIRECTION('',(-0.,0.,1.));
#42 = DIRECTION('',(1.110223024625E-16,-1.,0.));
#43 = AXIS2_PLACEMENT_3D('',#44,#45,#46);
#44 = CARTESIAN_POINT('',(4.86,6.726,1.595));
#45 = DIRECTION('',(0.,-0.,1.));
#46 = DIRECTION('',(1.110223024625E-16,1.,0.));
#47 = AXIS2_PLACEMENT_3D('',#48,#49,#50);
#48 = CARTESIAN_POINT('',(0.,0.,0.));
#49 = DIRECTION('',(0.,0.,1.));
#50 = DIRECTION('',(1.,0.,-0.));
#51 = ( GEOMETRIC_REPRESENTATION_CONTEXT(3) 
GLOBAL_UNCERTAINTY_ASSIGNED_CONTEXT((#55)) GLOBAL_UNIT_ASSIGNED_CONTEXT(
(#52,#53,#54)) REPRESENTATION_CONTEXT('Context #1',
  '3D Context with UNIT and UNCERTAINTY') );
#52 = ( LENGTH_UNIT() NAMED_UNIT(*) SI_UNIT(.MILLI.,.METRE.) );
#53 = ( NAMED_UNIT(*) PLANE_ANGLE_UNIT() SI_UNIT($,.RADIAN.) );
#54 = ( NAMED_UNIT(*) SI_UNIT($,.STERADIAN.) SOLID_ANGLE_UNIT() );
#55 = UNCERTAINTY_MEASURE_WITH_UNIT(LENGTH_MEASURE(1.E-07),#52,
  'distance_accuracy_value','confusion accuracy');
#56 = PRODUCT_RELATED_PRODUCT_CATEGORY('part',$,(#7));
#57 = SHAPE_DEFINITION_REPRESENTATION(#58,#64);
#58 = PRODUCT_DEFINITION_SHAPE('','',#59);
#59 = PRODUCT_DEFINITION('design','',#60,#63);
#60 = PRODUCT_DEFINITION_FORMATION('','',#61);
#61 = PRODUCT('PinHeader_1x05_P2.54mm_Horizontal',
  'PinHeader_1x05_P2.54mm_Horizontal','',(#62));
#62 = PRODUCT_CONTEXT('',#2,'mechanical');
#63 = PRODUCT_DEFINITION_CONTEXT('part definition',#2,'design');
#64 = ADVANCED_BREP_SHAPE_REPRESENTATION('',(#11,#65),#4024);
#65 = MANIFOLD_SOLID_BREP('',#66);
#66 = CLOSED_SHELL('',(#67,#107,#138,#169,#580,#991,#1008,#1025,#1042,
    #1059,#1076,#1093,#1110,#1127,#1144,#1161,#1178,#1195,#1212,#1229,
    #1246,#1263,#1280,#1297,#1314,#1331,#1348,#1365,#1382,#1399,#1416,
    #1433,#1450,#1467,#1479,#1510,#1559,#1583,#1625,#1656,#1705,#1729,
    #1771,#1827,#1851,#1900,#1917,#1948,#1997,#2021,#2063,#2094,#2143,
    #2167,#2209,#2240,#2264,#2288,#2305,#2336,#2360,#2384,#2401,#2432,
    #2456,#2480,#2497,#2528,#2552,#2576,#2593,#2624,#2648,#2672,#2689,
    #2706,#2723,#2740,#2771,#2802,#2819,#2836,#2867,#2884,#2915,#2932,
    #2949,#2980,#2997,#3028,#3045,#3062,#3093,#3110,#3141,#3158,#3175,
    #3206,#3223,#3254,#3285,#3309,#3333,#3350,#3381,#3405,#3429,#3446,
    #3477,#3501,#3525,#3542,#3573,#3597,#3621,#3638,#3669,#3693,#3717,
    #3734,#3751,#3768,#3780,#3797,#3814,#3826,#3843,#3860,#3872,#3889,
    #3906,#3918,#3935,#3952,#3964,#3976,#3988,#4000,#4012));
#67 = ADVANCED_FACE('',(#68),#102,.T.);
#68 = FACE_BOUND('',#69,.T.);
#69 = EDGE_LOOP('',(#70,#80,#88,#96));
#70 = ORIENTED_EDGE('',*,*,#71,.T.);
#71 = EDGE_CURVE('',#72,#74,#76,.T.);
#72 = VERTEX_POINT('',#73);
#73 = CARTESIAN_POINT('',(1.5,1.27,0.254));
#74 = VERTEX_POINT('',#75);
#75 = CARTESIAN_POINT('',(4.04,1.27,0.254));
#76 = LINE('',#77,#78);
#77 = CARTESIAN_POINT('',(1.5,1.27,0.254));
#78 = VECTOR('',#79,1.);
#79 = DIRECTION('',(1.,0.,0.));
#80 = ORIENTED_EDGE('',*,*,#81,.T.);
#81 = EDGE_CURVE('',#74,#82,#84,.T.);
#82 = VERTEX_POINT('',#83);
#83 = CARTESIAN_POINT('',(4.04,1.016,0.));
#84 = LINE('',#85,#86);
#85 = CARTESIAN_POINT('',(4.04,1.27,0.254));
#86 = VECTOR('',#87,1.);
#87 = DIRECTION('',(0.,-0.707106781187,-0.707106781187));
#88 = ORIENTED_EDGE('',*,*,#89,.F.);
#89 = EDGE_CURVE('',#90,#82,#92,.T.);
#90 = VERTEX_POINT('',#91);
#91 = CARTESIAN_POINT('',(1.5,1.016,0.));
#92 = LINE('',#93,#94);
#93 = CARTESIAN_POINT('',(1.5,1.016,0.));
#94 = VECTOR('',#95,1.);
#95 = DIRECTION('',(1.,0.,0.));
#96 = ORIENTED_EDGE('',*,*,#97,.F.);
#97 = EDGE_CURVE('',#72,#90,#98,.T.);
#98 = LINE('',#99,#100);
#99 = CARTESIAN_POINT('',(1.5,1.27,0.254));
#100 = VECTOR('',#101,1.);
#101 = DIRECTION('',(0.,-0.707106781187,-0.707106781187));
#102 = PLANE('',#103);
#103 = AXIS2_PLACEMENT_3D('',#104,#105,#106);
#104 = CARTESIAN_POINT('',(1.5,1.27,0.254));
#105 = DIRECTION('',(0.,0.707106781187,-0.707106781187));
#106 = DIRECTION('',(0.,-0.707106781187,-0.707106781187));
#107 = ADVANCED_FACE('',(#108),#133,.T.);
#108 = FACE_BOUND('',#109,.T.);
#109 = EDGE_LOOP('',(#110,#120,#126,#127));
#110 = ORIENTED_EDGE('',*,*,#111,.T.);
#111 = EDGE_CURVE('',#112,#114,#116,.T.);
#112 = VERTEX_POINT('',#113);
#113 = CARTESIAN_POINT('',(1.5,1.27,2.286));
#114 = VERTEX_POINT('',#115);
#115 = CARTESIAN_POINT('',(4.04,1.27,2.286));
#116 = LINE('',#117,#118);
#117 = CARTESIAN_POINT('',(1.5,1.27,2.286));
#118 = VECTOR('',#119,1.);
#119 = DIRECTION('',(1.,0.,0.));
#120 = ORIENTED_EDGE('',*,*,#121,.T.);
#121 = EDGE_CURVE('',#114,#74,#122,.T.);
#122 = LINE('',#123,#124);
#123 = CARTESIAN_POINT('',(4.04,1.27,2.286));
#124 = VECTOR('',#125,1.);
#125 = DIRECTION('',(0.,0.,-1.));
#126 = ORIENTED_EDGE('',*,*,#71,.F.);
#127 = ORIENTED_EDGE('',*,*,#128,.F.);
#128 = EDGE_CURVE('',#112,#72,#129,.T.);
#129 = LINE('',#130,#131);
#130 = CARTESIAN_POINT('',(1.5,1.27,2.286));
#131 = VECTOR('',#132,1.);
#132 = DIRECTION('',(0.,0.,-1.));
#133 = PLANE('',#134);
#134 = AXIS2_PLACEMENT_3D('',#135,#136,#137);
#135 = CARTESIAN_POINT('',(1.5,1.27,2.286));
#136 = DIRECTION('',(0.,1.,0.));
#137 = DIRECTION('',(0.,0.,-1.));
#138 = ADVANCED_FACE('',(#139),#164,.T.);
#139 = FACE_BOUND('',#140,.T.);
#140 = EDGE_LOOP('',(#141,#142,#150,#158));
#141 = ORIENTED_EDGE('',*,*,#89,.T.);
#142 = ORIENTED_EDGE('',*,*,#143,.T.);
#143 = EDGE_CURVE('',#82,#144,#146,.T.);
#144 = VERTEX_POINT('',#145);
#145 = CARTESIAN_POINT('',(4.04,-1.016,0.));
#146 = LINE('',#147,#148);
#147 = CARTESIAN_POINT('',(4.04,1.016,0.));
#148 = VECTOR('',#149,1.);
#149 = DIRECTION('',(0.,-1.,0.));
#150 = ORIENTED_EDGE('',*,*,#151,.F.);
#151 = EDGE_CURVE('',#152,#144,#154,.T.);
#152 = VERTEX_POINT('',#153);
#153 = CARTESIAN_POINT('',(1.5,-1.016,0.));
#154 = LINE('',#155,#156);
#155 = CARTESIAN_POINT('',(1.5,-1.016,0.));
#156 = VECTOR('',#157,1.);
#157 = DIRECTION('',(1.,0.,0.));
#158 = ORIENTED_EDGE('',*,*,#159,.F.);
#159 = EDGE_CURVE('',#90,#152,#160,.T.);
#160 = LINE('',#161,#162);
#161 = CARTESIAN_POINT('',(1.5,1.016,0.));
#162 = VECTOR('',#163,1.);
#163 = DIRECTION('',(0.,-1.,0.));
#164 = PLANE('',#165);
#165 = AXIS2_PLACEMENT_3D('',#166,#167,#168);
#166 = CARTESIAN_POINT('',(1.5,1.016,0.));
#167 = DIRECTION('',(-0.,-0.,-1.));
#168 = DIRECTION('',(0.,-1.,0.));
#169 = ADVANCED_FACE('',(#170,#405,#439,#473,#507,#541),#575,.T.);
#170 = FACE_BOUND('',#171,.T.);
#171 = EDGE_LOOP('',(#172,#173,#174,#182,#190,#198,#206,#214,#222,#230,
    #238,#246,#254,#262,#270,#278,#286,#294,#302,#310,#318,#326,#334,
    #342,#350,#358,#366,#374,#382,#390,#398,#404));
#172 = ORIENTED_EDGE('',*,*,#97,.T.);
#173 = ORIENTED_EDGE('',*,*,#159,.T.);
#174 = ORIENTED_EDGE('',*,*,#175,.T.);
#175 = EDGE_CURVE('',#152,#176,#178,.T.);
#176 = VERTEX_POINT('',#177);
#177 = CARTESIAN_POINT('',(1.5,-1.27,0.254));
#178 = LINE('',#179,#180);
#179 = CARTESIAN_POINT('',(1.5,-1.016,0.));
#180 = VECTOR('',#181,1.);
#181 = DIRECTION('',(0.,-0.707106781187,0.707106781187));
#182 = ORIENTED_EDGE('',*,*,#183,.T.);
#183 = EDGE_CURVE('',#176,#184,#186,.T.);
#184 = VERTEX_POINT('',#185);
#185 = CARTESIAN_POINT('',(1.5,-1.524,0.));
#186 = LINE('',#187,#188);
#187 = CARTESIAN_POINT('',(1.5,-1.27,0.254));
#188 = VECTOR('',#189,1.);
#189 = DIRECTION('',(0.,-0.707106781187,-0.707106781187));
#190 = ORIENTED_EDGE('',*,*,#191,.T.);
#191 = EDGE_CURVE('',#184,#192,#194,.T.);
#192 = VERTEX_POINT('',#193);
#193 = CARTESIAN_POINT('',(1.5,-3.556,0.));
#194 = LINE('',#195,#196);
#195 = CARTESIAN_POINT('',(1.5,-1.524,0.));
#196 = VECTOR('',#197,1.);
#197 = DIRECTION('',(0.,-1.,0.));
#198 = ORIENTED_EDGE('',*,*,#199,.T.);
#199 = EDGE_CURVE('',#192,#200,#202,.T.);
#200 = VERTEX_POINT('',#201);
#201 = CARTESIAN_POINT('',(1.5,-3.81,0.254));
#202 = LINE('',#203,#204);
#203 = CARTESIAN_POINT('',(1.5,-3.556,0.));
#204 = VECTOR('',#205,1.);
#205 = DIRECTION('',(0.,-0.707106781187,0.707106781187));
#206 = ORIENTED_EDGE('',*,*,#207,.T.);
#207 = EDGE_CURVE('',#200,#208,#210,.T.);
#208 = VERTEX_POINT('',#209);
#209 = CARTESIAN_POINT('',(1.5,-4.064,0.));
#210 = LINE('',#211,#212);
#211 = CARTESIAN_POINT('',(1.5,-3.81,0.254));
#212 = VECTOR('',#213,1.);
#213 = DIRECTION('',(0.,-0.707106781187,-0.707106781187));
#214 = ORIENTED_EDGE('',*,*,#215,.T.);
#215 = EDGE_CURVE('',#208,#216,#218,.T.);
#216 = VERTEX_POINT('',#217);
#217 = CARTESIAN_POINT('',(1.5,-6.096,0.));
#218 = LINE('',#219,#220);
#219 = CARTESIAN_POINT('',(1.5,-4.064,0.));
#220 = VECTOR('',#221,1.);
#221 = DIRECTION('',(0.,-1.,0.));
#222 = ORIENTED_EDGE('',*,*,#223,.T.);
#223 = EDGE_CURVE('',#216,#224,#226,.T.);
#224 = VERTEX_POINT('',#225);
#225 = CARTESIAN_POINT('',(1.5,-6.35,0.254));
#226 = LINE('',#227,#228);
#227 = CARTESIAN_POINT('',(1.5,-6.096,0.));
#228 = VECTOR('',#229,1.);
#229 = DIRECTION('',(0.,-0.707106781187,0.707106781187));
#230 = ORIENTED_EDGE('',*,*,#231,.T.);
#231 = EDGE_CURVE('',#224,#232,#234,.T.);
#232 = VERTEX_POINT('',#233);
#233 = CARTESIAN_POINT('',(1.5,-6.604,0.));
#234 = LINE('',#235,#236);
#235 = CARTESIAN_POINT('',(1.5,-6.35,0.254));
#236 = VECTOR('',#237,1.);
#237 = DIRECTION('',(0.,-0.707106781187,-0.707106781187));
#238 = ORIENTED_EDGE('',*,*,#239,.T.);
#239 = EDGE_CURVE('',#232,#240,#242,.T.);
#240 = VERTEX_POINT('',#241);
#241 = CARTESIAN_POINT('',(1.5,-8.636,0.));
#242 = LINE('',#243,#244);
#243 = CARTESIAN_POINT('',(1.5,-6.604,0.));
#244 = VECTOR('',#245,1.);
#245 = DIRECTION('',(0.,-1.,0.));
#246 = ORIENTED_EDGE('',*,*,#247,.T.);
#247 = EDGE_CURVE('',#240,#248,#250,.T.);
#248 = VERTEX_POINT('',#249);
#249 = CARTESIAN_POINT('',(1.5,-8.89,0.254));
#250 = LINE('',#251,#252);
#251 = CARTESIAN_POINT('',(1.5,-8.636,0.));
#252 = VECTOR('',#253,1.);
#253 = DIRECTION('',(0.,-0.707106781187,0.707106781187));
#254 = ORIENTED_EDGE('',*,*,#255,.T.);
#255 = EDGE_CURVE('',#248,#256,#258,.T.);
#256 = VERTEX_POINT('',#257);
#257 = CARTESIAN_POINT('',(1.5,-9.144,0.));
#258 = LINE('',#259,#260);
#259 = CARTESIAN_POINT('',(1.5,-8.89,0.254));
#260 = VECTOR('',#261,1.);
#261 = DIRECTION('',(0.,-0.707106781187,-0.707106781187));
#262 = ORIENTED_EDGE('',*,*,#263,.T.);
#263 = EDGE_CURVE('',#256,#264,#266,.T.);
#264 = VERTEX_POINT('',#265);
#265 = CARTESIAN_POINT('',(1.5,-11.176,0.));
#266 = LINE('',#267,#268);
#267 = CARTESIAN_POINT('',(1.5,-9.144,0.));
#268 = VECTOR('',#269,1.);
#269 = DIRECTION('',(0.,-1.,0.));
#270 = ORIENTED_EDGE('',*,*,#271,.T.);
#271 = EDGE_CURVE('',#264,#272,#274,.T.);
#272 = VERTEX_POINT('',#273);
#273 = CARTESIAN_POINT('',(1.5,-11.43,0.254));
#274 = LINE('',#275,#276);
#275 = CARTESIAN_POINT('',(1.5,-11.176,0.));
#276 = VECTOR('',#277,1.);
#277 = DIRECTION('',(0.,-0.707106781187,0.707106781187));
#278 = ORIENTED_EDGE('',*,*,#279,.T.);
#279 = EDGE_CURVE('',#272,#280,#282,.T.);
#280 = VERTEX_POINT('',#281);
#281 = CARTESIAN_POINT('',(1.5,-11.43,2.286));
#282 = LINE('',#283,#284);
#283 = CARTESIAN_POINT('',(1.5,-11.43,0.254));
#284 = VECTOR('',#285,1.);
#285 = DIRECTION('',(0.,0.,1.));
#286 = ORIENTED_EDGE('',*,*,#287,.T.);
#287 = EDGE_CURVE('',#280,#288,#290,.T.);
#288 = VERTEX_POINT('',#289);
#289 = CARTESIAN_POINT('',(1.5,-11.176,2.54));
#290 = LINE('',#291,#292);
#291 = CARTESIAN_POINT('',(1.5,-11.43,2.286));
#292 = VECTOR('',#293,1.);
#293 = DIRECTION('',(0.,0.707106781187,0.707106781187));
#294 = ORIENTED_EDGE('',*,*,#295,.T.);
#295 = EDGE_CURVE('',#288,#296,#298,.T.);
#296 = VERTEX_POINT('',#297);
#297 = CARTESIAN_POINT('',(1.5,-9.144,2.54));
#298 = LINE('',#299,#300);
#299 = CARTESIAN_POINT('',(1.5,-11.176,2.54));
#300 = VECTOR('',#301,1.);
#301 = DIRECTION('',(0.,1.,0.));
#302 = ORIENTED_EDGE('',*,*,#303,.T.);
#303 = EDGE_CURVE('',#296,#304,#306,.T.);
#304 = VERTEX_POINT('',#305);
#305 = CARTESIAN_POINT('',(1.5,-8.89,2.286));
#306 = LINE('',#307,#308);
#307 = CARTESIAN_POINT('',(1.5,-9.144,2.54));
#308 = VECTOR('',#309,1.);
#309 = DIRECTION('',(0.,0.707106781187,-0.707106781187));
#310 = ORIENTED_EDGE('',*,*,#311,.T.);
#311 = EDGE_CURVE('',#304,#312,#314,.T.);
#312 = VERTEX_POINT('',#313);
#313 = CARTESIAN_POINT('',(1.5,-8.636,2.54));
#314 = LINE('',#315,#316);
#315 = CARTESIAN_POINT('',(1.5,-8.89,2.286));
#316 = VECTOR('',#317,1.);
#317 = DIRECTION('',(0.,0.707106781187,0.707106781187));
#318 = ORIENTED_EDGE('',*,*,#319,.T.);
#319 = EDGE_CURVE('',#312,#320,#322,.T.);
#320 = VERTEX_POINT('',#321);
#321 = CARTESIAN_POINT('',(1.5,-6.604,2.54));
#322 = LINE('',#323,#324);
#323 = CARTESIAN_POINT('',(1.5,-8.636,2.54));
#324 = VECTOR('',#325,1.);
#325 = DIRECTION('',(0.,1.,0.));
#326 = ORIENTED_EDGE('',*,*,#327,.T.);
#327 = EDGE_CURVE('',#320,#328,#330,.T.);
#328 = VERTEX_POINT('',#329);
#329 = CARTESIAN_POINT('',(1.5,-6.35,2.286));
#330 = LINE('',#331,#332);
#331 = CARTESIAN_POINT('',(1.5,-6.604,2.54));
#332 = VECTOR('',#333,1.);
#333 = DIRECTION('',(0.,0.707106781187,-0.707106781187));
#334 = ORIENTED_EDGE('',*,*,#335,.T.);
#335 = EDGE_CURVE('',#328,#336,#338,.T.);
#336 = VERTEX_POINT('',#337);
#337 = CARTESIAN_POINT('',(1.5,-6.096,2.54));
#338 = LINE('',#339,#340);
#339 = CARTESIAN_POINT('',(1.5,-6.35,2.286));
#340 = VECTOR('',#341,1.);
#341 = DIRECTION('',(0.,0.707106781187,0.707106781187));
#342 = ORIENTED_EDGE('',*,*,#343,.T.);
#343 = EDGE_CURVE('',#336,#344,#346,.T.);
#344 = VERTEX_POINT('',#345);
#345 = CARTESIAN_POINT('',(1.5,-4.064,2.54));
#346 = LINE('',#347,#348);
#347 = CARTESIAN_POINT('',(1.5,-6.096,2.54));
#348 = VECTOR('',#349,1.);
#349 = DIRECTION('',(0.,1.,0.));
#350 = ORIENTED_EDGE('',*,*,#351,.T.);
#351 = EDGE_CURVE('',#344,#352,#354,.T.);
#352 = VERTEX_POINT('',#353);
#353 = CARTESIAN_POINT('',(1.5,-3.81,2.286));
#354 = LINE('',#355,#356);
#355 = CARTESIAN_POINT('',(1.5,-4.064,2.54));
#356 = VECTOR('',#357,1.);
#357 = DIRECTION('',(0.,0.707106781187,-0.707106781187));
#358 = ORIENTED_EDGE('',*,*,#359,.T.);
#359 = EDGE_CURVE('',#352,#360,#362,.T.);
#360 = VERTEX_POINT('',#361);
#361 = CARTESIAN_POINT('',(1.5,-3.556,2.54));
#362 = LINE('',#363,#364);
#363 = CARTESIAN_POINT('',(1.5,-3.81,2.286));
#364 = VECTOR('',#365,1.);
#365 = DIRECTION('',(0.,0.707106781187,0.707106781187));
#366 = ORIENTED_EDGE('',*,*,#367,.T.);
#367 = EDGE_CURVE('',#360,#368,#370,.T.);
#368 = VERTEX_POINT('',#369);
#369 = CARTESIAN_POINT('',(1.5,-1.524,2.54));
#370 = LINE('',#371,#372);
#371 = CARTESIAN_POINT('',(1.5,-3.556,2.54));
#372 = VECTOR('',#373,1.);
#373 = DIRECTION('',(0.,1.,0.));
#374 = ORIENTED_EDGE('',*,*,#375,.T.);
#375 = EDGE_CURVE('',#368,#376,#378,.T.);
#376 = VERTEX_POINT('',#377);
#377 = CARTESIAN_POINT('',(1.5,-1.27,2.286));
#378 = LINE('',#379,#380);
#379 = CARTESIAN_POINT('',(1.5,-1.524,2.54));
#380 = VECTOR('',#381,1.);
#381 = DIRECTION('',(0.,0.707106781187,-0.707106781187));
#382 = ORIENTED_EDGE('',*,*,#383,.T.);
#383 = EDGE_CURVE('',#376,#384,#386,.T.);
#384 = VERTEX_POINT('',#385);
#385 = CARTESIAN_POINT('',(1.5,-1.016,2.54));
#386 = LINE('',#387,#388);
#387 = CARTESIAN_POINT('',(1.5,-1.27,2.286));
#388 = VECTOR('',#389,1.);
#389 = DIRECTION('',(0.,0.707106781187,0.707106781187));
#390 = ORIENTED_EDGE('',*,*,#391,.T.);
#391 = EDGE_CURVE('',#384,#392,#394,.T.);
#392 = VERTEX_POINT('',#393);
#393 = CARTESIAN_POINT('',(1.5,1.016,2.54));
#394 = LINE('',#395,#396);
#395 = CARTESIAN_POINT('',(1.5,-1.016,2.54));
#396 = VECTOR('',#397,1.);
#397 = DIRECTION('',(0.,1.,0.));
#398 = ORIENTED_EDGE('',*,*,#399,.T.);
#399 = EDGE_CURVE('',#392,#112,#400,.T.);
#400 = LINE('',#401,#402);
#401 = CARTESIAN_POINT('',(1.5,1.016,2.54));
#402 = VECTOR('',#403,1.);
#403 = DIRECTION('',(0.,0.707106781187,-0.707106781187));
#404 = ORIENTED_EDGE('',*,*,#128,.T.);
#405 = FACE_BOUND('',#406,.T.);
#406 = EDGE_LOOP('',(#407,#417,#425,#433));
#407 = ORIENTED_EDGE('',*,*,#408,.F.);
#408 = EDGE_CURVE('',#409,#411,#413,.T.);
#409 = VERTEX_POINT('',#410);
#410 = CARTESIAN_POINT('',(1.5,-2.22,0.95));
#411 = VERTEX_POINT('',#412);
#412 = CARTESIAN_POINT('',(1.5,-2.86,0.95));
#413 = LINE('',#414,#415);
#414 = CARTESIAN_POINT('',(1.5,-3.65,0.95));
#415 = VECTOR('',#416,1.);
#416 = DIRECTION('',(2.626663748985E-31,-1.,0.));
#417 = ORIENTED_EDGE('',*,*,#418,.F.);
#418 = EDGE_CURVE('',#419,#409,#421,.T.);
#419 = VERTEX_POINT('',#420);
#420 = CARTESIAN_POINT('',(1.5,-2.22,1.59));
#421 = LINE('',#422,#423);
#422 = CARTESIAN_POINT('',(1.5,-2.22,0.924540133779));
#423 = VECTOR('',#424,1.);
#424 = DIRECTION('',(-7.933612863637E-31,6.630961875715E-34,-1.));
#425 = ORIENTED_EDGE('',*,*,#426,.F.);
#426 = EDGE_CURVE('',#427,#419,#429,.T.);
#427 = VERTEX_POINT('',#428);
#428 = CARTESIAN_POINT('',(1.5,-2.86,1.59));
#429 = LINE('',#430,#431);
#430 = CARTESIAN_POINT('',(1.5,-3.65,1.59));
#431 = VECTOR('',#432,1.);
#432 = DIRECTION('',(-2.626663748985E-31,1.,-5.62969608508E-48));
#433 = ORIENTED_EDGE('',*,*,#434,.T.);
#434 = EDGE_CURVE('',#427,#411,#435,.T.);
#435 = LINE('',#436,#437);
#436 = CARTESIAN_POINT('',(1.5,-2.86,0.924540133779));
#437 = VECTOR('',#438,1.);
#438 = DIRECTION('',(-7.933612863637E-31,6.630961875715E-34,-1.));
#439 = FACE_BOUND('',#440,.T.);
#440 = EDGE_LOOP('',(#441,#451,#459,#467));
#441 = ORIENTED_EDGE('',*,*,#442,.F.);
#442 = EDGE_CURVE('',#443,#445,#447,.T.);
#443 = VERTEX_POINT('',#444);
#444 = CARTESIAN_POINT('',(1.5,-0.32,1.59));
#445 = VERTEX_POINT('',#446);
#446 = CARTESIAN_POINT('',(1.5,0.32,1.59));
#447 = LINE('',#448,#449);
#448 = CARTESIAN_POINT('',(1.5,-2.38,1.59));
#449 = VECTOR('',#450,1.);
#450 = DIRECTION('',(-2.626663748985E-31,1.,-5.62969608508E-48));
#451 = ORIENTED_EDGE('',*,*,#452,.T.);
#452 = EDGE_CURVE('',#443,#453,#455,.T.);
#453 = VERTEX_POINT('',#454);
#454 = CARTESIAN_POINT('',(1.5,-0.32,0.95));
#455 = LINE('',#456,#457);
#456 = CARTESIAN_POINT('',(1.5,-0.32,0.924540133779));
#457 = VECTOR('',#458,1.);
#458 = DIRECTION('',(-7.933612863637E-31,6.630961875715E-34,-1.));
#459 = ORIENTED_EDGE('',*,*,#460,.F.);
#460 = EDGE_CURVE('',#461,#453,#463,.T.);
#461 = VERTEX_POINT('',#462);
#462 = CARTESIAN_POINT('',(1.5,0.32,0.95));
#463 = LINE('',#464,#465);
#464 = CARTESIAN_POINT('',(1.5,-2.38,0.95));
#465 = VECTOR('',#466,1.);
#466 = DIRECTION('',(2.626663748985E-31,-1.,0.));
#467 = ORIENTED_EDGE('',*,*,#468,.F.);
#468 = EDGE_CURVE('',#445,#461,#469,.T.);
#469 = LINE('',#470,#471);
#470 = CARTESIAN_POINT('',(1.5,0.32,0.924540133779));
#471 = VECTOR('',#472,1.);
#472 = DIRECTION('',(-7.933612863637E-31,6.630961875715E-34,-1.));
#473 = FACE_BOUND('',#474,.T.);
#474 = EDGE_LOOP('',(#475,#485,#493,#501));
#475 = ORIENTED_EDGE('',*,*,#476,.F.);
#476 = EDGE_CURVE('',#477,#479,#481,.T.);
#477 = VERTEX_POINT('',#478);
#478 = CARTESIAN_POINT('',(1.5,-4.76,1.59));
#479 = VERTEX_POINT('',#480);
#480 = CARTESIAN_POINT('',(1.5,-4.76,0.95));
#481 = LINE('',#482,#483);
#482 = CARTESIAN_POINT('',(1.5,-4.76,0.924540133779));
#483 = VECTOR('',#484,1.);
#484 = DIRECTION('',(-7.933612863637E-31,6.630961875715E-34,-1.));
#485 = ORIENTED_EDGE('',*,*,#486,.F.);
#486 = EDGE_CURVE('',#487,#477,#489,.T.);
#487 = VERTEX_POINT('',#488);
#488 = CARTESIAN_POINT('',(1.5,-5.4,1.59));
#489 = LINE('',#490,#491);
#490 = CARTESIAN_POINT('',(1.5,-4.92,1.59));
#491 = VECTOR('',#492,1.);
#492 = DIRECTION('',(-2.626663748985E-31,1.,-5.62969608508E-48));
#493 = ORIENTED_EDGE('',*,*,#494,.T.);
#494 = EDGE_CURVE('',#487,#495,#497,.T.);
#495 = VERTEX_POINT('',#496);
#496 = CARTESIAN_POINT('',(1.5,-5.4,0.95));
#497 = LINE('',#498,#499);
#498 = CARTESIAN_POINT('',(1.5,-5.4,0.924540133779));
#499 = VECTOR('',#500,1.);
#500 = DIRECTION('',(-7.933612863637E-31,6.630961875715E-34,-1.));
#501 = ORIENTED_EDGE('',*,*,#502,.F.);
#502 = EDGE_CURVE('',#479,#495,#503,.T.);
#503 = LINE('',#504,#505);
#504 = CARTESIAN_POINT('',(1.5,-4.92,0.95));
#505 = VECTOR('',#506,1.);
#506 = DIRECTION('',(2.626663748985E-31,-1.,0.));
#507 = FACE_BOUND('',#508,.T.);
#508 = EDGE_LOOP('',(#509,#519,#527,#535));
#509 = ORIENTED_EDGE('',*,*,#510,.F.);
#510 = EDGE_CURVE('',#511,#513,#515,.T.);
#511 = VERTEX_POINT('',#512);
#512 = CARTESIAN_POINT('',(1.5,-10.48,1.59));
#513 = VERTEX_POINT('',#514);
#514 = CARTESIAN_POINT('',(1.5,-9.84,1.59));
#515 = LINE('',#516,#517);
#516 = CARTESIAN_POINT('',(1.5,-7.46,1.59));
#517 = VECTOR('',#518,1.);
#518 = DIRECTION('',(-2.626663748985E-31,1.,-5.62969608508E-48));
#519 = ORIENTED_EDGE('',*,*,#520,.T.);
#520 = EDGE_CURVE('',#511,#521,#523,.T.);
#521 = VERTEX_POINT('',#522);
#522 = CARTESIAN_POINT('',(1.5,-10.48,0.95));
#523 = LINE('',#524,#525);
#524 = CARTESIAN_POINT('',(1.5,-10.48,0.924540133779));
#525 = VECTOR('',#526,1.);
#526 = DIRECTION('',(-7.933612863637E-31,6.630961875715E-34,-1.));
#527 = ORIENTED_EDGE('',*,*,#528,.F.);
#528 = EDGE_CURVE('',#529,#521,#531,.T.);
#529 = VERTEX_POINT('',#530);
#530 = CARTESIAN_POINT('',(1.5,-9.84,0.95));
#531 = LINE('',#532,#533);
#532 = CARTESIAN_POINT('',(1.5,-7.46,0.95));
#533 = VECTOR('',#534,1.);
#534 = DIRECTION('',(2.626663748985E-31,-1.,0.));
#535 = ORIENTED_EDGE('',*,*,#536,.F.);
#536 = EDGE_CURVE('',#513,#529,#537,.T.);
#537 = LINE('',#538,#539);
#538 = CARTESIAN_POINT('',(1.5,-9.84,0.924540133779));
#539 = VECTOR('',#540,1.);
#540 = DIRECTION('',(-7.933612863637E-31,6.630961875715E-34,-1.));
#541 = FACE_BOUND('',#542,.T.);
#542 = EDGE_LOOP('',(#543,#553,#561,#569));
#543 = ORIENTED_EDGE('',*,*,#544,.F.);
#544 = EDGE_CURVE('',#545,#547,#549,.T.);
#545 = VERTEX_POINT('',#546);
#546 = CARTESIAN_POINT('',(1.5,-7.94,1.59));
#547 = VERTEX_POINT('',#548);
#548 = CARTESIAN_POINT('',(1.5,-7.3,1.59));
#549 = LINE('',#550,#551);
#550 = CARTESIAN_POINT('',(1.5,-6.19,1.59));
#551 = VECTOR('',#552,1.);
#552 = DIRECTION('',(-2.626663748985E-31,1.,-5.62969608508E-48));
#553 = ORIENTED_EDGE('',*,*,#554,.T.);
#554 = EDGE_CURVE('',#545,#555,#557,.T.);
#555 = VERTEX_POINT('',#556);
#556 = CARTESIAN_POINT('',(1.5,-7.94,0.95));
#557 = LINE('',#558,#559);
#558 = CARTESIAN_POINT('',(1.5,-7.94,0.924540133779));
#559 = VECTOR('',#560,1.);
#560 = DIRECTION('',(-7.933612863637E-31,6.630961875715E-34,-1.));
#561 = ORIENTED_EDGE('',*,*,#562,.F.);
#562 = EDGE_CURVE('',#563,#555,#565,.T.);
#563 = VERTEX_POINT('',#564);
#564 = CARTESIAN_POINT('',(1.5,-7.3,0.95));
#565 = LINE('',#566,#567);
#566 = CARTESIAN_POINT('',(1.5,-6.19,0.95));
#567 = VECTOR('',#568,1.);
#568 = DIRECTION('',(2.626663748985E-31,-1.,0.));
#569 = ORIENTED_EDGE('',*,*,#570,.F.);
#570 = EDGE_CURVE('',#547,#563,#571,.T.);
#571 = LINE('',#572,#573);
#572 = CARTESIAN_POINT('',(1.5,-7.3,0.924540133779));
#573 = VECTOR('',#574,1.);
#574 = DIRECTION('',(-7.933612863637E-31,6.630961875715E-34,-1.));
#575 = PLANE('',#576);
#576 = AXIS2_PLACEMENT_3D('',#577,#578,#579);
#577 = CARTESIAN_POINT('',(1.5,-5.08,1.27));
#578 = DIRECTION('',(-1.,-2.626663748985E-31,7.933612863637E-31));
#579 = DIRECTION('',(-7.933612863637E-31,0.,-1.));
#580 = ADVANCED_FACE('',(#581,#816,#850,#884,#918,#952),#986,.F.);
#581 = FACE_BOUND('',#582,.F.);
#582 = EDGE_LOOP('',(#583,#584,#585,#593,#601,#609,#617,#625,#633,#641,
    #649,#657,#665,#673,#681,#689,#697,#705,#713,#721,#729,#737,#745,
    #753,#761,#769,#777,#785,#793,#801,#809,#815));
#583 = ORIENTED_EDGE('',*,*,#81,.T.);
#584 = ORIENTED_EDGE('',*,*,#143,.T.);
#585 = ORIENTED_EDGE('',*,*,#586,.T.);
#586 = EDGE_CURVE('',#144,#587,#589,.T.);
#587 = VERTEX_POINT('',#588);
#588 = CARTESIAN_POINT('',(4.04,-1.27,0.254));
#589 = LINE('',#590,#591);
#590 = CARTESIAN_POINT('',(4.04,-1.016,0.));
#591 = VECTOR('',#592,1.);
#592 = DIRECTION('',(0.,-0.707106781187,0.707106781187));
#593 = ORIENTED_EDGE('',*,*,#594,.T.);
#594 = EDGE_CURVE('',#587,#595,#597,.T.);
#595 = VERTEX_POINT('',#596);
#596 = CARTESIAN_POINT('',(4.04,-1.524,0.));
#597 = LINE('',#598,#599);
#598 = CARTESIAN_POINT('',(4.04,-1.27,0.254));
#599 = VECTOR('',#600,1.);
#600 = DIRECTION('',(0.,-0.707106781187,-0.707106781187));
#601 = ORIENTED_EDGE('',*,*,#602,.T.);
#602 = EDGE_CURVE('',#595,#603,#605,.T.);
#603 = VERTEX_POINT('',#604);
#604 = CARTESIAN_POINT('',(4.04,-3.556,0.));
#605 = LINE('',#606,#607);
#606 = CARTESIAN_POINT('',(4.04,-1.524,0.));
#607 = VECTOR('',#608,1.);
#608 = DIRECTION('',(0.,-1.,0.));
#609 = ORIENTED_EDGE('',*,*,#610,.T.);
#610 = EDGE_CURVE('',#603,#611,#613,.T.);
#611 = VERTEX_POINT('',#612);
#612 = CARTESIAN_POINT('',(4.04,-3.81,0.254));
#613 = LINE('',#614,#615);
#614 = CARTESIAN_POINT('',(4.04,-3.556,0.));
#615 = VECTOR('',#616,1.);
#616 = DIRECTION('',(0.,-0.707106781187,0.707106781187));
#617 = ORIENTED_EDGE('',*,*,#618,.T.);
#618 = EDGE_CURVE('',#611,#619,#621,.T.);
#619 = VERTEX_POINT('',#620);
#620 = CARTESIAN_POINT('',(4.04,-4.064,0.));
#621 = LINE('',#622,#623);
#622 = CARTESIAN_POINT('',(4.04,-3.81,0.254));
#623 = VECTOR('',#624,1.);
#624 = DIRECTION('',(0.,-0.707106781187,-0.707106781187));
#625 = ORIENTED_EDGE('',*,*,#626,.T.);
#626 = EDGE_CURVE('',#619,#627,#629,.T.);
#627 = VERTEX_POINT('',#628);
#628 = CARTESIAN_POINT('',(4.04,-6.096,0.));
#629 = LINE('',#630,#631);
#630 = CARTESIAN_POINT('',(4.04,-4.064,0.));
#631 = VECTOR('',#632,1.);
#632 = DIRECTION('',(0.,-1.,0.));
#633 = ORIENTED_EDGE('',*,*,#634,.T.);
#634 = EDGE_CURVE('',#627,#635,#637,.T.);
#635 = VERTEX_POINT('',#636);
#636 = CARTESIAN_POINT('',(4.04,-6.35,0.254));
#637 = LINE('',#638,#639);
#638 = CARTESIAN_POINT('',(4.04,-6.096,0.));
#639 = VECTOR('',#640,1.);
#640 = DIRECTION('',(0.,-0.707106781187,0.707106781187));
#641 = ORIENTED_EDGE('',*,*,#642,.T.);
#642 = EDGE_CURVE('',#635,#643,#645,.T.);
#643 = VERTEX_POINT('',#644);
#644 = CARTESIAN_POINT('',(4.04,-6.604,0.));
#645 = LINE('',#646,#647);
#646 = CARTESIAN_POINT('',(4.04,-6.35,0.254));
#647 = VECTOR('',#648,1.);
#648 = DIRECTION('',(0.,-0.707106781187,-0.707106781187));
#649 = ORIENTED_EDGE('',*,*,#650,.T.);
#650 = EDGE_CURVE('',#643,#651,#653,.T.);
#651 = VERTEX_POINT('',#652);
#652 = CARTESIAN_POINT('',(4.04,-8.636,0.));
#653 = LINE('',#654,#655);
#654 = CARTESIAN_POINT('',(4.04,-6.604,0.));
#655 = VECTOR('',#656,1.);
#656 = DIRECTION('',(0.,-1.,0.));
#657 = ORIENTED_EDGE('',*,*,#658,.T.);
#658 = EDGE_CURVE('',#651,#659,#661,.T.);
#659 = VERTEX_POINT('',#660);
#660 = CARTESIAN_POINT('',(4.04,-8.89,0.254));
#661 = LINE('',#662,#663);
#662 = CARTESIAN_POINT('',(4.04,-8.636,0.));
#663 = VECTOR('',#664,1.);
#664 = DIRECTION('',(0.,-0.707106781187,0.707106781187));
#665 = ORIENTED_EDGE('',*,*,#666,.T.);
#666 = EDGE_CURVE('',#659,#667,#669,.T.);
#667 = VERTEX_POINT('',#668);
#668 = CARTESIAN_POINT('',(4.04,-9.144,0.));
#669 = LINE('',#670,#671);
#670 = CARTESIAN_POINT('',(4.04,-8.89,0.254));
#671 = VECTOR('',#672,1.);
#672 = DIRECTION('',(0.,-0.707106781187,-0.707106781187));
#673 = ORIENTED_EDGE('',*,*,#674,.T.);
#674 = EDGE_CURVE('',#667,#675,#677,.T.);
#675 = VERTEX_POINT('',#676);
#676 = CARTESIAN_POINT('',(4.04,-11.176,0.));
#677 = LINE('',#678,#679);
#678 = CARTESIAN_POINT('',(4.04,-9.144,0.));
#679 = VECTOR('',#680,1.);
#680 = DIRECTION('',(0.,-1.,0.));
#681 = ORIENTED_EDGE('',*,*,#682,.T.);
#682 = EDGE_CURVE('',#675,#683,#685,.T.);
#683 = VERTEX_POINT('',#684);
#684 = CARTESIAN_POINT('',(4.04,-11.43,0.254));
#685 = LINE('',#686,#687);
#686 = CARTESIAN_POINT('',(4.04,-11.176,0.));
#687 = VECTOR('',#688,1.);
#688 = DIRECTION('',(0.,-0.707106781187,0.707106781187));
#689 = ORIENTED_EDGE('',*,*,#690,.T.);
#690 = EDGE_CURVE('',#683,#691,#693,.T.);
#691 = VERTEX_POINT('',#692);
#692 = CARTESIAN_POINT('',(4.04,-11.43,2.286));
#693 = LINE('',#694,#695);
#694 = CARTESIAN_POINT('',(4.04,-11.43,0.254));
#695 = VECTOR('',#696,1.);
#696 = DIRECTION('',(0.,0.,1.));
#697 = ORIENTED_EDGE('',*,*,#698,.T.);
#698 = EDGE_CURVE('',#691,#699,#701,.T.);
#699 = VERTEX_POINT('',#700);
#700 = CARTESIAN_POINT('',(4.04,-11.176,2.54));
#701 = LINE('',#702,#703);
#702 = CARTESIAN_POINT('',(4.04,-11.43,2.286));
#703 = VECTOR('',#704,1.);
#704 = DIRECTION('',(0.,0.707106781187,0.707106781187));
#705 = ORIENTED_EDGE('',*,*,#706,.T.);
#706 = EDGE_CURVE('',#699,#707,#709,.T.);
#707 = VERTEX_POINT('',#708);
#708 = CARTESIAN_POINT('',(4.04,-9.144,2.54));
#709 = LINE('',#710,#711);
#710 = CARTESIAN_POINT('',(4.04,-11.176,2.54));
#711 = VECTOR('',#712,1.);
#712 = DIRECTION('',(0.,1.,0.));
#713 = ORIENTED_EDGE('',*,*,#714,.T.);
#714 = EDGE_CURVE('',#707,#715,#717,.T.);
#715 = VERTEX_POINT('',#716);
#716 = CARTESIAN_POINT('',(4.04,-8.89,2.286));
#717 = LINE('',#718,#719);
#718 = CARTESIAN_POINT('',(4.04,-9.144,2.54));
#719 = VECTOR('',#720,1.);
#720 = DIRECTION('',(0.,0.707106781187,-0.707106781187));
#721 = ORIENTED_EDGE('',*,*,#722,.T.);
#722 = EDGE_CURVE('',#715,#723,#725,.T.);
#723 = VERTEX_POINT('',#724);
#724 = CARTESIAN_POINT('',(4.04,-8.636,2.54));
#725 = LINE('',#726,#727);
#726 = CARTESIAN_POINT('',(4.04,-8.89,2.286));
#727 = VECTOR('',#728,1.);
#728 = DIRECTION('',(0.,0.707106781187,0.707106781187));
#729 = ORIENTED_EDGE('',*,*,#730,.T.);
#730 = EDGE_CURVE('',#723,#731,#733,.T.);
#731 = VERTEX_POINT('',#732);
#732 = CARTESIAN_POINT('',(4.04,-6.604,2.54));
#733 = LINE('',#734,#735);
#734 = CARTESIAN_POINT('',(4.04,-8.636,2.54));
#735 = VECTOR('',#736,1.);
#736 = DIRECTION('',(0.,1.,0.));
#737 = ORIENTED_EDGE('',*,*,#738,.T.);
#738 = EDGE_CURVE('',#731,#739,#741,.T.);
#739 = VERTEX_POINT('',#740);
#740 = CARTESIAN_POINT('',(4.04,-6.35,2.286));
#741 = LINE('',#742,#743);
#742 = CARTESIAN_POINT('',(4.04,-6.604,2.54));
#743 = VECTOR('',#744,1.);
#744 = DIRECTION('',(0.,0.707106781187,-0.707106781187));
#745 = ORIENTED_EDGE('',*,*,#746,.T.);
#746 = EDGE_CURVE('',#739,#747,#749,.T.);
#747 = VERTEX_POINT('',#748);
#748 = CARTESIAN_POINT('',(4.04,-6.096,2.54));
#749 = LINE('',#750,#751);
#750 = CARTESIAN_POINT('',(4.04,-6.35,2.286));
#751 = VECTOR('',#752,1.);
#752 = DIRECTION('',(0.,0.707106781187,0.707106781187));
#753 = ORIENTED_EDGE('',*,*,#754,.T.);
#754 = EDGE_CURVE('',#747,#755,#757,.T.);
#755 = VERTEX_POINT('',#756);
#756 = CARTESIAN_POINT('',(4.04,-4.064,2.54));
#757 = LINE('',#758,#759);
#758 = CARTESIAN_POINT('',(4.04,-6.096,2.54));
#759 = VECTOR('',#760,1.);
#760 = DIRECTION('',(0.,1.,0.));
#761 = ORIENTED_EDGE('',*,*,#762,.T.);
#762 = EDGE_CURVE('',#755,#763,#765,.T.);
#763 = VERTEX_POINT('',#764);
#764 = CARTESIAN_POINT('',(4.04,-3.81,2.286));
#765 = LINE('',#766,#767);
#766 = CARTESIAN_POINT('',(4.04,-4.064,2.54));
#767 = VECTOR('',#768,1.);
#768 = DIRECTION('',(0.,0.707106781187,-0.707106781187));
#769 = ORIENTED_EDGE('',*,*,#770,.T.);
#770 = EDGE_CURVE('',#763,#771,#773,.T.);
#771 = VERTEX_POINT('',#772);
#772 = CARTESIAN_POINT('',(4.04,-3.556,2.54));
#773 = LINE('',#774,#775);
#774 = CARTESIAN_POINT('',(4.04,-3.81,2.286));
#775 = VECTOR('',#776,1.);
#776 = DIRECTION('',(0.,0.707106781187,0.707106781187));
#777 = ORIENTED_EDGE('',*,*,#778,.T.);
#778 = EDGE_CURVE('',#771,#779,#781,.T.);
#779 = VERTEX_POINT('',#780);
#780 = CARTESIAN_POINT('',(4.04,-1.524,2.54));
#781 = LINE('',#782,#783);
#782 = CARTESIAN_POINT('',(4.04,-3.556,2.54));
#783 = VECTOR('',#784,1.);
#784 = DIRECTION('',(0.,1.,0.));
#785 = ORIENTED_EDGE('',*,*,#786,.T.);
#786 = EDGE_CURVE('',#779,#787,#789,.T.);
#787 = VERTEX_POINT('',#788);
#788 = CARTESIAN_POINT('',(4.04,-1.27,2.286));
#789 = LINE('',#790,#791);
#790 = CARTESIAN_POINT('',(4.04,-1.524,2.54));
#791 = VECTOR('',#792,1.);
#792 = DIRECTION('',(0.,0.707106781187,-0.707106781187));
#793 = ORIENTED_EDGE('',*,*,#794,.T.);
#794 = EDGE_CURVE('',#787,#795,#797,.T.);
#795 = VERTEX_POINT('',#796);
#796 = CARTESIAN_POINT('',(4.04,-1.016,2.54));
#797 = LINE('',#798,#799);
#798 = CARTESIAN_POINT('',(4.04,-1.27,2.286));
#799 = VECTOR('',#800,1.);
#800 = DIRECTION('',(0.,0.707106781187,0.707106781187));
#801 = ORIENTED_EDGE('',*,*,#802,.T.);
#802 = EDGE_CURVE('',#795,#803,#805,.T.);
#803 = VERTEX_POINT('',#804);
#804 = CARTESIAN_POINT('',(4.04,1.016,2.54));
#805 = LINE('',#806,#807);
#806 = CARTESIAN_POINT('',(4.04,-1.016,2.54));
#807 = VECTOR('',#808,1.);
#808 = DIRECTION('',(0.,1.,0.));
#809 = ORIENTED_EDGE('',*,*,#810,.T.);
#810 = EDGE_CURVE('',#803,#114,#811,.T.);
#811 = LINE('',#812,#813);
#812 = CARTESIAN_POINT('',(4.04,1.016,2.54));
#813 = VECTOR('',#814,1.);
#814 = DIRECTION('',(0.,0.707106781187,-0.707106781187));
#815 = ORIENTED_EDGE('',*,*,#121,.T.);
#816 = FACE_BOUND('',#817,.F.);
#817 = EDGE_LOOP('',(#818,#828,#836,#844));
#818 = ORIENTED_EDGE('',*,*,#819,.F.);
#819 = EDGE_CURVE('',#820,#822,#824,.T.);
#820 = VERTEX_POINT('',#821);
#821 = CARTESIAN_POINT('',(4.04,-2.22,0.95));
#822 = VERTEX_POINT('',#823);
#823 = CARTESIAN_POINT('',(4.04,-2.86,0.95));
#824 = LINE('',#825,#826);
#825 = CARTESIAN_POINT('',(4.04,-3.65,0.95));
#826 = VECTOR('',#827,1.);
#827 = DIRECTION('',(2.626663748985E-31,-1.,0.));
#828 = ORIENTED_EDGE('',*,*,#829,.F.);
#829 = EDGE_CURVE('',#830,#820,#832,.T.);
#830 = VERTEX_POINT('',#831);
#831 = CARTESIAN_POINT('',(4.04,-2.22,1.59));
#832 = LINE('',#833,#834);
#833 = CARTESIAN_POINT('',(4.04,-2.22,0.924540133779));
#834 = VECTOR('',#835,1.);
#835 = DIRECTION('',(-7.933612863637E-31,6.630961875715E-34,-1.));
#836 = ORIENTED_EDGE('',*,*,#837,.F.);
#837 = EDGE_CURVE('',#838,#830,#840,.T.);
#838 = VERTEX_POINT('',#839);
#839 = CARTESIAN_POINT('',(4.04,-2.86,1.59));
#840 = LINE('',#841,#842);
#841 = CARTESIAN_POINT('',(4.04,-3.65,1.59));
#842 = VECTOR('',#843,1.);
#843 = DIRECTION('',(-2.626663748985E-31,1.,-5.62969608508E-48));
#844 = ORIENTED_EDGE('',*,*,#845,.T.);
#845 = EDGE_CURVE('',#838,#822,#846,.T.);
#846 = LINE('',#847,#848);
#847 = CARTESIAN_POINT('',(4.04,-2.86,0.924540133779));
#848 = VECTOR('',#849,1.);
#849 = DIRECTION('',(-7.933612863637E-31,6.630961875715E-34,-1.));
#850 = FACE_BOUND('',#851,.F.);
#851 = EDGE_LOOP('',(#852,#862,#870,#878));
#852 = ORIENTED_EDGE('',*,*,#853,.F.);
#853 = EDGE_CURVE('',#854,#856,#858,.T.);
#854 = VERTEX_POINT('',#855);
#855 = CARTESIAN_POINT('',(4.04,-0.32,1.59));
#856 = VERTEX_POINT('',#857);
#857 = CARTESIAN_POINT('',(4.04,0.32,1.59));
#858 = LINE('',#859,#860);
#859 = CARTESIAN_POINT('',(4.04,-2.38,1.59));
#860 = VECTOR('',#861,1.);
#861 = DIRECTION('',(-2.626663748985E-31,1.,-5.62969608508E-48));
#862 = ORIENTED_EDGE('',*,*,#863,.T.);
#863 = EDGE_CURVE('',#854,#864,#866,.T.);
#864 = VERTEX_POINT('',#865);
#865 = CARTESIAN_POINT('',(4.04,-0.32,0.95));
#866 = LINE('',#867,#868);
#867 = CARTESIAN_POINT('',(4.04,-0.32,0.924540133779));
#868 = VECTOR('',#869,1.);
#869 = DIRECTION('',(-7.933612863637E-31,6.630961875715E-34,-1.));
#870 = ORIENTED_EDGE('',*,*,#871,.F.);
#871 = EDGE_CURVE('',#872,#864,#874,.T.);
#872 = VERTEX_POINT('',#873);
#873 = CARTESIAN_POINT('',(4.04,0.32,0.95));
#874 = LINE('',#875,#876);
#875 = CARTESIAN_POINT('',(4.04,-2.38,0.95));
#876 = VECTOR('',#877,1.);
#877 = DIRECTION('',(2.626663748985E-31,-1.,0.));
#878 = ORIENTED_EDGE('',*,*,#879,.F.);
#879 = EDGE_CURVE('',#856,#872,#880,.T.);
#880 = LINE('',#881,#882);
#881 = CARTESIAN_POINT('',(4.04,0.32,0.924540133779));
#882 = VECTOR('',#883,1.);
#883 = DIRECTION('',(-7.933612863637E-31,6.630961875715E-34,-1.));
#884 = FACE_BOUND('',#885,.F.);
#885 = EDGE_LOOP('',(#886,#896,#904,#912));
#886 = ORIENTED_EDGE('',*,*,#887,.F.);
#887 = EDGE_CURVE('',#888,#890,#892,.T.);
#888 = VERTEX_POINT('',#889);
#889 = CARTESIAN_POINT('',(4.04,-4.76,1.59));
#890 = VERTEX_POINT('',#891);
#891 = CARTESIAN_POINT('',(4.04,-4.76,0.95));
#892 = LINE('',#893,#894);
#893 = CARTESIAN_POINT('',(4.04,-4.76,0.924540133779));
#894 = VECTOR('',#895,1.);
#895 = DIRECTION('',(-7.933612863637E-31,6.630961875715E-34,-1.));
#896 = ORIENTED_EDGE('',*,*,#897,.F.);
#897 = EDGE_CURVE('',#898,#888,#900,.T.);
#898 = VERTEX_POINT('',#899);
#899 = CARTESIAN_POINT('',(4.04,-5.4,1.59));
#900 = LINE('',#901,#902);
#901 = CARTESIAN_POINT('',(4.04,-4.92,1.59));
#902 = VECTOR('',#903,1.);
#903 = DIRECTION('',(-2.626663748985E-31,1.,-5.62969608508E-48));
#904 = ORIENTED_EDGE('',*,*,#905,.T.);
#905 = EDGE_CURVE('',#898,#906,#908,.T.);
#906 = VERTEX_POINT('',#907);
#907 = CARTESIAN_POINT('',(4.04,-5.4,0.95));
#908 = LINE('',#909,#910);
#909 = CARTESIAN_POINT('',(4.04,-5.4,0.924540133779));
#910 = VECTOR('',#911,1.);
#911 = DIRECTION('',(-7.933612863637E-31,6.630961875715E-34,-1.));
#912 = ORIENTED_EDGE('',*,*,#913,.F.);
#913 = EDGE_CURVE('',#890,#906,#914,.T.);
#914 = LINE('',#915,#916);
#915 = CARTESIAN_POINT('',(4.04,-4.92,0.95));
#916 = VECTOR('',#917,1.);
#917 = DIRECTION('',(2.626663748985E-31,-1.,0.));
#918 = FACE_BOUND('',#919,.F.);
#919 = EDGE_LOOP('',(#920,#930,#938,#946));
#920 = ORIENTED_EDGE('',*,*,#921,.F.);
#921 = EDGE_CURVE('',#922,#924,#926,.T.);
#922 = VERTEX_POINT('',#923);
#923 = CARTESIAN_POINT('',(4.04,-10.48,1.59));
#924 = VERTEX_POINT('',#925);
#925 = CARTESIAN_POINT('',(4.04,-9.84,1.59));
#926 = LINE('',#927,#928);
#927 = CARTESIAN_POINT('',(4.04,-7.46,1.59));
#928 = VECTOR('',#929,1.);
#929 = DIRECTION('',(-2.626663748985E-31,1.,-5.62969608508E-48));
#930 = ORIENTED_EDGE('',*,*,#931,.T.);
#931 = EDGE_CURVE('',#922,#932,#934,.T.);
#932 = VERTEX_POINT('',#933);
#933 = CARTESIAN_POINT('',(4.04,-10.48,0.95));
#934 = LINE('',#935,#936);
#935 = CARTESIAN_POINT('',(4.04,-10.48,0.924540133779));
#936 = VECTOR('',#937,1.);
#937 = DIRECTION('',(-7.933612863637E-31,6.630961875715E-34,-1.));
#938 = ORIENTED_EDGE('',*,*,#939,.F.);
#939 = EDGE_CURVE('',#940,#932,#942,.T.);
#940 = VERTEX_POINT('',#941);
#941 = CARTESIAN_POINT('',(4.04,-9.84,0.95));
#942 = LINE('',#943,#944);
#943 = CARTESIAN_POINT('',(4.04,-7.46,0.95));
#944 = VECTOR('',#945,1.);
#945 = DIRECTION('',(2.626663748985E-31,-1.,0.));
#946 = ORIENTED_EDGE('',*,*,#947,.F.);
#947 = EDGE_CURVE('',#924,#940,#948,.T.);
#948 = LINE('',#949,#950);
#949 = CARTESIAN_POINT('',(4.04,-9.84,0.924540133779));
#950 = VECTOR('',#951,1.);
#951 = DIRECTION('',(-7.933612863637E-31,6.630961875715E-34,-1.));
#952 = FACE_BOUND('',#953,.F.);
#953 = EDGE_LOOP('',(#954,#964,#972,#980));
#954 = ORIENTED_EDGE('',*,*,#955,.F.);
#955 = EDGE_CURVE('',#956,#958,#960,.T.);
#956 = VERTEX_POINT('',#957);
#957 = CARTESIAN_POINT('',(4.04,-7.94,1.59));
#958 = VERTEX_POINT('',#959);
#959 = CARTESIAN_POINT('',(4.04,-7.3,1.59));
#960 = LINE('',#961,#962);
#961 = CARTESIAN_POINT('',(4.04,-6.19,1.59));
#962 = VECTOR('',#963,1.);
#963 = DIRECTION('',(-2.626663748985E-31,1.,-5.62969608508E-48));
#964 = ORIENTED_EDGE('',*,*,#965,.T.);
#965 = EDGE_CURVE('',#956,#966,#968,.T.);
#966 = VERTEX_POINT('',#967);
#967 = CARTESIAN_POINT('',(4.04,-7.94,0.95));
#968 = LINE('',#969,#970);
#969 = CARTESIAN_POINT('',(4.04,-7.94,0.924540133779));
#970 = VECTOR('',#971,1.);
#971 = DIRECTION('',(-7.933612863637E-31,6.630961875715E-34,-1.));
#972 = ORIENTED_EDGE('',*,*,#973,.F.);
#973 = EDGE_CURVE('',#974,#966,#976,.T.);
#974 = VERTEX_POINT('',#975);
#975 = CARTESIAN_POINT('',(4.04,-7.3,0.95));
#976 = LINE('',#977,#978);
#977 = CARTESIAN_POINT('',(4.04,-6.19,0.95));
#978 = VECTOR('',#979,1.);
#979 = DIRECTION('',(2.626663748985E-31,-1.,0.));
#980 = ORIENTED_EDGE('',*,*,#981,.F.);
#981 = EDGE_CURVE('',#958,#974,#982,.T.);
#982 = LINE('',#983,#984);
#983 = CARTESIAN_POINT('',(4.04,-7.3,0.924540133779));
#984 = VECTOR('',#985,1.);
#985 = DIRECTION('',(-7.933612863637E-31,6.630961875715E-34,-1.));
#986 = PLANE('',#987);
#987 = AXIS2_PLACEMENT_3D('',#988,#989,#990);
#988 = CARTESIAN_POINT('',(4.04,-5.08,1.27));
#989 = DIRECTION('',(-1.,-2.626663748985E-31,7.933612863637E-31));
#990 = DIRECTION('',(-7.933612863637E-31,0.,-1.));
#991 = ADVANCED_FACE('',(#992),#1003,.T.);
#992 = FACE_BOUND('',#993,.T.);
#993 = EDGE_LOOP('',(#994,#1000,#1001,#1002));
#994 = ORIENTED_EDGE('',*,*,#995,.T.);
#995 = EDGE_CURVE('',#392,#803,#996,.T.);
#996 = LINE('',#997,#998);
#997 = CARTESIAN_POINT('',(1.5,1.016,2.54));
#998 = VECTOR('',#999,1.);
#999 = DIRECTION('',(1.,0.,0.));
#1000 = ORIENTED_EDGE('',*,*,#810,.T.);
#1001 = ORIENTED_EDGE('',*,*,#111,.F.);
#1002 = ORIENTED_EDGE('',*,*,#399,.F.);
#1003 = PLANE('',#1004);
#1004 = AXIS2_PLACEMENT_3D('',#1005,#1006,#1007);
#1005 = CARTESIAN_POINT('',(1.5,1.016,2.54));
#1006 = DIRECTION('',(0.,0.707106781187,0.707106781187));
#1007 = DIRECTION('',(0.,0.707106781187,-0.707106781187));
#1008 = ADVANCED_FACE('',(#1009),#1020,.T.);
#1009 = FACE_BOUND('',#1010,.T.);
#1010 = EDGE_LOOP('',(#1011,#1012,#1013,#1019));
#1011 = ORIENTED_EDGE('',*,*,#151,.T.);
#1012 = ORIENTED_EDGE('',*,*,#586,.T.);
#1013 = ORIENTED_EDGE('',*,*,#1014,.F.);
#1014 = EDGE_CURVE('',#176,#587,#1015,.T.);
#1015 = LINE('',#1016,#1017);
#1016 = CARTESIAN_POINT('',(1.5,-1.27,0.254));
#1017 = VECTOR('',#1018,1.);
#1018 = DIRECTION('',(1.,0.,0.));
#1019 = ORIENTED_EDGE('',*,*,#175,.F.);
#1020 = PLANE('',#1021);
#1021 = AXIS2_PLACEMENT_3D('',#1022,#1023,#1024);
#1022 = CARTESIAN_POINT('',(1.5,-1.016,0.));
#1023 = DIRECTION('',(-0.,-0.707106781187,-0.707106781187));
#1024 = DIRECTION('',(0.,-0.707106781187,0.707106781187));
#1025 = ADVANCED_FACE('',(#1026),#1037,.T.);
#1026 = FACE_BOUND('',#1027,.T.);
#1027 = EDGE_LOOP('',(#1028,#1034,#1035,#1036));
#1028 = ORIENTED_EDGE('',*,*,#1029,.T.);
#1029 = EDGE_CURVE('',#384,#795,#1030,.T.);
#1030 = LINE('',#1031,#1032);
#1031 = CARTESIAN_POINT('',(1.5,-1.016,2.54));
#1032 = VECTOR('',#1033,1.);
#1033 = DIRECTION('',(1.,0.,0.));
#1034 = ORIENTED_EDGE('',*,*,#802,.T.);
#1035 = ORIENTED_EDGE('',*,*,#995,.F.);
#1036 = ORIENTED_EDGE('',*,*,#391,.F.);
#1037 = PLANE('',#1038);
#1038 = AXIS2_PLACEMENT_3D('',#1039,#1040,#1041);
#1039 = CARTESIAN_POINT('',(1.5,-1.016,2.54));
#1040 = DIRECTION('',(0.,0.,1.));
#1041 = DIRECTION('',(0.,1.,0.));
#1042 = ADVANCED_FACE('',(#1043),#1054,.T.);
#1043 = FACE_BOUND('',#1044,.T.);
#1044 = EDGE_LOOP('',(#1045,#1046,#1047,#1053));
#1045 = ORIENTED_EDGE('',*,*,#1014,.T.);
#1046 = ORIENTED_EDGE('',*,*,#594,.T.);
#1047 = ORIENTED_EDGE('',*,*,#1048,.F.);
#1048 = EDGE_CURVE('',#184,#595,#1049,.T.);
#1049 = LINE('',#1050,#1051);
#1050 = CARTESIAN_POINT('',(1.5,-1.524,0.));
#1051 = VECTOR('',#1052,1.);
#1052 = DIRECTION('',(1.,0.,0.));
#1053 = ORIENTED_EDGE('',*,*,#183,.F.);
#1054 = PLANE('',#1055);
#1055 = AXIS2_PLACEMENT_3D('',#1056,#1057,#1058);
#1056 = CARTESIAN_POINT('',(1.5,-1.27,0.254));
#1057 = DIRECTION('',(0.,0.707106781187,-0.707106781187));
#1058 = DIRECTION('',(0.,-0.707106781187,-0.707106781187));
#1059 = ADVANCED_FACE('',(#1060),#1071,.T.);
#1060 = FACE_BOUND('',#1061,.T.);
#1061 = EDGE_LOOP('',(#1062,#1068,#1069,#1070));
#1062 = ORIENTED_EDGE('',*,*,#1063,.T.);
#1063 = EDGE_CURVE('',#376,#787,#1064,.T.);
#1064 = LINE('',#1065,#1066);
#1065 = CARTESIAN_POINT('',(1.5,-1.27,2.286));
#1066 = VECTOR('',#1067,1.);
#1067 = DIRECTION('',(1.,0.,0.));
#1068 = ORIENTED_EDGE('',*,*,#794,.T.);
#1069 = ORIENTED_EDGE('',*,*,#1029,.F.);
#1070 = ORIENTED_EDGE('',*,*,#383,.F.);
#1071 = PLANE('',#1072);
#1072 = AXIS2_PLACEMENT_3D('',#1073,#1074,#1075);
#1073 = CARTESIAN_POINT('',(1.5,-1.27,2.286));
#1074 = DIRECTION('',(0.,-0.707106781187,0.707106781187));
#1075 = DIRECTION('',(0.,0.707106781187,0.707106781187));
#1076 = ADVANCED_FACE('',(#1077),#1088,.T.);
#1077 = FACE_BOUND('',#1078,.T.);
#1078 = EDGE_LOOP('',(#1079,#1080,#1081,#1087));
#1079 = ORIENTED_EDGE('',*,*,#1048,.T.);
#1080 = ORIENTED_EDGE('',*,*,#602,.T.);
#1081 = ORIENTED_EDGE('',*,*,#1082,.F.);
#1082 = EDGE_CURVE('',#192,#603,#1083,.T.);
#1083 = LINE('',#1084,#1085);
#1084 = CARTESIAN_POINT('',(1.5,-3.556,0.));
#1085 = VECTOR('',#1086,1.);
#1086 = DIRECTION('',(1.,0.,0.));
#1087 = ORIENTED_EDGE('',*,*,#191,.F.);
#1088 = PLANE('',#1089);
#1089 = AXIS2_PLACEMENT_3D('',#1090,#1091,#1092);
#1090 = CARTESIAN_POINT('',(1.5,-1.524,0.));
#1091 = DIRECTION('',(-0.,-0.,-1.));
#1092 = DIRECTION('',(0.,-1.,0.));
#1093 = ADVANCED_FACE('',(#1094),#1105,.T.);
#1094 = FACE_BOUND('',#1095,.T.);
#1095 = EDGE_LOOP('',(#1096,#1102,#1103,#1104));
#1096 = ORIENTED_EDGE('',*,*,#1097,.T.);
#1097 = EDGE_CURVE('',#368,#779,#1098,.T.);
#1098 = LINE('',#1099,#1100);
#1099 = CARTESIAN_POINT('',(1.5,-1.524,2.54));
#1100 = VECTOR('',#1101,1.);
#1101 = DIRECTION('',(1.,0.,0.));
#1102 = ORIENTED_EDGE('',*,*,#786,.T.);
#1103 = ORIENTED_EDGE('',*,*,#1063,.F.);
#1104 = ORIENTED_EDGE('',*,*,#375,.F.);
#1105 = PLANE('',#1106);
#1106 = AXIS2_PLACEMENT_3D('',#1107,#1108,#1109);
#1107 = CARTESIAN_POINT('',(1.5,-1.524,2.54));
#1108 = DIRECTION('',(0.,0.707106781187,0.707106781187));
#1109 = DIRECTION('',(0.,0.707106781187,-0.707106781187));
#1110 = ADVANCED_FACE('',(#1111),#1122,.T.);
#1111 = FACE_BOUND('',#1112,.T.);
#1112 = EDGE_LOOP('',(#1113,#1114,#1115,#1121));
#1113 = ORIENTED_EDGE('',*,*,#1082,.T.);
#1114 = ORIENTED_EDGE('',*,*,#610,.T.);
#1115 = ORIENTED_EDGE('',*,*,#1116,.F.);
#1116 = EDGE_CURVE('',#200,#611,#1117,.T.);
#1117 = LINE('',#1118,#1119);
#1118 = CARTESIAN_POINT('',(1.5,-3.81,0.254));
#1119 = VECTOR('',#1120,1.);
#1120 = DIRECTION('',(1.,0.,0.));
#1121 = ORIENTED_EDGE('',*,*,#199,.F.);
#1122 = PLANE('',#1123);
#1123 = AXIS2_PLACEMENT_3D('',#1124,#1125,#1126);
#1124 = CARTESIAN_POINT('',(1.5,-3.556,0.));
#1125 = DIRECTION('',(-0.,-0.707106781187,-0.707106781187));
#1126 = DIRECTION('',(0.,-0.707106781187,0.707106781187));
#1127 = ADVANCED_FACE('',(#1128),#1139,.T.);
#1128 = FACE_BOUND('',#1129,.T.);
#1129 = EDGE_LOOP('',(#1130,#1136,#1137,#1138));
#1130 = ORIENTED_EDGE('',*,*,#1131,.T.);
#1131 = EDGE_CURVE('',#360,#771,#1132,.T.);
#1132 = LINE('',#1133,#1134);
#1133 = CARTESIAN_POINT('',(1.5,-3.556,2.54));
#1134 = VECTOR('',#1135,1.);
#1135 = DIRECTION('',(1.,0.,0.));
#1136 = ORIENTED_EDGE('',*,*,#778,.T.);
#1137 = ORIENTED_EDGE('',*,*,#1097,.F.);
#1138 = ORIENTED_EDGE('',*,*,#367,.F.);
#1139 = PLANE('',#1140);
#1140 = AXIS2_PLACEMENT_3D('',#1141,#1142,#1143);
#1141 = CARTESIAN_POINT('',(1.5,-3.556,2.54));
#1142 = DIRECTION('',(0.,0.,1.));
#1143 = DIRECTION('',(0.,1.,0.));
#1144 = ADVANCED_FACE('',(#1145),#1156,.T.);
#1145 = FACE_BOUND('',#1146,.T.);
#1146 = EDGE_LOOP('',(#1147,#1148,#1149,#1155));
#1147 = ORIENTED_EDGE('',*,*,#1116,.T.);
#1148 = ORIENTED_EDGE('',*,*,#618,.T.);
#1149 = ORIENTED_EDGE('',*,*,#1150,.F.);
#1150 = EDGE_CURVE('',#208,#619,#1151,.T.);
#1151 = LINE('',#1152,#1153);
#1152 = CARTESIAN_POINT('',(1.5,-4.064,0.));
#1153 = VECTOR('',#1154,1.);
#1154 = DIRECTION('',(1.,0.,0.));
#1155 = ORIENTED_EDGE('',*,*,#207,.F.);
#1156 = PLANE('',#1157);
#1157 = AXIS2_PLACEMENT_3D('',#1158,#1159,#1160);
#1158 = CARTESIAN_POINT('',(1.5,-3.81,0.254));
#1159 = DIRECTION('',(0.,0.707106781187,-0.707106781187));
#1160 = DIRECTION('',(0.,-0.707106781187,-0.707106781187));
#1161 = ADVANCED_FACE('',(#1162),#1173,.T.);
#1162 = FACE_BOUND('',#1163,.T.);
#1163 = EDGE_LOOP('',(#1164,#1170,#1171,#1172));
#1164 = ORIENTED_EDGE('',*,*,#1165,.T.);
#1165 = EDGE_CURVE('',#352,#763,#1166,.T.);
#1166 = LINE('',#1167,#1168);
#1167 = CARTESIAN_POINT('',(1.5,-3.81,2.286));
#1168 = VECTOR('',#1169,1.);
#1169 = DIRECTION('',(1.,0.,0.));
#1170 = ORIENTED_EDGE('',*,*,#770,.T.);
#1171 = ORIENTED_EDGE('',*,*,#1131,.F.);
#1172 = ORIENTED_EDGE('',*,*,#359,.F.);
#1173 = PLANE('',#1174);
#1174 = AXIS2_PLACEMENT_3D('',#1175,#1176,#1177);
#1175 = CARTESIAN_POINT('',(1.5,-3.81,2.286));
#1176 = DIRECTION('',(0.,-0.707106781187,0.707106781187));
#1177 = DIRECTION('',(0.,0.707106781187,0.707106781187));
#1178 = ADVANCED_FACE('',(#1179),#1190,.T.);
#1179 = FACE_BOUND('',#1180,.T.);
#1180 = EDGE_LOOP('',(#1181,#1182,#1183,#1189));
#1181 = ORIENTED_EDGE('',*,*,#1150,.T.);
#1182 = ORIENTED_EDGE('',*,*,#626,.T.);
#1183 = ORIENTED_EDGE('',*,*,#1184,.F.);
#1184 = EDGE_CURVE('',#216,#627,#1185,.T.);
#1185 = LINE('',#1186,#1187);
#1186 = CARTESIAN_POINT('',(1.5,-6.096,0.));
#1187 = VECTOR('',#1188,1.);
#1188 = DIRECTION('',(1.,0.,0.));
#1189 = ORIENTED_EDGE('',*,*,#215,.F.);
#1190 = PLANE('',#1191);
#1191 = AXIS2_PLACEMENT_3D('',#1192,#1193,#1194);
#1192 = CARTESIAN_POINT('',(1.5,-4.064,0.));
#1193 = DIRECTION('',(-0.,-0.,-1.));
#1194 = DIRECTION('',(0.,-1.,0.));
#1195 = ADVANCED_FACE('',(#1196),#1207,.T.);
#1196 = FACE_BOUND('',#1197,.T.);
#1197 = EDGE_LOOP('',(#1198,#1204,#1205,#1206));
#1198 = ORIENTED_EDGE('',*,*,#1199,.T.);
#1199 = EDGE_CURVE('',#344,#755,#1200,.T.);
#1200 = LINE('',#1201,#1202);
#1201 = CARTESIAN_POINT('',(1.5,-4.064,2.54));
#1202 = VECTOR('',#1203,1.);
#1203 = DIRECTION('',(1.,0.,0.));
#1204 = ORIENTED_EDGE('',*,*,#762,.T.);
#1205 = ORIENTED_EDGE('',*,*,#1165,.F.);
#1206 = ORIENTED_EDGE('',*,*,#351,.F.);
#1207 = PLANE('',#1208);
#1208 = AXIS2_PLACEMENT_3D('',#1209,#1210,#1211);
#1209 = CARTESIAN_POINT('',(1.5,-4.064,2.54));
#1210 = DIRECTION('',(0.,0.707106781187,0.707106781187));
#1211 = DIRECTION('',(0.,0.707106781187,-0.707106781187));
#1212 = ADVANCED_FACE('',(#1213),#1224,.T.);
#1213 = FACE_BOUND('',#1214,.T.);
#1214 = EDGE_LOOP('',(#1215,#1216,#1217,#1223));
#1215 = ORIENTED_EDGE('',*,*,#1184,.T.);
#1216 = ORIENTED_EDGE('',*,*,#634,.T.);
#1217 = ORIENTED_EDGE('',*,*,#1218,.F.);
#1218 = EDGE_CURVE('',#224,#635,#1219,.T.);
#1219 = LINE('',#1220,#1221);
#1220 = CARTESIAN_POINT('',(1.5,-6.35,0.254));
#1221 = VECTOR('',#1222,1.);
#1222 = DIRECTION('',(1.,0.,0.));
#1223 = ORIENTED_EDGE('',*,*,#223,.F.);
#1224 = PLANE('',#1225);
#1225 = AXIS2_PLACEMENT_3D('',#1226,#1227,#1228);
#1226 = CARTESIAN_POINT('',(1.5,-6.096,0.));
#1227 = DIRECTION('',(-0.,-0.707106781187,-0.707106781187));
#1228 = DIRECTION('',(0.,-0.707106781187,0.707106781187));
#1229 = ADVANCED_FACE('',(#1230),#1241,.T.);
#1230 = FACE_BOUND('',#1231,.T.);
#1231 = EDGE_LOOP('',(#1232,#1238,#1239,#1240));
#1232 = ORIENTED_EDGE('',*,*,#1233,.T.);
#1233 = EDGE_CURVE('',#336,#747,#1234,.T.);
#1234 = LINE('',#1235,#1236);
#1235 = CARTESIAN_POINT('',(1.5,-6.096,2.54));
#1236 = VECTOR('',#1237,1.);
#1237 = DIRECTION('',(1.,0.,0.));
#1238 = ORIENTED_EDGE('',*,*,#754,.T.);
#1239 = ORIENTED_EDGE('',*,*,#1199,.F.);
#1240 = ORIENTED_EDGE('',*,*,#343,.F.);
#1241 = PLANE('',#1242);
#1242 = AXIS2_PLACEMENT_3D('',#1243,#1244,#1245);
#1243 = CARTESIAN_POINT('',(1.5,-6.096,2.54));
#1244 = DIRECTION('',(0.,0.,1.));
#1245 = DIRECTION('',(0.,1.,0.));
#1246 = ADVANCED_FACE('',(#1247),#1258,.T.);
#1247 = FACE_BOUND('',#1248,.T.);
#1248 = EDGE_LOOP('',(#1249,#1250,#1251,#1257));
#1249 = ORIENTED_EDGE('',*,*,#1218,.T.);
#1250 = ORIENTED_EDGE('',*,*,#642,.T.);
#1251 = ORIENTED_EDGE('',*,*,#1252,.F.);
#1252 = EDGE_CURVE('',#232,#643,#1253,.T.);
#1253 = LINE('',#1254,#1255);
#1254 = CARTESIAN_POINT('',(1.5,-6.604,0.));
#1255 = VECTOR('',#1256,1.);
#1256 = DIRECTION('',(1.,0.,0.));
#1257 = ORIENTED_EDGE('',*,*,#231,.F.);
#1258 = PLANE('',#1259);
#1259 = AXIS2_PLACEMENT_3D('',#1260,#1261,#1262);
#1260 = CARTESIAN_POINT('',(1.5,-6.35,0.254));
#1261 = DIRECTION('',(0.,0.707106781187,-0.707106781187));
#1262 = DIRECTION('',(0.,-0.707106781187,-0.707106781187));
#1263 = ADVANCED_FACE('',(#1264),#1275,.T.);
#1264 = FACE_BOUND('',#1265,.T.);
#1265 = EDGE_LOOP('',(#1266,#1272,#1273,#1274));
#1266 = ORIENTED_EDGE('',*,*,#1267,.T.);
#1267 = EDGE_CURVE('',#328,#739,#1268,.T.);
#1268 = LINE('',#1269,#1270);
#1269 = CARTESIAN_POINT('',(1.5,-6.35,2.286));
#1270 = VECTOR('',#1271,1.);
#1271 = DIRECTION('',(1.,0.,0.));
#1272 = ORIENTED_EDGE('',*,*,#746,.T.);
#1273 = ORIENTED_EDGE('',*,*,#1233,.F.);
#1274 = ORIENTED_EDGE('',*,*,#335,.F.);
#1275 = PLANE('',#1276);
#1276 = AXIS2_PLACEMENT_3D('',#1277,#1278,#1279);
#1277 = CARTESIAN_POINT('',(1.5,-6.35,2.286));
#1278 = DIRECTION('',(0.,-0.707106781187,0.707106781187));
#1279 = DIRECTION('',(0.,0.707106781187,0.707106781187));
#1280 = ADVANCED_FACE('',(#1281),#1292,.T.);
#1281 = FACE_BOUND('',#1282,.T.);
#1282 = EDGE_LOOP('',(#1283,#1284,#1285,#1291));
#1283 = ORIENTED_EDGE('',*,*,#1252,.T.);
#1284 = ORIENTED_EDGE('',*,*,#650,.T.);
#1285 = ORIENTED_EDGE('',*,*,#1286,.F.);
#1286 = EDGE_CURVE('',#240,#651,#1287,.T.);
#1287 = LINE('',#1288,#1289);
#1288 = CARTESIAN_POINT('',(1.5,-8.636,0.));
#1289 = VECTOR('',#1290,1.);
#1290 = DIRECTION('',(1.,0.,0.));
#1291 = ORIENTED_EDGE('',*,*,#239,.F.);
#1292 = PLANE('',#1293);
#1293 = AXIS2_PLACEMENT_3D('',#1294,#1295,#1296);
#1294 = CARTESIAN_POINT('',(1.5,-6.604,0.));
#1295 = DIRECTION('',(-0.,-0.,-1.));
#1296 = DIRECTION('',(0.,-1.,0.));
#1297 = ADVANCED_FACE('',(#1298),#1309,.T.);
#1298 = FACE_BOUND('',#1299,.T.);
#1299 = EDGE_LOOP('',(#1300,#1306,#1307,#1308));
#1300 = ORIENTED_EDGE('',*,*,#1301,.T.);
#1301 = EDGE_CURVE('',#320,#731,#1302,.T.);
#1302 = LINE('',#1303,#1304);
#1303 = CARTESIAN_POINT('',(1.5,-6.604,2.54));
#1304 = VECTOR('',#1305,1.);
#1305 = DIRECTION('',(1.,0.,0.));
#1306 = ORIENTED_EDGE('',*,*,#738,.T.);
#1307 = ORIENTED_EDGE('',*,*,#1267,.F.);
#1308 = ORIENTED_EDGE('',*,*,#327,.F.);
#1309 = PLANE('',#1310);
#1310 = AXIS2_PLACEMENT_3D('',#1311,#1312,#1313);
#1311 = CARTESIAN_POINT('',(1.5,-6.604,2.54));
#1312 = DIRECTION('',(0.,0.707106781187,0.707106781187));
#1313 = DIRECTION('',(0.,0.707106781187,-0.707106781187));
#1314 = ADVANCED_FACE('',(#1315),#1326,.T.);
#1315 = FACE_BOUND('',#1316,.T.);
#1316 = EDGE_LOOP('',(#1317,#1318,#1319,#1325));
#1317 = ORIENTED_EDGE('',*,*,#1286,.T.);
#1318 = ORIENTED_EDGE('',*,*,#658,.T.);
#1319 = ORIENTED_EDGE('',*,*,#1320,.F.);
#1320 = EDGE_CURVE('',#248,#659,#1321,.T.);
#1321 = LINE('',#1322,#1323);
#1322 = CARTESIAN_POINT('',(1.5,-8.89,0.254));
#1323 = VECTOR('',#1324,1.);
#1324 = DIRECTION('',(1.,0.,0.));
#1325 = ORIENTED_EDGE('',*,*,#247,.F.);
#1326 = PLANE('',#1327);
#1327 = AXIS2_PLACEMENT_3D('',#1328,#1329,#1330);
#1328 = CARTESIAN_POINT('',(1.5,-8.636,0.));
#1329 = DIRECTION('',(-0.,-0.707106781187,-0.707106781187));
#1330 = DIRECTION('',(0.,-0.707106781187,0.707106781187));
#1331 = ADVANCED_FACE('',(#1332),#1343,.T.);
#1332 = FACE_BOUND('',#1333,.T.);
#1333 = EDGE_LOOP('',(#1334,#1340,#1341,#1342));
#1334 = ORIENTED_EDGE('',*,*,#1335,.T.);
#1335 = EDGE_CURVE('',#312,#723,#1336,.T.);
#1336 = LINE('',#1337,#1338);
#1337 = CARTESIAN_POINT('',(1.5,-8.636,2.54));
#1338 = VECTOR('',#1339,1.);
#1339 = DIRECTION('',(1.,0.,0.));
#1340 = ORIENTED_EDGE('',*,*,#730,.T.);
#1341 = ORIENTED_EDGE('',*,*,#1301,.F.);
#1342 = ORIENTED_EDGE('',*,*,#319,.F.);
#1343 = PLANE('',#1344);
#1344 = AXIS2_PLACEMENT_3D('',#1345,#1346,#1347);
#1345 = CARTESIAN_POINT('',(1.5,-8.636,2.54));
#1346 = DIRECTION('',(0.,0.,1.));
#1347 = DIRECTION('',(0.,1.,0.));
#1348 = ADVANCED_FACE('',(#1349),#1360,.T.);
#1349 = FACE_BOUND('',#1350,.T.);
#1350 = EDGE_LOOP('',(#1351,#1352,#1353,#1359));
#1351 = ORIENTED_EDGE('',*,*,#1320,.T.);
#1352 = ORIENTED_EDGE('',*,*,#666,.T.);
#1353 = ORIENTED_EDGE('',*,*,#1354,.F.);
#1354 = EDGE_CURVE('',#256,#667,#1355,.T.);
#1355 = LINE('',#1356,#1357);
#1356 = CARTESIAN_POINT('',(1.5,-9.144,0.));
#1357 = VECTOR('',#1358,1.);
#1358 = DIRECTION('',(1.,0.,0.));
#1359 = ORIENTED_EDGE('',*,*,#255,.F.);
#1360 = PLANE('',#1361);
#1361 = AXIS2_PLACEMENT_3D('',#1362,#1363,#1364);
#1362 = CARTESIAN_POINT('',(1.5,-8.89,0.254));
#1363 = DIRECTION('',(0.,0.707106781187,-0.707106781187));
#1364 = DIRECTION('',(0.,-0.707106781187,-0.707106781187));
#1365 = ADVANCED_FACE('',(#1366),#1377,.T.);
#1366 = FACE_BOUND('',#1367,.T.);
#1367 = EDGE_LOOP('',(#1368,#1374,#1375,#1376));
#1368 = ORIENTED_EDGE('',*,*,#1369,.T.);
#1369 = EDGE_CURVE('',#304,#715,#1370,.T.);
#1370 = LINE('',#1371,#1372);
#1371 = CARTESIAN_POINT('',(1.5,-8.89,2.286));
#1372 = VECTOR('',#1373,1.);
#1373 = DIRECTION('',(1.,0.,0.));
#1374 = ORIENTED_EDGE('',*,*,#722,.T.);
#1375 = ORIENTED_EDGE('',*,*,#1335,.F.);
#1376 = ORIENTED_EDGE('',*,*,#311,.F.);
#1377 = PLANE('',#1378);
#1378 = AXIS2_PLACEMENT_3D('',#1379,#1380,#1381);
#1379 = CARTESIAN_POINT('',(1.5,-8.89,2.286));
#1380 = DIRECTION('',(0.,-0.707106781187,0.707106781187));
#1381 = DIRECTION('',(0.,0.707106781187,0.707106781187));
#1382 = ADVANCED_FACE('',(#1383),#1394,.T.);
#1383 = FACE_BOUND('',#1384,.T.);
#1384 = EDGE_LOOP('',(#1385,#1386,#1387,#1393));
#1385 = ORIENTED_EDGE('',*,*,#1354,.T.);
#1386 = ORIENTED_EDGE('',*,*,#674,.T.);
#1387 = ORIENTED_EDGE('',*,*,#1388,.F.);
#1388 = EDGE_CURVE('',#264,#675,#1389,.T.);
#1389 = LINE('',#1390,#1391);
#1390 = CARTESIAN_POINT('',(1.5,-11.176,0.));
#1391 = VECTOR('',#1392,1.);
#1392 = DIRECTION('',(1.,0.,0.));
#1393 = ORIENTED_EDGE('',*,*,#263,.F.);
#1394 = PLANE('',#1395);
#1395 = AXIS2_PLACEMENT_3D('',#1396,#1397,#1398);
#1396 = CARTESIAN_POINT('',(1.5,-9.144,0.));
#1397 = DIRECTION('',(-0.,-0.,-1.));
#1398 = DIRECTION('',(0.,-1.,0.));
#1399 = ADVANCED_FACE('',(#1400),#1411,.T.);
#1400 = FACE_BOUND('',#1401,.T.);
#1401 = EDGE_LOOP('',(#1402,#1408,#1409,#1410));
#1402 = ORIENTED_EDGE('',*,*,#1403,.T.);
#1403 = EDGE_CURVE('',#296,#707,#1404,.T.);
#1404 = LINE('',#1405,#1406);
#1405 = CARTESIAN_POINT('',(1.5,-9.144,2.54));
#1406 = VECTOR('',#1407,1.);
#1407 = DIRECTION('',(1.,0.,0.));
#1408 = ORIENTED_EDGE('',*,*,#714,.T.);
#1409 = ORIENTED_EDGE('',*,*,#1369,.F.);
#1410 = ORIENTED_EDGE('',*,*,#303,.F.);
#1411 = PLANE('',#1412);
#1412 = AXIS2_PLACEMENT_3D('',#1413,#1414,#1415);
#1413 = CARTESIAN_POINT('',(1.5,-9.144,2.54));
#1414 = DIRECTION('',(0.,0.707106781187,0.707106781187));
#1415 = DIRECTION('',(0.,0.707106781187,-0.707106781187));
#1416 = ADVANCED_FACE('',(#1417),#1428,.T.);
#1417 = FACE_BOUND('',#1418,.T.);
#1418 = EDGE_LOOP('',(#1419,#1420,#1421,#1427));
#1419 = ORIENTED_EDGE('',*,*,#1388,.T.);
#1420 = ORIENTED_EDGE('',*,*,#682,.T.);
#1421 = ORIENTED_EDGE('',*,*,#1422,.F.);
#1422 = EDGE_CURVE('',#272,#683,#1423,.T.);
#1423 = LINE('',#1424,#1425);
#1424 = CARTESIAN_POINT('',(1.5,-11.43,0.254));
#1425 = VECTOR('',#1426,1.);
#1426 = DIRECTION('',(1.,0.,0.));
#1427 = ORIENTED_EDGE('',*,*,#271,.F.);
#1428 = PLANE('',#1429);
#1429 = AXIS2_PLACEMENT_3D('',#1430,#1431,#1432);
#1430 = CARTESIAN_POINT('',(1.5,-11.176,0.));
#1431 = DIRECTION('',(-0.,-0.707106781187,-0.707106781187));
#1432 = DIRECTION('',(0.,-0.707106781187,0.707106781187));
#1433 = ADVANCED_FACE('',(#1434),#1445,.T.);
#1434 = FACE_BOUND('',#1435,.T.);
#1435 = EDGE_LOOP('',(#1436,#1442,#1443,#1444));
#1436 = ORIENTED_EDGE('',*,*,#1437,.T.);
#1437 = EDGE_CURVE('',#288,#699,#1438,.T.);
#1438 = LINE('',#1439,#1440);
#1439 = CARTESIAN_POINT('',(1.5,-11.176,2.54));
#1440 = VECTOR('',#1441,1.);
#1441 = DIRECTION('',(1.,0.,0.));
#1442 = ORIENTED_EDGE('',*,*,#706,.T.);
#1443 = ORIENTED_EDGE('',*,*,#1403,.F.);
#1444 = ORIENTED_EDGE('',*,*,#295,.F.);
#1445 = PLANE('',#1446);
#1446 = AXIS2_PLACEMENT_3D('',#1447,#1448,#1449);
#1447 = CARTESIAN_POINT('',(1.5,-11.176,2.54));
#1448 = DIRECTION('',(0.,0.,1.));
#1449 = DIRECTION('',(0.,1.,0.));
#1450 = ADVANCED_FACE('',(#1451),#1462,.T.);
#1451 = FACE_BOUND('',#1452,.T.);
#1452 = EDGE_LOOP('',(#1453,#1454,#1455,#1461));
#1453 = ORIENTED_EDGE('',*,*,#1422,.T.);
#1454 = ORIENTED_EDGE('',*,*,#690,.T.);
#1455 = ORIENTED_EDGE('',*,*,#1456,.F.);
#1456 = EDGE_CURVE('',#280,#691,#1457,.T.);
#1457 = LINE('',#1458,#1459);
#1458 = CARTESIAN_POINT('',(1.5,-11.43,2.286));
#1459 = VECTOR('',#1460,1.);
#1460 = DIRECTION('',(1.,0.,0.));
#1461 = ORIENTED_EDGE('',*,*,#279,.F.);
#1462 = PLANE('',#1463);
#1463 = AXIS2_PLACEMENT_3D('',#1464,#1465,#1466);
#1464 = CARTESIAN_POINT('',(1.5,-11.43,0.254));
#1465 = DIRECTION('',(0.,-1.,0.));
#1466 = DIRECTION('',(0.,0.,1.));
#1467 = ADVANCED_FACE('',(#1468),#1474,.T.);
#1468 = FACE_BOUND('',#1469,.T.);
#1469 = EDGE_LOOP('',(#1470,#1471,#1472,#1473));
#1470 = ORIENTED_EDGE('',*,*,#1456,.T.);
#1471 = ORIENTED_EDGE('',*,*,#698,.T.);
#1472 = ORIENTED_EDGE('',*,*,#1437,.F.);
#1473 = ORIENTED_EDGE('',*,*,#287,.F.);
#1474 = PLANE('',#1475);
#1475 = AXIS2_PLACEMENT_3D('',#1476,#1477,#1478);
#1476 = CARTESIAN_POINT('',(1.5,-11.43,2.286));
#1477 = DIRECTION('',(0.,-0.707106781187,0.707106781187));
#1478 = DIRECTION('',(0.,0.707106781187,0.707106781187));
#1479 = ADVANCED_FACE('',(#1480),#1505,.T.);
#1480 = FACE_BOUND('',#1481,.T.);
#1481 = EDGE_LOOP('',(#1482,#1490,#1491,#1499));
#1482 = ORIENTED_EDGE('',*,*,#1483,.F.);
#1483 = EDGE_CURVE('',#409,#1484,#1486,.T.);
#1484 = VERTEX_POINT('',#1485);
#1485 = CARTESIAN_POINT('',(0.32,-2.22,0.95));
#1486 = LINE('',#1487,#1488);
#1487 = CARTESIAN_POINT('',(10.04,-2.22,0.95));
#1488 = VECTOR('',#1489,1.);
#1489 = DIRECTION('',(-1.,0.,0.));
#1490 = ORIENTED_EDGE('',*,*,#408,.T.);
#1491 = ORIENTED_EDGE('',*,*,#1492,.T.);
#1492 = EDGE_CURVE('',#411,#1493,#1495,.T.);
#1493 = VERTEX_POINT('',#1494);
#1494 = CARTESIAN_POINT('',(0.32,-2.86,0.95));
#1495 = LINE('',#1496,#1497);
#1496 = CARTESIAN_POINT('',(10.04,-2.86,0.95));
#1497 = VECTOR('',#1498,1.);
#1498 = DIRECTION('',(-1.,0.,0.));
#1499 = ORIENTED_EDGE('',*,*,#1500,.F.);
#1500 = EDGE_CURVE('',#1484,#1493,#1501,.T.);
#1501 = LINE('',#1502,#1503);
#1502 = CARTESIAN_POINT('',(0.32,-2.22,0.95));
#1503 = VECTOR('',#1504,1.);
#1504 = DIRECTION('',(0.,-1.,0.));
#1505 = PLANE('',#1506);
#1506 = AXIS2_PLACEMENT_3D('',#1507,#1508,#1509);
#1507 = CARTESIAN_POINT('',(10.04,-2.22,0.95));
#1508 = DIRECTION('',(-0.,-0.,-1.));
#1509 = DIRECTION('',(-1.,0.,0.));
#1510 = ADVANCED_FACE('',(#1511),#1554,.F.);
#1511 = FACE_BOUND('',#1512,.F.);
#1512 = EDGE_LOOP('',(#1513,#1524,#1530,#1531,#1532,#1540,#1548));
#1513 = ORIENTED_EDGE('',*,*,#1514,.T.);
#1514 = EDGE_CURVE('',#1515,#1517,#1519,.T.);
#1515 = VERTEX_POINT('',#1516);
#1516 = CARTESIAN_POINT('',(-0.32,-2.86,0.95));
#1517 = VERTEX_POINT('',#1518);
#1518 = CARTESIAN_POINT('',(0.32,-2.86,1.59));
#1519 = CIRCLE('',#1520,0.64);
#1520 = AXIS2_PLACEMENT_3D('',#1521,#1522,#1523);
#1521 = CARTESIAN_POINT('',(0.32,-2.86,0.95));
#1522 = DIRECTION('',(0.,1.,0.));
#1523 = DIRECTION('',(0.,0.,-1.));
#1524 = ORIENTED_EDGE('',*,*,#1525,.T.);
#1525 = EDGE_CURVE('',#1517,#427,#1526,.T.);
#1526 = LINE('',#1527,#1528);
#1527 = CARTESIAN_POINT('',(-0.32,-2.86,1.59));
#1528 = VECTOR('',#1529,1.);
#1529 = DIRECTION('',(1.,0.,2.143287692327E-17));
#1530 = ORIENTED_EDGE('',*,*,#434,.T.);
#1531 = ORIENTED_EDGE('',*,*,#1492,.T.);
#1532 = ORIENTED_EDGE('',*,*,#1533,.T.);
#1533 = EDGE_CURVE('',#1493,#1534,#1536,.T.);
#1534 = VERTEX_POINT('',#1535);
#1535 = CARTESIAN_POINT('',(0.32,-2.86,-2.84));
#1536 = LINE('',#1537,#1538);
#1537 = CARTESIAN_POINT('',(0.32,-2.86,0.95));
#1538 = VECTOR('',#1539,1.);
#1539 = DIRECTION('',(0.,0.,-1.));
#1540 = ORIENTED_EDGE('',*,*,#1541,.T.);
#1541 = EDGE_CURVE('',#1534,#1542,#1544,.T.);
#1542 = VERTEX_POINT('',#1543);
#1543 = CARTESIAN_POINT('',(-0.32,-2.86,-2.84));
#1544 = LINE('',#1545,#1546);
#1545 = CARTESIAN_POINT('',(0.32,-2.86,-2.84));
#1546 = VECTOR('',#1547,1.);
#1547 = DIRECTION('',(-1.,0.,0.));
#1548 = ORIENTED_EDGE('',*,*,#1549,.T.);
#1549 = EDGE_CURVE('',#1542,#1515,#1550,.T.);
#1550 = LINE('',#1551,#1552);
#1551 = CARTESIAN_POINT('',(-0.32,-2.86,-3.));
#1552 = VECTOR('',#1553,1.);
#1553 = DIRECTION('',(0.,0.,1.));
#1554 = PLANE('',#1555);
#1555 = AXIS2_PLACEMENT_3D('',#1556,#1557,#1558);
#1556 = CARTESIAN_POINT('',(3.575919732441,-2.86,0.579080267559));
#1557 = DIRECTION('',(1.030170245606E-33,1.,6.630961875715E-34));
#1558 = DIRECTION('',(1.,-1.030170245606E-33,0.));
#1559 = ADVANCED_FACE('',(#1560),#1578,.T.);
#1560 = FACE_BOUND('',#1561,.T.);
#1561 = EDGE_LOOP('',(#1562,#1570,#1576,#1577));
#1562 = ORIENTED_EDGE('',*,*,#1563,.F.);
#1563 = EDGE_CURVE('',#1564,#419,#1566,.T.);
#1564 = VERTEX_POINT('',#1565);
#1565 = CARTESIAN_POINT('',(0.32,-2.22,1.59));
#1566 = LINE('',#1567,#1568);
#1567 = CARTESIAN_POINT('',(-0.32,-2.22,1.59));
#1568 = VECTOR('',#1569,1.);
#1569 = DIRECTION('',(1.,0.,2.143287692327E-17));
#1570 = ORIENTED_EDGE('',*,*,#1571,.T.);
#1571 = EDGE_CURVE('',#1564,#1517,#1572,.T.);
#1572 = LINE('',#1573,#1574);
#1573 = CARTESIAN_POINT('',(0.32,-2.22,1.59));
#1574 = VECTOR('',#1575,1.);
#1575 = DIRECTION('',(0.,-1.,0.));
#1576 = ORIENTED_EDGE('',*,*,#1525,.T.);
#1577 = ORIENTED_EDGE('',*,*,#426,.T.);
#1578 = PLANE('',#1579);
#1579 = AXIS2_PLACEMENT_3D('',#1580,#1581,#1582);
#1580 = CARTESIAN_POINT('',(-0.32,-2.22,1.59));
#1581 = DIRECTION('',(-2.143287692327E-17,0.,1.));
#1582 = DIRECTION('',(1.,0.,2.143287692327E-17));
#1583 = ADVANCED_FACE('',(#1584),#1620,.T.);
#1584 = FACE_BOUND('',#1585,.T.);
#1585 = EDGE_LOOP('',(#1586,#1595,#1596,#1597,#1598,#1606,#1614));
#1586 = ORIENTED_EDGE('',*,*,#1587,.T.);
#1587 = EDGE_CURVE('',#1588,#1564,#1590,.T.);
#1588 = VERTEX_POINT('',#1589);
#1589 = CARTESIAN_POINT('',(-0.32,-2.22,0.95));
#1590 = CIRCLE('',#1591,0.64);
#1591 = AXIS2_PLACEMENT_3D('',#1592,#1593,#1594);
#1592 = CARTESIAN_POINT('',(0.32,-2.22,0.95));
#1593 = DIRECTION('',(0.,1.,0.));
#1594 = DIRECTION('',(0.,0.,-1.));
#1595 = ORIENTED_EDGE('',*,*,#1563,.T.);
#1596 = ORIENTED_EDGE('',*,*,#418,.T.);
#1597 = ORIENTED_EDGE('',*,*,#1483,.T.);
#1598 = ORIENTED_EDGE('',*,*,#1599,.T.);
#1599 = EDGE_CURVE('',#1484,#1600,#1602,.T.);
#1600 = VERTEX_POINT('',#1601);
#1601 = CARTESIAN_POINT('',(0.32,-2.22,-2.84));
#1602 = LINE('',#1603,#1604);
#1603 = CARTESIAN_POINT('',(0.32,-2.22,0.95));
#1604 = VECTOR('',#1605,1.);
#1605 = DIRECTION('',(0.,0.,-1.));
#1606 = ORIENTED_EDGE('',*,*,#1607,.T.);
#1607 = EDGE_CURVE('',#1600,#1608,#1610,.T.);
#1608 = VERTEX_POINT('',#1609);
#1609 = CARTESIAN_POINT('',(-0.32,-2.22,-2.84));
#1610 = LINE('',#1611,#1612);
#1611 = CARTESIAN_POINT('',(0.32,-2.22,-2.84));
#1612 = VECTOR('',#1613,1.);
#1613 = DIRECTION('',(-1.,0.,0.));
#1614 = ORIENTED_EDGE('',*,*,#1615,.T.);
#1615 = EDGE_CURVE('',#1608,#1588,#1616,.T.);
#1616 = LINE('',#1617,#1618);
#1617 = CARTESIAN_POINT('',(-0.32,-2.22,-3.));
#1618 = VECTOR('',#1619,1.);
#1619 = DIRECTION('',(0.,0.,1.));
#1620 = PLANE('',#1621);
#1621 = AXIS2_PLACEMENT_3D('',#1622,#1623,#1624);
#1622 = CARTESIAN_POINT('',(3.575919732441,-2.22,0.579080267559));
#1623 = DIRECTION('',(1.030170245606E-33,1.,6.630961875715E-34));
#1624 = DIRECTION('',(1.,-1.030170245606E-33,0.));
#1625 = ADVANCED_FACE('',(#1626),#1651,.T.);
#1626 = FACE_BOUND('',#1627,.T.);
#1627 = EDGE_LOOP('',(#1628,#1636,#1644,#1650));
#1628 = ORIENTED_EDGE('',*,*,#1629,.F.);
#1629 = EDGE_CURVE('',#1630,#445,#1632,.T.);
#1630 = VERTEX_POINT('',#1631);
#1631 = CARTESIAN_POINT('',(0.32,0.32,1.59));
#1632 = LINE('',#1633,#1634);
#1633 = CARTESIAN_POINT('',(-0.32,0.32,1.59));
#1634 = VECTOR('',#1635,1.);
#1635 = DIRECTION('',(1.,0.,2.143287692327E-17));
#1636 = ORIENTED_EDGE('',*,*,#1637,.T.);
#1637 = EDGE_CURVE('',#1630,#1638,#1640,.T.);
#1638 = VERTEX_POINT('',#1639);
#1639 = CARTESIAN_POINT('',(0.32,-0.32,1.59));
#1640 = LINE('',#1641,#1642);
#1641 = CARTESIAN_POINT('',(0.32,0.32,1.59));
#1642 = VECTOR('',#1643,1.);
#1643 = DIRECTION('',(0.,-1.,0.));
#1644 = ORIENTED_EDGE('',*,*,#1645,.T.);
#1645 = EDGE_CURVE('',#1638,#443,#1646,.T.);
#1646 = LINE('',#1647,#1648);
#1647 = CARTESIAN_POINT('',(-0.32,-0.32,1.59));
#1648 = VECTOR('',#1649,1.);
#1649 = DIRECTION('',(1.,0.,2.143287692327E-17));
#1650 = ORIENTED_EDGE('',*,*,#442,.T.);
#1651 = PLANE('',#1652);
#1652 = AXIS2_PLACEMENT_3D('',#1653,#1654,#1655);
#1653 = CARTESIAN_POINT('',(-0.32,0.32,1.59));
#1654 = DIRECTION('',(-2.143287692327E-17,0.,1.));
#1655 = DIRECTION('',(1.,0.,2.143287692327E-17));
#1656 = ADVANCED_FACE('',(#1657),#1700,.T.);
#1657 = FACE_BOUND('',#1658,.T.);
#1658 = EDGE_LOOP('',(#1659,#1668,#1669,#1670,#1678,#1686,#1694));
#1659 = ORIENTED_EDGE('',*,*,#1660,.T.);
#1660 = EDGE_CURVE('',#1661,#1630,#1663,.T.);
#1661 = VERTEX_POINT('',#1662);
#1662 = CARTESIAN_POINT('',(-0.32,0.32,0.95));
#1663 = CIRCLE('',#1664,0.64);
#1664 = AXIS2_PLACEMENT_3D('',#1665,#1666,#1667);
#1665 = CARTESIAN_POINT('',(0.32,0.32,0.95));
#1666 = DIRECTION('',(0.,1.,0.));
#1667 = DIRECTION('',(0.,0.,-1.));
#1668 = ORIENTED_EDGE('',*,*,#1629,.T.);
#1669 = ORIENTED_EDGE('',*,*,#468,.T.);
#1670 = ORIENTED_EDGE('',*,*,#1671,.T.);
#1671 = EDGE_CURVE('',#461,#1672,#1674,.T.);
#1672 = VERTEX_POINT('',#1673);
#1673 = CARTESIAN_POINT('',(0.32,0.32,0.95));
#1674 = LINE('',#1675,#1676);
#1675 = CARTESIAN_POINT('',(10.04,0.32,0.95));
#1676 = VECTOR('',#1677,1.);
#1677 = DIRECTION('',(-1.,0.,0.));
#1678 = ORIENTED_EDGE('',*,*,#1679,.T.);
#1679 = EDGE_CURVE('',#1672,#1680,#1682,.T.);
#1680 = VERTEX_POINT('',#1681);
#1681 = CARTESIAN_POINT('',(0.32,0.32,-2.84));
#1682 = LINE('',#1683,#1684);
#1683 = CARTESIAN_POINT('',(0.32,0.32,0.95));
#1684 = VECTOR('',#1685,1.);
#1685 = DIRECTION('',(0.,0.,-1.));
#1686 = ORIENTED_EDGE('',*,*,#1687,.T.);
#1687 = EDGE_CURVE('',#1680,#1688,#1690,.T.);
#1688 = VERTEX_POINT('',#1689);
#1689 = CARTESIAN_POINT('',(-0.32,0.32,-2.84));
#1690 = LINE('',#1691,#1692);
#1691 = CARTESIAN_POINT('',(0.32,0.32,-2.84));
#1692 = VECTOR('',#1693,1.);
#1693 = DIRECTION('',(-1.,0.,0.));
#1694 = ORIENTED_EDGE('',*,*,#1695,.T.);
#1695 = EDGE_CURVE('',#1688,#1661,#1696,.T.);
#1696 = LINE('',#1697,#1698);
#1697 = CARTESIAN_POINT('',(-0.32,0.32,-3.));
#1698 = VECTOR('',#1699,1.);
#1699 = DIRECTION('',(0.,0.,1.));
#1700 = PLANE('',#1701);
#1701 = AXIS2_PLACEMENT_3D('',#1702,#1703,#1704);
#1702 = CARTESIAN_POINT('',(3.575919732441,0.32,0.579080267559));
#1703 = DIRECTION('',(1.030170245606E-33,1.,6.630961875715E-34));
#1704 = DIRECTION('',(1.,-1.030170245606E-33,0.));
#1705 = ADVANCED_FACE('',(#1706),#1724,.T.);
#1706 = FACE_BOUND('',#1707,.T.);
#1707 = EDGE_LOOP('',(#1708,#1709,#1710,#1718));
#1708 = ORIENTED_EDGE('',*,*,#1671,.F.);
#1709 = ORIENTED_EDGE('',*,*,#460,.T.);
#1710 = ORIENTED_EDGE('',*,*,#1711,.T.);
#1711 = EDGE_CURVE('',#453,#1712,#1714,.T.);
#1712 = VERTEX_POINT('',#1713);
#1713 = CARTESIAN_POINT('',(0.32,-0.32,0.95));
#1714 = LINE('',#1715,#1716);
#1715 = CARTESIAN_POINT('',(10.04,-0.32,0.95));
#1716 = VECTOR('',#1717,1.);
#1717 = DIRECTION('',(-1.,0.,0.));
#1718 = ORIENTED_EDGE('',*,*,#1719,.F.);
#1719 = EDGE_CURVE('',#1672,#1712,#1720,.T.);
#1720 = LINE('',#1721,#1722);
#1721 = CARTESIAN_POINT('',(0.32,0.32,0.95));
#1722 = VECTOR('',#1723,1.);
#1723 = DIRECTION('',(0.,-1.,0.));
#1724 = PLANE('',#1725);
#1725 = AXIS2_PLACEMENT_3D('',#1726,#1727,#1728);
#1726 = CARTESIAN_POINT('',(10.04,0.32,0.95));
#1727 = DIRECTION('',(-0.,-0.,-1.));
#1728 = DIRECTION('',(-1.,0.,0.));
#1729 = ADVANCED_FACE('',(#1730),#1766,.F.);
#1730 = FACE_BOUND('',#1731,.F.);
#1731 = EDGE_LOOP('',(#1732,#1741,#1742,#1743,#1744,#1752,#1760));
#1732 = ORIENTED_EDGE('',*,*,#1733,.T.);
#1733 = EDGE_CURVE('',#1734,#1638,#1736,.T.);
#1734 = VERTEX_POINT('',#1735);
#1735 = CARTESIAN_POINT('',(-0.32,-0.32,0.95));
#1736 = CIRCLE('',#1737,0.64);
#1737 = AXIS2_PLACEMENT_3D('',#1738,#1739,#1740);
#1738 = CARTESIAN_POINT('',(0.32,-0.32,0.95));
#1739 = DIRECTION('',(0.,1.,0.));
#1740 = DIRECTION('',(0.,0.,-1.));
#1741 = ORIENTED_EDGE('',*,*,#1645,.T.);
#1742 = ORIENTED_EDGE('',*,*,#452,.T.);
#1743 = ORIENTED_EDGE('',*,*,#1711,.T.);
#1744 = ORIENTED_EDGE('',*,*,#1745,.T.);
#1745 = EDGE_CURVE('',#1712,#1746,#1748,.T.);
#1746 = VERTEX_POINT('',#1747);
#1747 = CARTESIAN_POINT('',(0.32,-0.32,-2.84));
#1748 = LINE('',#1749,#1750);
#1749 = CARTESIAN_POINT('',(0.32,-0.32,0.95));
#1750 = VECTOR('',#1751,1.);
#1751 = DIRECTION('',(0.,0.,-1.));
#1752 = ORIENTED_EDGE('',*,*,#1753,.T.);
#1753 = EDGE_CURVE('',#1746,#1754,#1756,.T.);
#1754 = VERTEX_POINT('',#1755);
#1755 = CARTESIAN_POINT('',(-0.32,-0.32,-2.84));
#1756 = LINE('',#1757,#1758);
#1757 = CARTESIAN_POINT('',(0.32,-0.32,-2.84));
#1758 = VECTOR('',#1759,1.);
#1759 = DIRECTION('',(-1.,0.,0.));
#1760 = ORIENTED_EDGE('',*,*,#1761,.T.);
#1761 = EDGE_CURVE('',#1754,#1734,#1762,.T.);
#1762 = LINE('',#1763,#1764);
#1763 = CARTESIAN_POINT('',(-0.32,-0.32,-3.));
#1764 = VECTOR('',#1765,1.);
#1765 = DIRECTION('',(0.,0.,1.));
#1766 = PLANE('',#1767);
#1767 = AXIS2_PLACEMENT_3D('',#1768,#1769,#1770);
#1768 = CARTESIAN_POINT('',(3.575919732441,-0.32,0.579080267559));
#1769 = DIRECTION('',(1.030170245606E-33,1.,6.630961875715E-34));
#1770 = DIRECTION('',(1.,-1.030170245606E-33,0.));
#1771 = ADVANCED_FACE('',(#1772),#1822,.T.);
#1772 = FACE_BOUND('',#1773,.T.);
#1773 = EDGE_LOOP('',(#1774,#1785,#1791,#1792,#1800,#1808,#1816));
#1774 = ORIENTED_EDGE('',*,*,#1775,.T.);
#1775 = EDGE_CURVE('',#1776,#1778,#1780,.T.);
#1776 = VERTEX_POINT('',#1777);
#1777 = CARTESIAN_POINT('',(-0.32,-4.76,0.95));
#1778 = VERTEX_POINT('',#1779);
#1779 = CARTESIAN_POINT('',(0.32,-4.76,1.59));
#1780 = CIRCLE('',#1781,0.64);
#1781 = AXIS2_PLACEMENT_3D('',#1782,#1783,#1784);
#1782 = CARTESIAN_POINT('',(0.32,-4.76,0.95));
#1783 = DIRECTION('',(0.,1.,0.));
#1784 = DIRECTION('',(0.,0.,-1.));
#1785 = ORIENTED_EDGE('',*,*,#1786,.T.);
#1786 = EDGE_CURVE('',#1778,#477,#1787,.T.);
#1787 = LINE('',#1788,#1789);
#1788 = CARTESIAN_POINT('',(-0.32,-4.76,1.59));
#1789 = VECTOR('',#1790,1.);
#1790 = DIRECTION('',(1.,0.,2.143287692327E-17));
#1791 = ORIENTED_EDGE('',*,*,#476,.T.);
#1792 = ORIENTED_EDGE('',*,*,#1793,.T.);
#1793 = EDGE_CURVE('',#479,#1794,#1796,.T.);
#1794 = VERTEX_POINT('',#1795);
#1795 = CARTESIAN_POINT('',(0.32,-4.76,0.95));
#1796 = LINE('',#1797,#1798);
#1797 = CARTESIAN_POINT('',(10.04,-4.76,0.95));
#1798 = VECTOR('',#1799,1.);
#1799 = DIRECTION('',(-1.,0.,0.));
#1800 = ORIENTED_EDGE('',*,*,#1801,.T.);
#1801 = EDGE_CURVE('',#1794,#1802,#1804,.T.);
#1802 = VERTEX_POINT('',#1803);
#1803 = CARTESIAN_POINT('',(0.32,-4.76,-2.84));
#1804 = LINE('',#1805,#1806);
#1805 = CARTESIAN_POINT('',(0.32,-4.76,0.95));
#1806 = VECTOR('',#1807,1.);
#1807 = DIRECTION('',(0.,0.,-1.));
#1808 = ORIENTED_EDGE('',*,*,#1809,.T.);
#1809 = EDGE_CURVE('',#1802,#1810,#1812,.T.);
#1810 = VERTEX_POINT('',#1811);
#1811 = CARTESIAN_POINT('',(-0.32,-4.76,-2.84));
#1812 = LINE('',#1813,#1814);
#1813 = CARTESIAN_POINT('',(0.32,-4.76,-2.84));
#1814 = VECTOR('',#1815,1.);
#1815 = DIRECTION('',(-1.,0.,0.));
#1816 = ORIENTED_EDGE('',*,*,#1817,.T.);
#1817 = EDGE_CURVE('',#1810,#1776,#1818,.T.);
#1818 = LINE('',#1819,#1820);
#1819 = CARTESIAN_POINT('',(-0.32,-4.76,-3.));
#1820 = VECTOR('',#1821,1.);
#1821 = DIRECTION('',(0.,0.,1.));
#1822 = PLANE('',#1823);
#1823 = AXIS2_PLACEMENT_3D('',#1824,#1825,#1826);
#1824 = CARTESIAN_POINT('',(3.575919732441,-4.76,0.579080267559));
#1825 = DIRECTION('',(1.030170245606E-33,1.,6.630961875715E-34));
#1826 = DIRECTION('',(1.,-1.030170245606E-33,0.));
#1827 = ADVANCED_FACE('',(#1828),#1846,.T.);
#1828 = FACE_BOUND('',#1829,.T.);
#1829 = EDGE_LOOP('',(#1830,#1831,#1832,#1840));
#1830 = ORIENTED_EDGE('',*,*,#1793,.F.);
#1831 = ORIENTED_EDGE('',*,*,#502,.T.);
#1832 = ORIENTED_EDGE('',*,*,#1833,.T.);
#1833 = EDGE_CURVE('',#495,#1834,#1836,.T.);
#1834 = VERTEX_POINT('',#1835);
#1835 = CARTESIAN_POINT('',(0.32,-5.4,0.95));
#1836 = LINE('',#1837,#1838);
#1837 = CARTESIAN_POINT('',(10.04,-5.4,0.95));
#1838 = VECTOR('',#1839,1.);
#1839 = DIRECTION('',(-1.,0.,0.));
#1840 = ORIENTED_EDGE('',*,*,#1841,.F.);
#1841 = EDGE_CURVE('',#1794,#1834,#1842,.T.);
#1842 = LINE('',#1843,#1844);
#1843 = CARTESIAN_POINT('',(0.32,-4.76,0.95));
#1844 = VECTOR('',#1845,1.);
#1845 = DIRECTION('',(0.,-1.,0.));
#1846 = PLANE('',#1847);
#1847 = AXIS2_PLACEMENT_3D('',#1848,#1849,#1850);
#1848 = CARTESIAN_POINT('',(10.04,-4.76,0.95));
#1849 = DIRECTION('',(-0.,-0.,-1.));
#1850 = DIRECTION('',(-1.,0.,0.));
#1851 = ADVANCED_FACE('',(#1852),#1895,.F.);
#1852 = FACE_BOUND('',#1853,.F.);
#1853 = EDGE_LOOP('',(#1854,#1865,#1871,#1872,#1873,#1881,#1889));
#1854 = ORIENTED_EDGE('',*,*,#1855,.T.);
#1855 = EDGE_CURVE('',#1856,#1858,#1860,.T.);
#1856 = VERTEX_POINT('',#1857);
#1857 = CARTESIAN_POINT('',(-0.32,-5.4,0.95));
#1858 = VERTEX_POINT('',#1859);
#1859 = CARTESIAN_POINT('',(0.32,-5.4,1.59));
#1860 = CIRCLE('',#1861,0.64);
#1861 = AXIS2_PLACEMENT_3D('',#1862,#1863,#1864);
#1862 = CARTESIAN_POINT('',(0.32,-5.4,0.95));
#1863 = DIRECTION('',(0.,1.,0.));
#1864 = DIRECTION('',(0.,0.,-1.));
#1865 = ORIENTED_EDGE('',*,*,#1866,.T.);
#1866 = EDGE_CURVE('',#1858,#487,#1867,.T.);
#1867 = LINE('',#1868,#1869);
#1868 = CARTESIAN_POINT('',(-0.32,-5.4,1.59));
#1869 = VECTOR('',#1870,1.);
#1870 = DIRECTION('',(1.,0.,2.143287692327E-17));
#1871 = ORIENTED_EDGE('',*,*,#494,.T.);
#1872 = ORIENTED_EDGE('',*,*,#1833,.T.);
#1873 = ORIENTED_EDGE('',*,*,#1874,.T.);
#1874 = EDGE_CURVE('',#1834,#1875,#1877,.T.);
#1875 = VERTEX_POINT('',#1876);
#1876 = CARTESIAN_POINT('',(0.32,-5.4,-2.84));
#1877 = LINE('',#1878,#1879);
#1878 = CARTESIAN_POINT('',(0.32,-5.4,0.95));
#1879 = VECTOR('',#1880,1.);
#1880 = DIRECTION('',(0.,0.,-1.));
#1881 = ORIENTED_EDGE('',*,*,#1882,.T.);
#1882 = EDGE_CURVE('',#1875,#1883,#1885,.T.);
#1883 = VERTEX_POINT('',#1884);
#1884 = CARTESIAN_POINT('',(-0.32,-5.4,-2.84));
#1885 = LINE('',#1886,#1887);
#1886 = CARTESIAN_POINT('',(0.32,-5.4,-2.84));
#1887 = VECTOR('',#1888,1.);
#1888 = DIRECTION('',(-1.,0.,0.));
#1889 = ORIENTED_EDGE('',*,*,#1890,.T.);
#1890 = EDGE_CURVE('',#1883,#1856,#1891,.T.);
#1891 = LINE('',#1892,#1893);
#1892 = CARTESIAN_POINT('',(-0.32,-5.4,-3.));
#1893 = VECTOR('',#1894,1.);
#1894 = DIRECTION('',(0.,0.,1.));
#1895 = PLANE('',#1896);
#1896 = AXIS2_PLACEMENT_3D('',#1897,#1898,#1899);
#1897 = CARTESIAN_POINT('',(3.575919732441,-5.4,0.579080267559));
#1898 = DIRECTION('',(1.030170245606E-33,1.,6.630961875715E-34));
#1899 = DIRECTION('',(1.,-1.030170245606E-33,0.));
#1900 = ADVANCED_FACE('',(#1901),#1912,.T.);
#1901 = FACE_BOUND('',#1902,.T.);
#1902 = EDGE_LOOP('',(#1903,#1904,#1910,#1911));
#1903 = ORIENTED_EDGE('',*,*,#1786,.F.);
#1904 = ORIENTED_EDGE('',*,*,#1905,.T.);
#1905 = EDGE_CURVE('',#1778,#1858,#1906,.T.);
#1906 = LINE('',#1907,#1908);
#1907 = CARTESIAN_POINT('',(0.32,-4.76,1.59));
#1908 = VECTOR('',#1909,1.);
#1909 = DIRECTION('',(0.,-1.,0.));
#1910 = ORIENTED_EDGE('',*,*,#1866,.T.);
#1911 = ORIENTED_EDGE('',*,*,#486,.T.);
#1912 = PLANE('',#1913);
#1913 = AXIS2_PLACEMENT_3D('',#1914,#1915,#1916);
#1914 = CARTESIAN_POINT('',(-0.32,-4.76,1.59));
#1915 = DIRECTION('',(-2.143287692327E-17,0.,1.));
#1916 = DIRECTION('',(1.,0.,2.143287692327E-17));
#1917 = ADVANCED_FACE('',(#1918),#1943,.T.);
#1918 = FACE_BOUND('',#1919,.T.);
#1919 = EDGE_LOOP('',(#1920,#1928,#1936,#1942));
#1920 = ORIENTED_EDGE('',*,*,#1921,.F.);
#1921 = EDGE_CURVE('',#1922,#513,#1924,.T.);
#1922 = VERTEX_POINT('',#1923);
#1923 = CARTESIAN_POINT('',(0.32,-9.84,1.59));
#1924 = LINE('',#1925,#1926);
#1925 = CARTESIAN_POINT('',(-0.32,-9.84,1.59));
#1926 = VECTOR('',#1927,1.);
#1927 = DIRECTION('',(1.,0.,2.143287692327E-17));
#1928 = ORIENTED_EDGE('',*,*,#1929,.T.);
#1929 = EDGE_CURVE('',#1922,#1930,#1932,.T.);
#1930 = VERTEX_POINT('',#1931);
#1931 = CARTESIAN_POINT('',(0.32,-10.48,1.59));
#1932 = LINE('',#1933,#1934);
#1933 = CARTESIAN_POINT('',(0.32,-9.84,1.59));
#1934 = VECTOR('',#1935,1.);
#1935 = DIRECTION('',(0.,-1.,0.));
#1936 = ORIENTED_EDGE('',*,*,#1937,.T.);
#1937 = EDGE_CURVE('',#1930,#511,#1938,.T.);
#1938 = LINE('',#1939,#1940);
#1939 = CARTESIAN_POINT('',(-0.32,-10.48,1.59));
#1940 = VECTOR('',#1941,1.);
#1941 = DIRECTION('',(1.,0.,2.143287692327E-17));
#1942 = ORIENTED_EDGE('',*,*,#510,.T.);
#1943 = PLANE('',#1944);
#1944 = AXIS2_PLACEMENT_3D('',#1945,#1946,#1947);
#1945 = CARTESIAN_POINT('',(-0.32,-9.84,1.59));
#1946 = DIRECTION('',(-2.143287692327E-17,0.,1.));
#1947 = DIRECTION('',(1.,0.,2.143287692327E-17));
#1948 = ADVANCED_FACE('',(#1949),#1992,.T.);
#1949 = FACE_BOUND('',#1950,.T.);
#1950 = EDGE_LOOP('',(#1951,#1960,#1961,#1962,#1970,#1978,#1986));
#1951 = ORIENTED_EDGE('',*,*,#1952,.T.);
#1952 = EDGE_CURVE('',#1953,#1922,#1955,.T.);
#1953 = VERTEX_POINT('',#1954);
#1954 = CARTESIAN_POINT('',(-0.32,-9.84,0.95));
#1955 = CIRCLE('',#1956,0.64);
#1956 = AXIS2_PLACEMENT_3D('',#1957,#1958,#1959);
#1957 = CARTESIAN_POINT('',(0.32,-9.84,0.95));
#1958 = DIRECTION('',(0.,1.,0.));
#1959 = DIRECTION('',(0.,0.,-1.));
#1960 = ORIENTED_EDGE('',*,*,#1921,.T.);
#1961 = ORIENTED_EDGE('',*,*,#536,.T.);
#1962 = ORIENTED_EDGE('',*,*,#1963,.T.);
#1963 = EDGE_CURVE('',#529,#1964,#1966,.T.);
#1964 = VERTEX_POINT('',#1965);
#1965 = CARTESIAN_POINT('',(0.32,-9.84,0.95));
#1966 = LINE('',#1967,#1968);
#1967 = CARTESIAN_POINT('',(10.04,-9.84,0.95));
#1968 = VECTOR('',#1969,1.);
#1969 = DIRECTION('',(-1.,0.,0.));
#1970 = ORIENTED_EDGE('',*,*,#1971,.T.);
#1971 = EDGE_CURVE('',#1964,#1972,#1974,.T.);
#1972 = VERTEX_POINT('',#1973);
#1973 = CARTESIAN_POINT('',(0.32,-9.84,-2.84));
#1974 = LINE('',#1975,#1976);
#1975 = CARTESIAN_POINT('',(0.32,-9.84,0.95));
#1976 = VECTOR('',#1977,1.);
#1977 = DIRECTION('',(0.,0.,-1.));
#1978 = ORIENTED_EDGE('',*,*,#1979,.T.);
#1979 = EDGE_CURVE('',#1972,#1980,#1982,.T.);
#1980 = VERTEX_POINT('',#1981);
#1981 = CARTESIAN_POINT('',(-0.32,-9.84,-2.84));
#1982 = LINE('',#1983,#1984);
#1983 = CARTESIAN_POINT('',(0.32,-9.84,-2.84));
#1984 = VECTOR('',#1985,1.);
#1985 = DIRECTION('',(-1.,0.,0.));
#1986 = ORIENTED_EDGE('',*,*,#1987,.T.);
#1987 = EDGE_CURVE('',#1980,#1953,#1988,.T.);
#1988 = LINE('',#1989,#1990);
#1989 = CARTESIAN_POINT('',(-0.32,-9.84,-3.));
#1990 = VECTOR('',#1991,1.);
#1991 = DIRECTION('',(0.,0.,1.));
#1992 = PLANE('',#1993);
#1993 = AXIS2_PLACEMENT_3D('',#1994,#1995,#1996);
#1994 = CARTESIAN_POINT('',(3.575919732441,-9.84,0.579080267559));
#1995 = DIRECTION('',(1.030170245606E-33,1.,6.630961875715E-34));
#1996 = DIRECTION('',(1.,-1.030170245606E-33,0.));
#1997 = ADVANCED_FACE('',(#1998),#2016,.T.);
#1998 = FACE_BOUND('',#1999,.T.);
#1999 = EDGE_LOOP('',(#2000,#2001,#2002,#2010));
#2000 = ORIENTED_EDGE('',*,*,#1963,.F.);
#2001 = ORIENTED_EDGE('',*,*,#528,.T.);
#2002 = ORIENTED_EDGE('',*,*,#2003,.T.);
#2003 = EDGE_CURVE('',#521,#2004,#2006,.T.);
#2004 = VERTEX_POINT('',#2005);
#2005 = CARTESIAN_POINT('',(0.32,-10.48,0.95));
#2006 = LINE('',#2007,#2008);
#2007 = CARTESIAN_POINT('',(10.04,-10.48,0.95));
#2008 = VECTOR('',#2009,1.);
#2009 = DIRECTION('',(-1.,0.,0.));
#2010 = ORIENTED_EDGE('',*,*,#2011,.F.);
#2011 = EDGE_CURVE('',#1964,#2004,#2012,.T.);
#2012 = LINE('',#2013,#2014);
#2013 = CARTESIAN_POINT('',(0.32,-9.84,0.95));
#2014 = VECTOR('',#2015,1.);
#2015 = DIRECTION('',(0.,-1.,0.));
#2016 = PLANE('',#2017);
#2017 = AXIS2_PLACEMENT_3D('',#2018,#2019,#2020);
#2018 = CARTESIAN_POINT('',(10.04,-9.84,0.95));
#2019 = DIRECTION('',(-0.,-0.,-1.));
#2020 = DIRECTION('',(-1.,0.,0.));
#2021 = ADVANCED_FACE('',(#2022),#2058,.F.);
#2022 = FACE_BOUND('',#2023,.F.);
#2023 = EDGE_LOOP('',(#2024,#2033,#2034,#2035,#2036,#2044,#2052));
#2024 = ORIENTED_EDGE('',*,*,#2025,.T.);
#2025 = EDGE_CURVE('',#2026,#1930,#2028,.T.);
#2026 = VERTEX_POINT('',#2027);
#2027 = CARTESIAN_POINT('',(-0.32,-10.48,0.95));
#2028 = CIRCLE('',#2029,0.64);
#2029 = AXIS2_PLACEMENT_3D('',#2030,#2031,#2032);
#2030 = CARTESIAN_POINT('',(0.32,-10.48,0.95));
#2031 = DIRECTION('',(0.,1.,0.));
#2032 = DIRECTION('',(0.,0.,-1.));
#2033 = ORIENTED_EDGE('',*,*,#1937,.T.);
#2034 = ORIENTED_EDGE('',*,*,#520,.T.);
#2035 = ORIENTED_EDGE('',*,*,#2003,.T.);
#2036 = ORIENTED_EDGE('',*,*,#2037,.T.);
#2037 = EDGE_CURVE('',#2004,#2038,#2040,.T.);
#2038 = VERTEX_POINT('',#2039);
#2039 = CARTESIAN_POINT('',(0.32,-10.48,-2.84));
#2040 = LINE('',#2041,#2042);
#2041 = CARTESIAN_POINT('',(0.32,-10.48,0.95));
#2042 = VECTOR('',#2043,1.);
#2043 = DIRECTION('',(0.,0.,-1.));
#2044 = ORIENTED_EDGE('',*,*,#2045,.T.);
#2045 = EDGE_CURVE('',#2038,#2046,#2048,.T.);
#2046 = VERTEX_POINT('',#2047);
#2047 = CARTESIAN_POINT('',(-0.32,-10.48,-2.84));
#2048 = LINE('',#2049,#2050);
#2049 = CARTESIAN_POINT('',(0.32,-10.48,-2.84));
#2050 = VECTOR('',#2051,1.);
#2051 = DIRECTION('',(-1.,0.,0.));
#2052 = ORIENTED_EDGE('',*,*,#2053,.T.);
#2053 = EDGE_CURVE('',#2046,#2026,#2054,.T.);
#2054 = LINE('',#2055,#2056);
#2055 = CARTESIAN_POINT('',(-0.32,-10.48,-3.));
#2056 = VECTOR('',#2057,1.);
#2057 = DIRECTION('',(0.,0.,1.));
#2058 = PLANE('',#2059);
#2059 = AXIS2_PLACEMENT_3D('',#2060,#2061,#2062);
#2060 = CARTESIAN_POINT('',(3.575919732441,-10.48,0.579080267559));
#2061 = DIRECTION('',(1.030170245606E-33,1.,6.630961875715E-34));
#2062 = DIRECTION('',(1.,-1.030170245606E-33,0.));
#2063 = ADVANCED_FACE('',(#2064),#2089,.T.);
#2064 = FACE_BOUND('',#2065,.T.);
#2065 = EDGE_LOOP('',(#2066,#2074,#2082,#2088));
#2066 = ORIENTED_EDGE('',*,*,#2067,.F.);
#2067 = EDGE_CURVE('',#2068,#547,#2070,.T.);
#2068 = VERTEX_POINT('',#2069);
#2069 = CARTESIAN_POINT('',(0.32,-7.3,1.59));
#2070 = LINE('',#2071,#2072);
#2071 = CARTESIAN_POINT('',(-0.32,-7.3,1.59));
#2072 = VECTOR('',#2073,1.);
#2073 = DIRECTION('',(1.,0.,2.143287692327E-17));
#2074 = ORIENTED_EDGE('',*,*,#2075,.T.);
#2075 = EDGE_CURVE('',#2068,#2076,#2078,.T.);
#2076 = VERTEX_POINT('',#2077);
#2077 = CARTESIAN_POINT('',(0.32,-7.94,1.59));
#2078 = LINE('',#2079,#2080);
#2079 = CARTESIAN_POINT('',(0.32,-7.3,1.59));
#2080 = VECTOR('',#2081,1.);
#2081 = DIRECTION('',(0.,-1.,0.));
#2082 = ORIENTED_EDGE('',*,*,#2083,.T.);
#2083 = EDGE_CURVE('',#2076,#545,#2084,.T.);
#2084 = LINE('',#2085,#2086);
#2085 = CARTESIAN_POINT('',(-0.32,-7.94,1.59));
#2086 = VECTOR('',#2087,1.);
#2087 = DIRECTION('',(1.,0.,2.143287692327E-17));
#2088 = ORIENTED_EDGE('',*,*,#544,.T.);
#2089 = PLANE('',#2090);
#2090 = AXIS2_PLACEMENT_3D('',#2091,#2092,#2093);
#2091 = CARTESIAN_POINT('',(-0.32,-7.3,1.59));
#2092 = DIRECTION('',(-2.143287692327E-17,0.,1.));
#2093 = DIRECTION('',(1.,0.,2.143287692327E-17));
#2094 = ADVANCED_FACE('',(#2095),#2138,.T.);
#2095 = FACE_BOUND('',#2096,.T.);
#2096 = EDGE_LOOP('',(#2097,#2106,#2107,#2108,#2116,#2124,#2132));
#2097 = ORIENTED_EDGE('',*,*,#2098,.T.);
#2098 = EDGE_CURVE('',#2099,#2068,#2101,.T.);
#2099 = VERTEX_POINT('',#2100);
#2100 = CARTESIAN_POINT('',(-0.32,-7.3,0.95));
#2101 = CIRCLE('',#2102,0.64);
#2102 = AXIS2_PLACEMENT_3D('',#2103,#2104,#2105);
#2103 = CARTESIAN_POINT('',(0.32,-7.3,0.95));
#2104 = DIRECTION('',(0.,1.,0.));
#2105 = DIRECTION('',(0.,0.,-1.));
#2106 = ORIENTED_EDGE('',*,*,#2067,.T.);
#2107 = ORIENTED_EDGE('',*,*,#570,.T.);
#2108 = ORIENTED_EDGE('',*,*,#2109,.T.);
#2109 = EDGE_CURVE('',#563,#2110,#2112,.T.);
#2110 = VERTEX_POINT('',#2111);
#2111 = CARTESIAN_POINT('',(0.32,-7.3,0.95));
#2112 = LINE('',#2113,#2114);
#2113 = CARTESIAN_POINT('',(10.04,-7.3,0.95));
#2114 = VECTOR('',#2115,1.);
#2115 = DIRECTION('',(-1.,0.,0.));
#2116 = ORIENTED_EDGE('',*,*,#2117,.T.);
#2117 = EDGE_CURVE('',#2110,#2118,#2120,.T.);
#2118 = VERTEX_POINT('',#2119);
#2119 = CARTESIAN_POINT('',(0.32,-7.3,-2.84));
#2120 = LINE('',#2121,#2122);
#2121 = CARTESIAN_POINT('',(0.32,-7.3,0.95));
#2122 = VECTOR('',#2123,1.);
#2123 = DIRECTION('',(0.,0.,-1.));
#2124 = ORIENTED_EDGE('',*,*,#2125,.T.);
#2125 = EDGE_CURVE('',#2118,#2126,#2128,.T.);
#2126 = VERTEX_POINT('',#2127);
#2127 = CARTESIAN_POINT('',(-0.32,-7.3,-2.84));
#2128 = LINE('',#2129,#2130);
#2129 = CARTESIAN_POINT('',(0.32,-7.3,-2.84));
#2130 = VECTOR('',#2131,1.);
#2131 = DIRECTION('',(-1.,0.,0.));
#2132 = ORIENTED_EDGE('',*,*,#2133,.T.);
#2133 = EDGE_CURVE('',#2126,#2099,#2134,.T.);
#2134 = LINE('',#2135,#2136);
#2135 = CARTESIAN_POINT('',(-0.32,-7.3,-3.));
#2136 = VECTOR('',#2137,1.);
#2137 = DIRECTION('',(0.,0.,1.));
#2138 = PLANE('',#2139);
#2139 = AXIS2_PLACEMENT_3D('',#2140,#2141,#2142);
#2140 = CARTESIAN_POINT('',(3.575919732441,-7.3,0.579080267559));
#2141 = DIRECTION('',(1.030170245606E-33,1.,6.630961875715E-34));
#2142 = DIRECTION('',(1.,-1.030170245606E-33,0.));
#2143 = ADVANCED_FACE('',(#2144),#2162,.T.);
#2144 = FACE_BOUND('',#2145,.T.);
#2145 = EDGE_LOOP('',(#2146,#2147,#2148,#2156));
#2146 = ORIENTED_EDGE('',*,*,#2109,.F.);
#2147 = ORIENTED_EDGE('',*,*,#562,.T.);
#2148 = ORIENTED_EDGE('',*,*,#2149,.T.);
#2149 = EDGE_CURVE('',#555,#2150,#2152,.T.);
#2150 = VERTEX_POINT('',#2151);
#2151 = CARTESIAN_POINT('',(0.32,-7.94,0.95));
#2152 = LINE('',#2153,#2154);
#2153 = CARTESIAN_POINT('',(10.04,-7.94,0.95));
#2154 = VECTOR('',#2155,1.);
#2155 = DIRECTION('',(-1.,0.,0.));
#2156 = ORIENTED_EDGE('',*,*,#2157,.F.);
#2157 = EDGE_CURVE('',#2110,#2150,#2158,.T.);
#2158 = LINE('',#2159,#2160);
#2159 = CARTESIAN_POINT('',(0.32,-7.3,0.95));
#2160 = VECTOR('',#2161,1.);
#2161 = DIRECTION('',(0.,-1.,0.));
#2162 = PLANE('',#2163);
#2163 = AXIS2_PLACEMENT_3D('',#2164,#2165,#2166);
#2164 = CARTESIAN_POINT('',(10.04,-7.3,0.95));
#2165 = DIRECTION('',(-0.,-0.,-1.));
#2166 = DIRECTION('',(-1.,0.,0.));
#2167 = ADVANCED_FACE('',(#2168),#2204,.F.);
#2168 = FACE_BOUND('',#2169,.F.);
#2169 = EDGE_LOOP('',(#2170,#2179,#2180,#2181,#2182,#2190,#2198));
#2170 = ORIENTED_EDGE('',*,*,#2171,.T.);
#2171 = EDGE_CURVE('',#2172,#2076,#2174,.T.);
#2172 = VERTEX_POINT('',#2173);
#2173 = CARTESIAN_POINT('',(-0.32,-7.94,0.95));
#2174 = CIRCLE('',#2175,0.64);
#2175 = AXIS2_PLACEMENT_3D('',#2176,#2177,#2178);
#2176 = CARTESIAN_POINT('',(0.32,-7.94,0.95));
#2177 = DIRECTION('',(0.,1.,0.));
#2178 = DIRECTION('',(0.,0.,-1.));
#2179 = ORIENTED_EDGE('',*,*,#2083,.T.);
#2180 = ORIENTED_EDGE('',*,*,#554,.T.);
#2181 = ORIENTED_EDGE('',*,*,#2149,.T.);
#2182 = ORIENTED_EDGE('',*,*,#2183,.T.);
#2183 = EDGE_CURVE('',#2150,#2184,#2186,.T.);
#2184 = VERTEX_POINT('',#2185);
#2185 = CARTESIAN_POINT('',(0.32,-7.94,-2.84));
#2186 = LINE('',#2187,#2188);
#2187 = CARTESIAN_POINT('',(0.32,-7.94,0.95));
#2188 = VECTOR('',#2189,1.);
#2189 = DIRECTION('',(0.,0.,-1.));
#2190 = ORIENTED_EDGE('',*,*,#2191,.T.);
#2191 = EDGE_CURVE('',#2184,#2192,#2194,.T.);
#2192 = VERTEX_POINT('',#2193);
#2193 = CARTESIAN_POINT('',(-0.32,-7.94,-2.84));
#2194 = LINE('',#2195,#2196);
#2195 = CARTESIAN_POINT('',(0.32,-7.94,-2.84));
#2196 = VECTOR('',#2197,1.);
#2197 = DIRECTION('',(-1.,0.,0.));
#2198 = ORIENTED_EDGE('',*,*,#2199,.T.);
#2199 = EDGE_CURVE('',#2192,#2172,#2200,.T.);
#2200 = LINE('',#2201,#2202);
#2201 = CARTESIAN_POINT('',(-0.32,-7.94,-3.));
#2202 = VECTOR('',#2203,1.);
#2203 = DIRECTION('',(0.,0.,1.));
#2204 = PLANE('',#2205);
#2205 = AXIS2_PLACEMENT_3D('',#2206,#2207,#2208);
#2206 = CARTESIAN_POINT('',(3.575919732441,-7.94,0.579080267559));
#2207 = DIRECTION('',(1.030170245606E-33,1.,6.630961875715E-34));
#2208 = DIRECTION('',(1.,-1.030170245606E-33,0.));
#2209 = ADVANCED_FACE('',(#2210),#2235,.T.);
#2210 = FACE_BOUND('',#2211,.T.);
#2211 = EDGE_LOOP('',(#2212,#2220,#2228,#2234));
#2212 = ORIENTED_EDGE('',*,*,#2213,.F.);
#2213 = EDGE_CURVE('',#2214,#820,#2216,.T.);
#2214 = VERTEX_POINT('',#2215);
#2215 = CARTESIAN_POINT('',(9.88,-2.22,0.95));
#2216 = LINE('',#2217,#2218);
#2217 = CARTESIAN_POINT('',(10.04,-2.22,0.95));
#2218 = VECTOR('',#2219,1.);
#2219 = DIRECTION('',(-1.,0.,0.));
#2220 = ORIENTED_EDGE('',*,*,#2221,.T.);
#2221 = EDGE_CURVE('',#2214,#2222,#2224,.T.);
#2222 = VERTEX_POINT('',#2223);
#2223 = CARTESIAN_POINT('',(9.88,-2.86,0.95));
#2224 = LINE('',#2225,#2226);
#2225 = CARTESIAN_POINT('',(9.88,-2.22,0.95));
#2226 = VECTOR('',#2227,1.);
#2227 = DIRECTION('',(0.,-1.,0.));
#2228 = ORIENTED_EDGE('',*,*,#2229,.T.);
#2229 = EDGE_CURVE('',#2222,#822,#2230,.T.);
#2230 = LINE('',#2231,#2232);
#2231 = CARTESIAN_POINT('',(10.04,-2.86,0.95));
#2232 = VECTOR('',#2233,1.);
#2233 = DIRECTION('',(-1.,0.,0.));
#2234 = ORIENTED_EDGE('',*,*,#819,.F.);
#2235 = PLANE('',#2236);
#2236 = AXIS2_PLACEMENT_3D('',#2237,#2238,#2239);
#2237 = CARTESIAN_POINT('',(10.04,-2.22,0.95));
#2238 = DIRECTION('',(-0.,-0.,-1.));
#2239 = DIRECTION('',(-1.,0.,0.));
#2240 = ADVANCED_FACE('',(#2241),#2259,.F.);
#2241 = FACE_BOUND('',#2242,.F.);
#2242 = EDGE_LOOP('',(#2243,#2244,#2252,#2258));
#2243 = ORIENTED_EDGE('',*,*,#845,.F.);
#2244 = ORIENTED_EDGE('',*,*,#2245,.T.);
#2245 = EDGE_CURVE('',#838,#2246,#2248,.T.);
#2246 = VERTEX_POINT('',#2247);
#2247 = CARTESIAN_POINT('',(9.88,-2.86,1.59));
#2248 = LINE('',#2249,#2250);
#2249 = CARTESIAN_POINT('',(-0.32,-2.86,1.59));
#2250 = VECTOR('',#2251,1.);
#2251 = DIRECTION('',(1.,0.,2.143287692327E-17));
#2252 = ORIENTED_EDGE('',*,*,#2253,.T.);
#2253 = EDGE_CURVE('',#2246,#2222,#2254,.T.);
#2254 = LINE('',#2255,#2256);
#2255 = CARTESIAN_POINT('',(9.88,-2.86,1.59));
#2256 = VECTOR('',#2257,1.);
#2257 = DIRECTION('',(0.,0.,-1.));
#2258 = ORIENTED_EDGE('',*,*,#2229,.T.);
#2259 = PLANE('',#2260);
#2260 = AXIS2_PLACEMENT_3D('',#2261,#2262,#2263);
#2261 = CARTESIAN_POINT('',(3.575919732441,-2.86,0.579080267559));
#2262 = DIRECTION('',(1.030170245606E-33,1.,6.630961875715E-34));
#2263 = DIRECTION('',(1.,-1.030170245606E-33,0.));
#2264 = ADVANCED_FACE('',(#2265),#2283,.T.);
#2265 = FACE_BOUND('',#2266,.T.);
#2266 = EDGE_LOOP('',(#2267,#2275,#2276,#2277));
#2267 = ORIENTED_EDGE('',*,*,#2268,.F.);
#2268 = EDGE_CURVE('',#830,#2269,#2271,.T.);
#2269 = VERTEX_POINT('',#2270);
#2270 = CARTESIAN_POINT('',(9.88,-2.22,1.59));
#2271 = LINE('',#2272,#2273);
#2272 = CARTESIAN_POINT('',(-0.32,-2.22,1.59));
#2273 = VECTOR('',#2274,1.);
#2274 = DIRECTION('',(1.,0.,2.143287692327E-17));
#2275 = ORIENTED_EDGE('',*,*,#837,.F.);
#2276 = ORIENTED_EDGE('',*,*,#2245,.T.);
#2277 = ORIENTED_EDGE('',*,*,#2278,.F.);
#2278 = EDGE_CURVE('',#2269,#2246,#2279,.T.);
#2279 = LINE('',#2280,#2281);
#2280 = CARTESIAN_POINT('',(9.88,-2.22,1.59));
#2281 = VECTOR('',#2282,1.);
#2282 = DIRECTION('',(0.,-1.,0.));
#2283 = PLANE('',#2284);
#2284 = AXIS2_PLACEMENT_3D('',#2285,#2286,#2287);
#2285 = CARTESIAN_POINT('',(-0.32,-2.22,1.59));
#2286 = DIRECTION('',(-2.143287692327E-17,0.,1.));
#2287 = DIRECTION('',(1.,0.,2.143287692327E-17));
#2288 = ADVANCED_FACE('',(#2289),#2300,.T.);
#2289 = FACE_BOUND('',#2290,.T.);
#2290 = EDGE_LOOP('',(#2291,#2292,#2293,#2299));
#2291 = ORIENTED_EDGE('',*,*,#829,.F.);
#2292 = ORIENTED_EDGE('',*,*,#2268,.T.);
#2293 = ORIENTED_EDGE('',*,*,#2294,.T.);
#2294 = EDGE_CURVE('',#2269,#2214,#2295,.T.);
#2295 = LINE('',#2296,#2297);
#2296 = CARTESIAN_POINT('',(9.88,-2.22,1.59));
#2297 = VECTOR('',#2298,1.);
#2298 = DIRECTION('',(0.,0.,-1.));
#2299 = ORIENTED_EDGE('',*,*,#2213,.T.);
#2300 = PLANE('',#2301);
#2301 = AXIS2_PLACEMENT_3D('',#2302,#2303,#2304);
#2302 = CARTESIAN_POINT('',(3.575919732441,-2.22,0.579080267559));
#2303 = DIRECTION('',(1.030170245606E-33,1.,6.630961875715E-34));
#2304 = DIRECTION('',(1.,-1.030170245606E-33,0.));
#2305 = ADVANCED_FACE('',(#2306),#2331,.T.);
#2306 = FACE_BOUND('',#2307,.T.);
#2307 = EDGE_LOOP('',(#2308,#2316,#2317,#2325));
#2308 = ORIENTED_EDGE('',*,*,#2309,.F.);
#2309 = EDGE_CURVE('',#856,#2310,#2312,.T.);
#2310 = VERTEX_POINT('',#2311);
#2311 = CARTESIAN_POINT('',(9.88,0.32,1.59));
#2312 = LINE('',#2313,#2314);
#2313 = CARTESIAN_POINT('',(-0.32,0.32,1.59));
#2314 = VECTOR('',#2315,1.);
#2315 = DIRECTION('',(1.,0.,2.143287692327E-17));
#2316 = ORIENTED_EDGE('',*,*,#853,.F.);
#2317 = ORIENTED_EDGE('',*,*,#2318,.T.);
#2318 = EDGE_CURVE('',#854,#2319,#2321,.T.);
#2319 = VERTEX_POINT('',#2320);
#2320 = CARTESIAN_POINT('',(9.88,-0.32,1.59));
#2321 = LINE('',#2322,#2323);
#2322 = CARTESIAN_POINT('',(-0.32,-0.32,1.59));
#2323 = VECTOR('',#2324,1.);
#2324 = DIRECTION('',(1.,0.,2.143287692327E-17));
#2325 = ORIENTED_EDGE('',*,*,#2326,.F.);
#2326 = EDGE_CURVE('',#2310,#2319,#2327,.T.);
#2327 = LINE('',#2328,#2329);
#2328 = CARTESIAN_POINT('',(9.88,0.32,1.59));
#2329 = VECTOR('',#2330,1.);
#2330 = DIRECTION('',(0.,-1.,0.));
#2331 = PLANE('',#2332);
#2332 = AXIS2_PLACEMENT_3D('',#2333,#2334,#2335);
#2333 = CARTESIAN_POINT('',(-0.32,0.32,1.59));
#2334 = DIRECTION('',(-2.143287692327E-17,0.,1.));
#2335 = DIRECTION('',(1.,0.,2.143287692327E-17));
#2336 = ADVANCED_FACE('',(#2337),#2355,.T.);
#2337 = FACE_BOUND('',#2338,.T.);
#2338 = EDGE_LOOP('',(#2339,#2340,#2341,#2349));
#2339 = ORIENTED_EDGE('',*,*,#879,.F.);
#2340 = ORIENTED_EDGE('',*,*,#2309,.T.);
#2341 = ORIENTED_EDGE('',*,*,#2342,.T.);
#2342 = EDGE_CURVE('',#2310,#2343,#2345,.T.);
#2343 = VERTEX_POINT('',#2344);
#2344 = CARTESIAN_POINT('',(9.88,0.32,0.95));
#2345 = LINE('',#2346,#2347);
#2346 = CARTESIAN_POINT('',(9.88,0.32,1.59));
#2347 = VECTOR('',#2348,1.);
#2348 = DIRECTION('',(0.,0.,-1.));
#2349 = ORIENTED_EDGE('',*,*,#2350,.T.);
#2350 = EDGE_CURVE('',#2343,#872,#2351,.T.);
#2351 = LINE('',#2352,#2353);
#2352 = CARTESIAN_POINT('',(10.04,0.32,0.95));
#2353 = VECTOR('',#2354,1.);
#2354 = DIRECTION('',(-1.,0.,0.));
#2355 = PLANE('',#2356);
#2356 = AXIS2_PLACEMENT_3D('',#2357,#2358,#2359);
#2357 = CARTESIAN_POINT('',(3.575919732441,0.32,0.579080267559));
#2358 = DIRECTION('',(1.030170245606E-33,1.,6.630961875715E-34));
#2359 = DIRECTION('',(1.,-1.030170245606E-33,0.));
#2360 = ADVANCED_FACE('',(#2361),#2379,.T.);
#2361 = FACE_BOUND('',#2362,.T.);
#2362 = EDGE_LOOP('',(#2363,#2364,#2372,#2378));
#2363 = ORIENTED_EDGE('',*,*,#2350,.F.);
#2364 = ORIENTED_EDGE('',*,*,#2365,.T.);
#2365 = EDGE_CURVE('',#2343,#2366,#2368,.T.);
#2366 = VERTEX_POINT('',#2367);
#2367 = CARTESIAN_POINT('',(9.88,-0.32,0.95));
#2368 = LINE('',#2369,#2370);
#2369 = CARTESIAN_POINT('',(9.88,0.32,0.95));
#2370 = VECTOR('',#2371,1.);
#2371 = DIRECTION('',(0.,-1.,0.));
#2372 = ORIENTED_EDGE('',*,*,#2373,.T.);
#2373 = EDGE_CURVE('',#2366,#864,#2374,.T.);
#2374 = LINE('',#2375,#2376);
#2375 = CARTESIAN_POINT('',(10.04,-0.32,0.95));
#2376 = VECTOR('',#2377,1.);
#2377 = DIRECTION('',(-1.,0.,0.));
#2378 = ORIENTED_EDGE('',*,*,#871,.F.);
#2379 = PLANE('',#2380);
#2380 = AXIS2_PLACEMENT_3D('',#2381,#2382,#2383);
#2381 = CARTESIAN_POINT('',(10.04,0.32,0.95));
#2382 = DIRECTION('',(-0.,-0.,-1.));
#2383 = DIRECTION('',(-1.,0.,0.));
#2384 = ADVANCED_FACE('',(#2385),#2396,.F.);
#2385 = FACE_BOUND('',#2386,.F.);
#2386 = EDGE_LOOP('',(#2387,#2388,#2389,#2395));
#2387 = ORIENTED_EDGE('',*,*,#863,.F.);
#2388 = ORIENTED_EDGE('',*,*,#2318,.T.);
#2389 = ORIENTED_EDGE('',*,*,#2390,.T.);
#2390 = EDGE_CURVE('',#2319,#2366,#2391,.T.);
#2391 = LINE('',#2392,#2393);
#2392 = CARTESIAN_POINT('',(9.88,-0.32,1.59));
#2393 = VECTOR('',#2394,1.);
#2394 = DIRECTION('',(0.,0.,-1.));
#2395 = ORIENTED_EDGE('',*,*,#2373,.T.);
#2396 = PLANE('',#2397);
#2397 = AXIS2_PLACEMENT_3D('',#2398,#2399,#2400);
#2398 = CARTESIAN_POINT('',(3.575919732441,-0.32,0.579080267559));
#2399 = DIRECTION('',(1.030170245606E-33,1.,6.630961875715E-34));
#2400 = DIRECTION('',(1.,-1.030170245606E-33,0.));
#2401 = ADVANCED_FACE('',(#2402),#2427,.T.);
#2402 = FACE_BOUND('',#2403,.T.);
#2403 = EDGE_LOOP('',(#2404,#2405,#2413,#2421));
#2404 = ORIENTED_EDGE('',*,*,#887,.F.);
#2405 = ORIENTED_EDGE('',*,*,#2406,.T.);
#2406 = EDGE_CURVE('',#888,#2407,#2409,.T.);
#2407 = VERTEX_POINT('',#2408);
#2408 = CARTESIAN_POINT('',(9.88,-4.76,1.59));
#2409 = LINE('',#2410,#2411);
#2410 = CARTESIAN_POINT('',(-0.32,-4.76,1.59));
#2411 = VECTOR('',#2412,1.);
#2412 = DIRECTION('',(1.,0.,2.143287692327E-17));
#2413 = ORIENTED_EDGE('',*,*,#2414,.T.);
#2414 = EDGE_CURVE('',#2407,#2415,#2417,.T.);
#2415 = VERTEX_POINT('',#2416);
#2416 = CARTESIAN_POINT('',(9.88,-4.76,0.95));
#2417 = LINE('',#2418,#2419);
#2418 = CARTESIAN_POINT('',(9.88,-4.76,1.59));
#2419 = VECTOR('',#2420,1.);
#2420 = DIRECTION('',(0.,0.,-1.));
#2421 = ORIENTED_EDGE('',*,*,#2422,.T.);
#2422 = EDGE_CURVE('',#2415,#890,#2423,.T.);
#2423 = LINE('',#2424,#2425);
#2424 = CARTESIAN_POINT('',(10.04,-4.76,0.95));
#2425 = VECTOR('',#2426,1.);
#2426 = DIRECTION('',(-1.,0.,0.));
#2427 = PLANE('',#2428);
#2428 = AXIS2_PLACEMENT_3D('',#2429,#2430,#2431);
#2429 = CARTESIAN_POINT('',(3.575919732441,-4.76,0.579080267559));
#2430 = DIRECTION('',(1.030170245606E-33,1.,6.630961875715E-34));
#2431 = DIRECTION('',(1.,-1.030170245606E-33,0.));
#2432 = ADVANCED_FACE('',(#2433),#2451,.T.);
#2433 = FACE_BOUND('',#2434,.T.);
#2434 = EDGE_LOOP('',(#2435,#2436,#2444,#2450));
#2435 = ORIENTED_EDGE('',*,*,#2422,.F.);
#2436 = ORIENTED_EDGE('',*,*,#2437,.T.);
#2437 = EDGE_CURVE('',#2415,#2438,#2440,.T.);
#2438 = VERTEX_POINT('',#2439);
#2439 = CARTESIAN_POINT('',(9.88,-5.4,0.95));
#2440 = LINE('',#2441,#2442);
#2441 = CARTESIAN_POINT('',(9.88,-4.76,0.95));
#2442 = VECTOR('',#2443,1.);
#2443 = DIRECTION('',(0.,-1.,0.));
#2444 = ORIENTED_EDGE('',*,*,#2445,.T.);
#2445 = EDGE_CURVE('',#2438,#906,#2446,.T.);
#2446 = LINE('',#2447,#2448);
#2447 = CARTESIAN_POINT('',(10.04,-5.4,0.95));
#2448 = VECTOR('',#2449,1.);
#2449 = DIRECTION('',(-1.,0.,0.));
#2450 = ORIENTED_EDGE('',*,*,#913,.F.);
#2451 = PLANE('',#2452);
#2452 = AXIS2_PLACEMENT_3D('',#2453,#2454,#2455);
#2453 = CARTESIAN_POINT('',(10.04,-4.76,0.95));
#2454 = DIRECTION('',(-0.,-0.,-1.));
#2455 = DIRECTION('',(-1.,0.,0.));
#2456 = ADVANCED_FACE('',(#2457),#2475,.F.);
#2457 = FACE_BOUND('',#2458,.F.);
#2458 = EDGE_LOOP('',(#2459,#2460,#2468,#2474));
#2459 = ORIENTED_EDGE('',*,*,#905,.F.);
#2460 = ORIENTED_EDGE('',*,*,#2461,.T.);
#2461 = EDGE_CURVE('',#898,#2462,#2464,.T.);
#2462 = VERTEX_POINT('',#2463);
#2463 = CARTESIAN_POINT('',(9.88,-5.4,1.59));
#2464 = LINE('',#2465,#2466);
#2465 = CARTESIAN_POINT('',(-0.32,-5.4,1.59));
#2466 = VECTOR('',#2467,1.);
#2467 = DIRECTION('',(1.,0.,2.143287692327E-17));
#2468 = ORIENTED_EDGE('',*,*,#2469,.T.);
#2469 = EDGE_CURVE('',#2462,#2438,#2470,.T.);
#2470 = LINE('',#2471,#2472);
#2471 = CARTESIAN_POINT('',(9.88,-5.4,1.59));
#2472 = VECTOR('',#2473,1.);
#2473 = DIRECTION('',(0.,0.,-1.));
#2474 = ORIENTED_EDGE('',*,*,#2445,.T.);
#2475 = PLANE('',#2476);
#2476 = AXIS2_PLACEMENT_3D('',#2477,#2478,#2479);
#2477 = CARTESIAN_POINT('',(3.575919732441,-5.4,0.579080267559));
#2478 = DIRECTION('',(1.030170245606E-33,1.,6.630961875715E-34));
#2479 = DIRECTION('',(1.,-1.030170245606E-33,0.));
#2480 = ADVANCED_FACE('',(#2481),#2492,.T.);
#2481 = FACE_BOUND('',#2482,.T.);
#2482 = EDGE_LOOP('',(#2483,#2484,#2485,#2486));
#2483 = ORIENTED_EDGE('',*,*,#2406,.F.);
#2484 = ORIENTED_EDGE('',*,*,#897,.F.);
#2485 = ORIENTED_EDGE('',*,*,#2461,.T.);
#2486 = ORIENTED_EDGE('',*,*,#2487,.F.);
#2487 = EDGE_CURVE('',#2407,#2462,#2488,.T.);
#2488 = LINE('',#2489,#2490);
#2489 = CARTESIAN_POINT('',(9.88,-4.76,1.59));
#2490 = VECTOR('',#2491,1.);
#2491 = DIRECTION('',(0.,-1.,0.));
#2492 = PLANE('',#2493);
#2493 = AXIS2_PLACEMENT_3D('',#2494,#2495,#2496);
#2494 = CARTESIAN_POINT('',(-0.32,-4.76,1.59));
#2495 = DIRECTION('',(-2.143287692327E-17,0.,1.));
#2496 = DIRECTION('',(1.,0.,2.143287692327E-17));
#2497 = ADVANCED_FACE('',(#2498),#2523,.T.);
#2498 = FACE_BOUND('',#2499,.T.);
#2499 = EDGE_LOOP('',(#2500,#2508,#2509,#2517));
#2500 = ORIENTED_EDGE('',*,*,#2501,.F.);
#2501 = EDGE_CURVE('',#924,#2502,#2504,.T.);
#2502 = VERTEX_POINT('',#2503);
#2503 = CARTESIAN_POINT('',(9.88,-9.84,1.59));
#2504 = LINE('',#2505,#2506);
#2505 = CARTESIAN_POINT('',(-0.32,-9.84,1.59));
#2506 = VECTOR('',#2507,1.);
#2507 = DIRECTION('',(1.,0.,2.143287692327E-17));
#2508 = ORIENTED_EDGE('',*,*,#921,.F.);
#2509 = ORIENTED_EDGE('',*,*,#2510,.T.);
#2510 = EDGE_CURVE('',#922,#2511,#2513,.T.);
#2511 = VERTEX_POINT('',#2512);
#2512 = CARTESIAN_POINT('',(9.88,-10.48,1.59));
#2513 = LINE('',#2514,#2515);
#2514 = CARTESIAN_POINT('',(-0.32,-10.48,1.59));
#2515 = VECTOR('',#2516,1.);
#2516 = DIRECTION('',(1.,0.,2.143287692327E-17));
#2517 = ORIENTED_EDGE('',*,*,#2518,.F.);
#2518 = EDGE_CURVE('',#2502,#2511,#2519,.T.);
#2519 = LINE('',#2520,#2521);
#2520 = CARTESIAN_POINT('',(9.88,-9.84,1.59));
#2521 = VECTOR('',#2522,1.);
#2522 = DIRECTION('',(0.,-1.,0.));
#2523 = PLANE('',#2524);
#2524 = AXIS2_PLACEMENT_3D('',#2525,#2526,#2527);
#2525 = CARTESIAN_POINT('',(-0.32,-9.84,1.59));
#2526 = DIRECTION('',(-2.143287692327E-17,0.,1.));
#2527 = DIRECTION('',(1.,0.,2.143287692327E-17));
#2528 = ADVANCED_FACE('',(#2529),#2547,.T.);
#2529 = FACE_BOUND('',#2530,.T.);
#2530 = EDGE_LOOP('',(#2531,#2532,#2533,#2541));
#2531 = ORIENTED_EDGE('',*,*,#947,.F.);
#2532 = ORIENTED_EDGE('',*,*,#2501,.T.);
#2533 = ORIENTED_EDGE('',*,*,#2534,.T.);
#2534 = EDGE_CURVE('',#2502,#2535,#2537,.T.);
#2535 = VERTEX_POINT('',#2536);
#2536 = CARTESIAN_POINT('',(9.88,-9.84,0.95));
#2537 = LINE('',#2538,#2539);
#2538 = CARTESIAN_POINT('',(9.88,-9.84,1.59));
#2539 = VECTOR('',#2540,1.);
#2540 = DIRECTION('',(0.,0.,-1.));
#2541 = ORIENTED_EDGE('',*,*,#2542,.T.);
#2542 = EDGE_CURVE('',#2535,#940,#2543,.T.);
#2543 = LINE('',#2544,#2545);
#2544 = CARTESIAN_POINT('',(10.04,-9.84,0.95));
#2545 = VECTOR('',#2546,1.);
#2546 = DIRECTION('',(-1.,0.,0.));
#2547 = PLANE('',#2548);
#2548 = AXIS2_PLACEMENT_3D('',#2549,#2550,#2551);
#2549 = CARTESIAN_POINT('',(3.575919732441,-9.84,0.579080267559));
#2550 = DIRECTION('',(1.030170245606E-33,1.,6.630961875715E-34));
#2551 = DIRECTION('',(1.,-1.030170245606E-33,0.));
#2552 = ADVANCED_FACE('',(#2553),#2571,.T.);
#2553 = FACE_BOUND('',#2554,.T.);
#2554 = EDGE_LOOP('',(#2555,#2556,#2564,#2570));
#2555 = ORIENTED_EDGE('',*,*,#2542,.F.);
#2556 = ORIENTED_EDGE('',*,*,#2557,.T.);
#2557 = EDGE_CURVE('',#2535,#2558,#2560,.T.);
#2558 = VERTEX_POINT('',#2559);
#2559 = CARTESIAN_POINT('',(9.88,-10.48,0.95));
#2560 = LINE('',#2561,#2562);
#2561 = CARTESIAN_POINT('',(9.88,-9.84,0.95));
#2562 = VECTOR('',#2563,1.);
#2563 = DIRECTION('',(0.,-1.,0.));
#2564 = ORIENTED_EDGE('',*,*,#2565,.T.);
#2565 = EDGE_CURVE('',#2558,#932,#2566,.T.);
#2566 = LINE('',#2567,#2568);
#2567 = CARTESIAN_POINT('',(10.04,-10.48,0.95));
#2568 = VECTOR('',#2569,1.);
#2569 = DIRECTION('',(-1.,0.,0.));
#2570 = ORIENTED_EDGE('',*,*,#939,.F.);
#2571 = PLANE('',#2572);
#2572 = AXIS2_PLACEMENT_3D('',#2573,#2574,#2575);
#2573 = CARTESIAN_POINT('',(10.04,-9.84,0.95));
#2574 = DIRECTION('',(-0.,-0.,-1.));
#2575 = DIRECTION('',(-1.,0.,0.));
#2576 = ADVANCED_FACE('',(#2577),#2588,.F.);
#2577 = FACE_BOUND('',#2578,.F.);
#2578 = EDGE_LOOP('',(#2579,#2580,#2581,#2587));
#2579 = ORIENTED_EDGE('',*,*,#931,.F.);
#2580 = ORIENTED_EDGE('',*,*,#2510,.T.);
#2581 = ORIENTED_EDGE('',*,*,#2582,.T.);
#2582 = EDGE_CURVE('',#2511,#2558,#2583,.T.);
#2583 = LINE('',#2584,#2585);
#2584 = CARTESIAN_POINT('',(9.88,-10.48,1.59));
#2585 = VECTOR('',#2586,1.);
#2586 = DIRECTION('',(0.,0.,-1.));
#2587 = ORIENTED_EDGE('',*,*,#2565,.T.);
#2588 = PLANE('',#2589);
#2589 = AXIS2_PLACEMENT_3D('',#2590,#2591,#2592);
#2590 = CARTESIAN_POINT('',(3.575919732441,-10.48,0.579080267559));
#2591 = DIRECTION('',(1.030170245606E-33,1.,6.630961875715E-34));
#2592 = DIRECTION('',(1.,-1.030170245606E-33,0.));
#2593 = ADVANCED_FACE('',(#2594),#2619,.T.);
#2594 = FACE_BOUND('',#2595,.T.);
#2595 = EDGE_LOOP('',(#2596,#2604,#2605,#2613));
#2596 = ORIENTED_EDGE('',*,*,#2597,.F.);
#2597 = EDGE_CURVE('',#958,#2598,#2600,.T.);
#2598 = VERTEX_POINT('',#2599);
#2599 = CARTESIAN_POINT('',(9.88,-7.3,1.59));
#2600 = LINE('',#2601,#2602);
#2601 = CARTESIAN_POINT('',(-0.32,-7.3,1.59));
#2602 = VECTOR('',#2603,1.);
#2603 = DIRECTION('',(1.,0.,2.143287692327E-17));
#2604 = ORIENTED_EDGE('',*,*,#955,.F.);
#2605 = ORIENTED_EDGE('',*,*,#2606,.T.);
#2606 = EDGE_CURVE('',#956,#2607,#2609,.T.);
#2607 = VERTEX_POINT('',#2608);
#2608 = CARTESIAN_POINT('',(9.88,-7.94,1.59));
#2609 = LINE('',#2610,#2611);
#2610 = CARTESIAN_POINT('',(-0.32,-7.94,1.59));
#2611 = VECTOR('',#2612,1.);
#2612 = DIRECTION('',(1.,0.,2.143287692327E-17));
#2613 = ORIENTED_EDGE('',*,*,#2614,.F.);
#2614 = EDGE_CURVE('',#2598,#2607,#2615,.T.);
#2615 = LINE('',#2616,#2617);
#2616 = CARTESIAN_POINT('',(9.88,-7.3,1.59));
#2617 = VECTOR('',#2618,1.);
#2618 = DIRECTION('',(0.,-1.,0.));
#2619 = PLANE('',#2620);
#2620 = AXIS2_PLACEMENT_3D('',#2621,#2622,#2623);
#2621 = CARTESIAN_POINT('',(-0.32,-7.3,1.59));
#2622 = DIRECTION('',(-2.143287692327E-17,0.,1.));
#2623 = DIRECTION('',(1.,0.,2.143287692327E-17));
#2624 = ADVANCED_FACE('',(#2625),#2643,.T.);
#2625 = FACE_BOUND('',#2626,.T.);
#2626 = EDGE_LOOP('',(#2627,#2628,#2629,#2637));
#2627 = ORIENTED_EDGE('',*,*,#981,.F.);
#2628 = ORIENTED_EDGE('',*,*,#2597,.T.);
#2629 = ORIENTED_EDGE('',*,*,#2630,.T.);
#2630 = EDGE_CURVE('',#2598,#2631,#2633,.T.);
#2631 = VERTEX_POINT('',#2632);
#2632 = CARTESIAN_POINT('',(9.88,-7.3,0.95));
#2633 = LINE('',#2634,#2635);
#2634 = CARTESIAN_POINT('',(9.88,-7.3,1.59));
#2635 = VECTOR('',#2636,1.);
#2636 = DIRECTION('',(0.,0.,-1.));
#2637 = ORIENTED_EDGE('',*,*,#2638,.T.);
#2638 = EDGE_CURVE('',#2631,#974,#2639,.T.);
#2639 = LINE('',#2640,#2641);
#2640 = CARTESIAN_POINT('',(10.04,-7.3,0.95));
#2641 = VECTOR('',#2642,1.);
#2642 = DIRECTION('',(-1.,0.,0.));
#2643 = PLANE('',#2644);
#2644 = AXIS2_PLACEMENT_3D('',#2645,#2646,#2647);
#2645 = CARTESIAN_POINT('',(3.575919732441,-7.3,0.579080267559));
#2646 = DIRECTION('',(1.030170245606E-33,1.,6.630961875715E-34));
#2647 = DIRECTION('',(1.,-1.030170245606E-33,0.));
#2648 = ADVANCED_FACE('',(#2649),#2667,.T.);
#2649 = FACE_BOUND('',#2650,.T.);
#2650 = EDGE_LOOP('',(#2651,#2652,#2660,#2666));
#2651 = ORIENTED_EDGE('',*,*,#2638,.F.);
#2652 = ORIENTED_EDGE('',*,*,#2653,.T.);
#2653 = EDGE_CURVE('',#2631,#2654,#2656,.T.);
#2654 = VERTEX_POINT('',#2655);
#2655 = CARTESIAN_POINT('',(9.88,-7.94,0.95));
#2656 = LINE('',#2657,#2658);
#2657 = CARTESIAN_POINT('',(9.88,-7.3,0.95));
#2658 = VECTOR('',#2659,1.);
#2659 = DIRECTION('',(0.,-1.,0.));
#2660 = ORIENTED_EDGE('',*,*,#2661,.T.);
#2661 = EDGE_CURVE('',#2654,#966,#2662,.T.);
#2662 = LINE('',#2663,#2664);
#2663 = CARTESIAN_POINT('',(10.04,-7.94,0.95));
#2664 = VECTOR('',#2665,1.);
#2665 = DIRECTION('',(-1.,0.,0.));
#2666 = ORIENTED_EDGE('',*,*,#973,.F.);
#2667 = PLANE('',#2668);
#2668 = AXIS2_PLACEMENT_3D('',#2669,#2670,#2671);
#2669 = CARTESIAN_POINT('',(10.04,-7.3,0.95));
#2670 = DIRECTION('',(-0.,-0.,-1.));
#2671 = DIRECTION('',(-1.,0.,0.));
#2672 = ADVANCED_FACE('',(#2673),#2684,.F.);
#2673 = FACE_BOUND('',#2674,.F.);
#2674 = EDGE_LOOP('',(#2675,#2676,#2677,#2683));
#2675 = ORIENTED_EDGE('',*,*,#965,.F.);
#2676 = ORIENTED_EDGE('',*,*,#2606,.T.);
#2677 = ORIENTED_EDGE('',*,*,#2678,.T.);
#2678 = EDGE_CURVE('',#2607,#2654,#2679,.T.);
#2679 = LINE('',#2680,#2681);
#2680 = CARTESIAN_POINT('',(9.88,-7.94,1.59));
#2681 = VECTOR('',#2682,1.);
#2682 = DIRECTION('',(0.,0.,-1.));
#2683 = ORIENTED_EDGE('',*,*,#2661,.T.);
#2684 = PLANE('',#2685);
#2685 = AXIS2_PLACEMENT_3D('',#2686,#2687,#2688);
#2686 = CARTESIAN_POINT('',(3.575919732441,-7.94,0.579080267559));
#2687 = DIRECTION('',(1.030170245606E-33,1.,6.630961875715E-34));
#2688 = DIRECTION('',(1.,-1.030170245606E-33,0.));
#2689 = ADVANCED_FACE('',(#2690),#2701,.T.);
#2690 = FACE_BOUND('',#2691,.T.);
#2691 = EDGE_LOOP('',(#2692,#2693,#2694,#2695));
#2692 = ORIENTED_EDGE('',*,*,#1599,.F.);
#2693 = ORIENTED_EDGE('',*,*,#1500,.T.);
#2694 = ORIENTED_EDGE('',*,*,#1533,.T.);
#2695 = ORIENTED_EDGE('',*,*,#2696,.F.);
#2696 = EDGE_CURVE('',#1600,#1534,#2697,.T.);
#2697 = LINE('',#2698,#2699);
#2698 = CARTESIAN_POINT('',(0.32,-2.22,-2.84));
#2699 = VECTOR('',#2700,1.);
#2700 = DIRECTION('',(0.,-1.,0.));
#2701 = PLANE('',#2702);
#2702 = AXIS2_PLACEMENT_3D('',#2703,#2704,#2705);
#2703 = CARTESIAN_POINT('',(0.32,-2.22,0.95));
#2704 = DIRECTION('',(1.,0.,0.));
#2705 = DIRECTION('',(0.,0.,-1.));
#2706 = ADVANCED_FACE('',(#2707),#2718,.T.);
#2707 = FACE_BOUND('',#2708,.T.);
#2708 = EDGE_LOOP('',(#2709,#2715,#2716,#2717));
#2709 = ORIENTED_EDGE('',*,*,#2710,.T.);
#2710 = EDGE_CURVE('',#1588,#1515,#2711,.T.);
#2711 = LINE('',#2712,#2713);
#2712 = CARTESIAN_POINT('',(-0.32,-2.22,0.95));
#2713 = VECTOR('',#2714,1.);
#2714 = DIRECTION('',(0.,-1.,0.));
#2715 = ORIENTED_EDGE('',*,*,#1514,.T.);
#2716 = ORIENTED_EDGE('',*,*,#1571,.F.);
#2717 = ORIENTED_EDGE('',*,*,#1587,.F.);
#2718 = CYLINDRICAL_SURFACE('',#2719,0.64);
#2719 = AXIS2_PLACEMENT_3D('',#2720,#2721,#2722);
#2720 = CARTESIAN_POINT('',(0.32,-2.22,0.95));
#2721 = DIRECTION('',(0.,-1.,0.));
#2722 = DIRECTION('',(-1.,0.,0.));
#2723 = ADVANCED_FACE('',(#2724),#2735,.T.);
#2724 = FACE_BOUND('',#2725,.T.);
#2725 = EDGE_LOOP('',(#2726,#2727,#2733,#2734));
#2726 = ORIENTED_EDGE('',*,*,#1615,.F.);
#2727 = ORIENTED_EDGE('',*,*,#2728,.T.);
#2728 = EDGE_CURVE('',#1608,#1542,#2729,.T.);
#2729 = LINE('',#2730,#2731);
#2730 = CARTESIAN_POINT('',(-0.32,-2.22,-2.84));
#2731 = VECTOR('',#2732,1.);
#2732 = DIRECTION('',(0.,-1.,0.));
#2733 = ORIENTED_EDGE('',*,*,#1549,.T.);
#2734 = ORIENTED_EDGE('',*,*,#2710,.F.);
#2735 = PLANE('',#2736);
#2736 = AXIS2_PLACEMENT_3D('',#2737,#2738,#2739);
#2737 = CARTESIAN_POINT('',(-0.32,-2.22,-3.));
#2738 = DIRECTION('',(-1.,0.,0.));
#2739 = DIRECTION('',(0.,0.,1.));
#2740 = ADVANCED_FACE('',(#2741),#2766,.F.);
#2741 = FACE_BOUND('',#2742,.F.);
#2742 = EDGE_LOOP('',(#2743,#2751,#2759,#2765));
#2743 = ORIENTED_EDGE('',*,*,#2744,.F.);
#2744 = EDGE_CURVE('',#2745,#1534,#2747,.T.);
#2745 = VERTEX_POINT('',#2746);
#2746 = CARTESIAN_POINT('',(0.16,-2.7,-3.));
#2747 = LINE('',#2748,#2749);
#2748 = CARTESIAN_POINT('',(0.16,-2.7,-3.));
#2749 = VECTOR('',#2750,1.);
#2750 = DIRECTION('',(0.57735026919,-0.57735026919,0.57735026919));
#2751 = ORIENTED_EDGE('',*,*,#2752,.T.);
#2752 = EDGE_CURVE('',#2745,#2753,#2755,.T.);
#2753 = VERTEX_POINT('',#2754);
#2754 = CARTESIAN_POINT('',(-0.16,-2.7,-3.));
#2755 = LINE('',#2756,#2757);
#2756 = CARTESIAN_POINT('',(0.32,-2.7,-3.));
#2757 = VECTOR('',#2758,1.);
#2758 = DIRECTION('',(-1.,0.,0.));
#2759 = ORIENTED_EDGE('',*,*,#2760,.T.);
#2760 = EDGE_CURVE('',#2753,#1542,#2761,.T.);
#2761 = LINE('',#2762,#2763);
#2762 = CARTESIAN_POINT('',(-5.333333333333E-02,-2.593333333333,
    -3.106666666667));
#2763 = VECTOR('',#2764,1.);
#2764 = DIRECTION('',(-0.57735026919,-0.57735026919,0.57735026919));
#2765 = ORIENTED_EDGE('',*,*,#1541,.F.);
#2766 = PLANE('',#2767);
#2767 = AXIS2_PLACEMENT_3D('',#2768,#2769,#2770);
#2768 = CARTESIAN_POINT('',(0.32,-2.78,-2.92));
#2769 = DIRECTION('',(1.735167508357E-18,0.707106781187,0.707106781187)
  );
#2770 = DIRECTION('',(-1.,1.226948711654E-18,1.226948711654E-18));
#2771 = ADVANCED_FACE('',(#2772),#2797,.T.);
#2772 = FACE_BOUND('',#2773,.F.);
#2773 = EDGE_LOOP('',(#2774,#2782,#2783,#2791));
#2774 = ORIENTED_EDGE('',*,*,#2775,.F.);
#2775 = EDGE_CURVE('',#1600,#2776,#2778,.T.);
#2776 = VERTEX_POINT('',#2777);
#2777 = CARTESIAN_POINT('',(0.16,-2.38,-3.));
#2778 = LINE('',#2779,#2780);
#2779 = CARTESIAN_POINT('',(0.266666666667,-2.273333333333,
    -2.893333333333));
#2780 = VECTOR('',#2781,1.);
#2781 = DIRECTION('',(-0.57735026919,-0.57735026919,-0.57735026919));
#2782 = ORIENTED_EDGE('',*,*,#1607,.T.);
#2783 = ORIENTED_EDGE('',*,*,#2784,.T.);
#2784 = EDGE_CURVE('',#1608,#2785,#2787,.T.);
#2785 = VERTEX_POINT('',#2786);
#2786 = CARTESIAN_POINT('',(-0.16,-2.38,-3.));
#2787 = LINE('',#2788,#2789);
#2788 = CARTESIAN_POINT('',(-0.16,-2.38,-3.));
#2789 = VECTOR('',#2790,1.);
#2790 = DIRECTION('',(0.57735026919,-0.57735026919,-0.57735026919));
#2791 = ORIENTED_EDGE('',*,*,#2792,.F.);
#2792 = EDGE_CURVE('',#2776,#2785,#2793,.T.);
#2793 = LINE('',#2794,#2795);
#2794 = CARTESIAN_POINT('',(0.32,-2.38,-3.));
#2795 = VECTOR('',#2796,1.);
#2796 = DIRECTION('',(-1.,0.,0.));
#2797 = PLANE('',#2798);
#2798 = AXIS2_PLACEMENT_3D('',#2799,#2800,#2801);
#2799 = CARTESIAN_POINT('',(0.32,-2.3,-2.92));
#2800 = DIRECTION('',(-1.735167508357E-18,0.707106781187,-0.707106781187
    ));
#2801 = DIRECTION('',(1.,1.226948711654E-18,-1.226948711654E-18));
#2802 = ADVANCED_FACE('',(#2803),#2814,.T.);
#2803 = FACE_BOUND('',#2804,.T.);
#2804 = EDGE_LOOP('',(#2805,#2811,#2812,#2813));
#2805 = ORIENTED_EDGE('',*,*,#2806,.T.);
#2806 = EDGE_CURVE('',#1661,#1734,#2807,.T.);
#2807 = LINE('',#2808,#2809);
#2808 = CARTESIAN_POINT('',(-0.32,0.32,0.95));
#2809 = VECTOR('',#2810,1.);
#2810 = DIRECTION('',(0.,-1.,0.));
#2811 = ORIENTED_EDGE('',*,*,#1733,.T.);
#2812 = ORIENTED_EDGE('',*,*,#1637,.F.);
#2813 = ORIENTED_EDGE('',*,*,#1660,.F.);
#2814 = CYLINDRICAL_SURFACE('',#2815,0.64);
#2815 = AXIS2_PLACEMENT_3D('',#2816,#2817,#2818);
#2816 = CARTESIAN_POINT('',(0.32,0.32,0.95));
#2817 = DIRECTION('',(0.,-1.,0.));
#2818 = DIRECTION('',(-1.,0.,0.));
#2819 = ADVANCED_FACE('',(#2820),#2831,.T.);
#2820 = FACE_BOUND('',#2821,.T.);
#2821 = EDGE_LOOP('',(#2822,#2823,#2829,#2830));
#2822 = ORIENTED_EDGE('',*,*,#1695,.F.);
#2823 = ORIENTED_EDGE('',*,*,#2824,.T.);
#2824 = EDGE_CURVE('',#1688,#1754,#2825,.T.);
#2825 = LINE('',#2826,#2827);
#2826 = CARTESIAN_POINT('',(-0.32,0.32,-2.84));
#2827 = VECTOR('',#2828,1.);
#2828 = DIRECTION('',(0.,-1.,0.));
#2829 = ORIENTED_EDGE('',*,*,#1761,.T.);
#2830 = ORIENTED_EDGE('',*,*,#2806,.F.);
#2831 = PLANE('',#2832);
#2832 = AXIS2_PLACEMENT_3D('',#2833,#2834,#2835);
#2833 = CARTESIAN_POINT('',(-0.32,0.32,-3.));
#2834 = DIRECTION('',(-1.,0.,0.));
#2835 = DIRECTION('',(0.,0.,1.));
#2836 = ADVANCED_FACE('',(#2837),#2862,.T.);
#2837 = FACE_BOUND('',#2838,.F.);
#2838 = EDGE_LOOP('',(#2839,#2847,#2848,#2856));
#2839 = ORIENTED_EDGE('',*,*,#2840,.F.);
#2840 = EDGE_CURVE('',#1680,#2841,#2843,.T.);
#2841 = VERTEX_POINT('',#2842);
#2842 = CARTESIAN_POINT('',(0.16,0.16,-3.));
#2843 = LINE('',#2844,#2845);
#2844 = CARTESIAN_POINT('',(0.266666666667,0.266666666667,
    -2.893333333333));
#2845 = VECTOR('',#2846,1.);
#2846 = DIRECTION('',(-0.57735026919,-0.57735026919,-0.57735026919));
#2847 = ORIENTED_EDGE('',*,*,#1687,.T.);
#2848 = ORIENTED_EDGE('',*,*,#2849,.T.);
#2849 = EDGE_CURVE('',#1688,#2850,#2852,.T.);
#2850 = VERTEX_POINT('',#2851);
#2851 = CARTESIAN_POINT('',(-0.16,0.16,-3.));
#2852 = LINE('',#2853,#2854);
#2853 = CARTESIAN_POINT('',(-0.16,0.16,-3.));
#2854 = VECTOR('',#2855,1.);
#2855 = DIRECTION('',(0.57735026919,-0.57735026919,-0.57735026919));
#2856 = ORIENTED_EDGE('',*,*,#2857,.F.);
#2857 = EDGE_CURVE('',#2841,#2850,#2858,.T.);
#2858 = LINE('',#2859,#2860);
#2859 = CARTESIAN_POINT('',(0.32,0.16,-3.));
#2860 = VECTOR('',#2861,1.);
#2861 = DIRECTION('',(-1.,0.,0.));
#2862 = PLANE('',#2863);
#2863 = AXIS2_PLACEMENT_3D('',#2864,#2865,#2866);
#2864 = CARTESIAN_POINT('',(0.32,0.24,-2.92));
#2865 = DIRECTION('',(-1.735167508357E-18,0.707106781187,-0.707106781187
    ));
#2866 = DIRECTION('',(1.,1.226948711654E-18,-1.226948711654E-18));
#2867 = ADVANCED_FACE('',(#2868),#2879,.T.);
#2868 = FACE_BOUND('',#2869,.T.);
#2869 = EDGE_LOOP('',(#2870,#2871,#2872,#2873));
#2870 = ORIENTED_EDGE('',*,*,#1679,.F.);
#2871 = ORIENTED_EDGE('',*,*,#1719,.T.);
#2872 = ORIENTED_EDGE('',*,*,#1745,.T.);
#2873 = ORIENTED_EDGE('',*,*,#2874,.F.);
#2874 = EDGE_CURVE('',#1680,#1746,#2875,.T.);
#2875 = LINE('',#2876,#2877);
#2876 = CARTESIAN_POINT('',(0.32,0.32,-2.84));
#2877 = VECTOR('',#2878,1.);
#2878 = DIRECTION('',(0.,-1.,0.));
#2879 = PLANE('',#2880);
#2880 = AXIS2_PLACEMENT_3D('',#2881,#2882,#2883);
#2881 = CARTESIAN_POINT('',(0.32,0.32,0.95));
#2882 = DIRECTION('',(1.,0.,0.));
#2883 = DIRECTION('',(0.,0.,-1.));
#2884 = ADVANCED_FACE('',(#2885),#2910,.F.);
#2885 = FACE_BOUND('',#2886,.F.);
#2886 = EDGE_LOOP('',(#2887,#2895,#2903,#2909));
#2887 = ORIENTED_EDGE('',*,*,#2888,.F.);
#2888 = EDGE_CURVE('',#2889,#1746,#2891,.T.);
#2889 = VERTEX_POINT('',#2890);
#2890 = CARTESIAN_POINT('',(0.16,-0.16,-3.));
#2891 = LINE('',#2892,#2893);
#2892 = CARTESIAN_POINT('',(0.16,-0.16,-3.));
#2893 = VECTOR('',#2894,1.);
#2894 = DIRECTION('',(0.57735026919,-0.57735026919,0.57735026919));
#2895 = ORIENTED_EDGE('',*,*,#2896,.T.);
#2896 = EDGE_CURVE('',#2889,#2897,#2899,.T.);
#2897 = VERTEX_POINT('',#2898);
#2898 = CARTESIAN_POINT('',(-0.16,-0.16,-3.));
#2899 = LINE('',#2900,#2901);
#2900 = CARTESIAN_POINT('',(0.32,-0.16,-3.));
#2901 = VECTOR('',#2902,1.);
#2902 = DIRECTION('',(-1.,0.,0.));
#2903 = ORIENTED_EDGE('',*,*,#2904,.T.);
#2904 = EDGE_CURVE('',#2897,#1754,#2905,.T.);
#2905 = LINE('',#2906,#2907);
#2906 = CARTESIAN_POINT('',(-5.333333333333E-02,-5.333333333333E-02,
    -3.106666666667));
#2907 = VECTOR('',#2908,1.);
#2908 = DIRECTION('',(-0.57735026919,-0.57735026919,0.57735026919));
#2909 = ORIENTED_EDGE('',*,*,#1753,.F.);
#2910 = PLANE('',#2911);
#2911 = AXIS2_PLACEMENT_3D('',#2912,#2913,#2914);
#2912 = CARTESIAN_POINT('',(0.32,-0.24,-2.92));
#2913 = DIRECTION('',(1.735167508357E-18,0.707106781187,0.707106781187)
  );
#2914 = DIRECTION('',(-1.,1.226948711654E-18,1.226948711654E-18));
#2915 = ADVANCED_FACE('',(#2916),#2927,.T.);
#2916 = FACE_BOUND('',#2917,.T.);
#2917 = EDGE_LOOP('',(#2918,#2924,#2925,#2926));
#2918 = ORIENTED_EDGE('',*,*,#2919,.T.);
#2919 = EDGE_CURVE('',#1776,#1856,#2920,.T.);
#2920 = LINE('',#2921,#2922);
#2921 = CARTESIAN_POINT('',(-0.32,-4.76,0.95));
#2922 = VECTOR('',#2923,1.);
#2923 = DIRECTION('',(0.,-1.,0.));
#2924 = ORIENTED_EDGE('',*,*,#1855,.T.);
#2925 = ORIENTED_EDGE('',*,*,#1905,.F.);
#2926 = ORIENTED_EDGE('',*,*,#1775,.F.);
#2927 = CYLINDRICAL_SURFACE('',#2928,0.64);
#2928 = AXIS2_PLACEMENT_3D('',#2929,#2930,#2931);
#2929 = CARTESIAN_POINT('',(0.32,-4.76,0.95));
#2930 = DIRECTION('',(0.,-1.,0.));
#2931 = DIRECTION('',(-1.,0.,0.));
#2932 = ADVANCED_FACE('',(#2933),#2944,.T.);
#2933 = FACE_BOUND('',#2934,.T.);
#2934 = EDGE_LOOP('',(#2935,#2936,#2942,#2943));
#2935 = ORIENTED_EDGE('',*,*,#1817,.F.);
#2936 = ORIENTED_EDGE('',*,*,#2937,.T.);
#2937 = EDGE_CURVE('',#1810,#1883,#2938,.T.);
#2938 = LINE('',#2939,#2940);
#2939 = CARTESIAN_POINT('',(-0.32,-4.76,-2.84));
#2940 = VECTOR('',#2941,1.);
#2941 = DIRECTION('',(0.,-1.,0.));
#2942 = ORIENTED_EDGE('',*,*,#1890,.T.);
#2943 = ORIENTED_EDGE('',*,*,#2919,.F.);
#2944 = PLANE('',#2945);
#2945 = AXIS2_PLACEMENT_3D('',#2946,#2947,#2948);
#2946 = CARTESIAN_POINT('',(-0.32,-4.76,-3.));
#2947 = DIRECTION('',(-1.,0.,0.));
#2948 = DIRECTION('',(0.,0.,1.));
#2949 = ADVANCED_FACE('',(#2950),#2975,.T.);
#2950 = FACE_BOUND('',#2951,.F.);
#2951 = EDGE_LOOP('',(#2952,#2960,#2961,#2969));
#2952 = ORIENTED_EDGE('',*,*,#2953,.F.);
#2953 = EDGE_CURVE('',#1802,#2954,#2956,.T.);
#2954 = VERTEX_POINT('',#2955);
#2955 = CARTESIAN_POINT('',(0.16,-4.92,-3.));
#2956 = LINE('',#2957,#2958);
#2957 = CARTESIAN_POINT('',(0.266666666667,-4.813333333333,
    -2.893333333333));
#2958 = VECTOR('',#2959,1.);
#2959 = DIRECTION('',(-0.57735026919,-0.57735026919,-0.57735026919));
#2960 = ORIENTED_EDGE('',*,*,#1809,.T.);
#2961 = ORIENTED_EDGE('',*,*,#2962,.T.);
#2962 = EDGE_CURVE('',#1810,#2963,#2965,.T.);
#2963 = VERTEX_POINT('',#2964);
#2964 = CARTESIAN_POINT('',(-0.16,-4.92,-3.));
#2965 = LINE('',#2966,#2967);
#2966 = CARTESIAN_POINT('',(-0.16,-4.92,-3.));
#2967 = VECTOR('',#2968,1.);
#2968 = DIRECTION('',(0.57735026919,-0.57735026919,-0.57735026919));
#2969 = ORIENTED_EDGE('',*,*,#2970,.F.);
#2970 = EDGE_CURVE('',#2954,#2963,#2971,.T.);
#2971 = LINE('',#2972,#2973);
#2972 = CARTESIAN_POINT('',(0.32,-4.92,-3.));
#2973 = VECTOR('',#2974,1.);
#2974 = DIRECTION('',(-1.,0.,0.));
#2975 = PLANE('',#2976);
#2976 = AXIS2_PLACEMENT_3D('',#2977,#2978,#2979);
#2977 = CARTESIAN_POINT('',(0.32,-4.84,-2.92));
#2978 = DIRECTION('',(-1.735167508357E-18,0.707106781187,-0.707106781187
    ));
#2979 = DIRECTION('',(1.,1.226948711654E-18,-1.226948711654E-18));
#2980 = ADVANCED_FACE('',(#2981),#2992,.T.);
#2981 = FACE_BOUND('',#2982,.T.);
#2982 = EDGE_LOOP('',(#2983,#2984,#2985,#2986));
#2983 = ORIENTED_EDGE('',*,*,#1801,.F.);
#2984 = ORIENTED_EDGE('',*,*,#1841,.T.);
#2985 = ORIENTED_EDGE('',*,*,#1874,.T.);
#2986 = ORIENTED_EDGE('',*,*,#2987,.F.);
#2987 = EDGE_CURVE('',#1802,#1875,#2988,.T.);
#2988 = LINE('',#2989,#2990);
#2989 = CARTESIAN_POINT('',(0.32,-4.76,-2.84));
#2990 = VECTOR('',#2991,1.);
#2991 = DIRECTION('',(0.,-1.,0.));
#2992 = PLANE('',#2993);
#2993 = AXIS2_PLACEMENT_3D('',#2994,#2995,#2996);
#2994 = CARTESIAN_POINT('',(0.32,-4.76,0.95));
#2995 = DIRECTION('',(1.,0.,0.));
#2996 = DIRECTION('',(0.,0.,-1.));
#2997 = ADVANCED_FACE('',(#2998),#3023,.F.);
#2998 = FACE_BOUND('',#2999,.F.);
#2999 = EDGE_LOOP('',(#3000,#3008,#3016,#3022));
#3000 = ORIENTED_EDGE('',*,*,#3001,.F.);
#3001 = EDGE_CURVE('',#3002,#1875,#3004,.T.);
#3002 = VERTEX_POINT('',#3003);
#3003 = CARTESIAN_POINT('',(0.16,-5.24,-3.));
#3004 = LINE('',#3005,#3006);
#3005 = CARTESIAN_POINT('',(0.16,-5.24,-3.));
#3006 = VECTOR('',#3007,1.);
#3007 = DIRECTION('',(0.57735026919,-0.57735026919,0.57735026919));
#3008 = ORIENTED_EDGE('',*,*,#3009,.T.);
#3009 = EDGE_CURVE('',#3002,#3010,#3012,.T.);
#3010 = VERTEX_POINT('',#3011);
#3011 = CARTESIAN_POINT('',(-0.16,-5.24,-3.));
#3012 = LINE('',#3013,#3014);
#3013 = CARTESIAN_POINT('',(0.32,-5.24,-3.));
#3014 = VECTOR('',#3015,1.);
#3015 = DIRECTION('',(-1.,0.,0.));
#3016 = ORIENTED_EDGE('',*,*,#3017,.T.);
#3017 = EDGE_CURVE('',#3010,#1883,#3018,.T.);
#3018 = LINE('',#3019,#3020);
#3019 = CARTESIAN_POINT('',(-5.333333333333E-02,-5.133333333333,
    -3.106666666667));
#3020 = VECTOR('',#3021,1.);
#3021 = DIRECTION('',(-0.57735026919,-0.57735026919,0.57735026919));
#3022 = ORIENTED_EDGE('',*,*,#1882,.F.);
#3023 = PLANE('',#3024);
#3024 = AXIS2_PLACEMENT_3D('',#3025,#3026,#3027);
#3025 = CARTESIAN_POINT('',(0.32,-5.32,-2.92));
#3026 = DIRECTION('',(1.735167508357E-18,0.707106781187,0.707106781187)
  );
#3027 = DIRECTION('',(-1.,1.226948711654E-18,1.226948711654E-18));
#3028 = ADVANCED_FACE('',(#3029),#3040,.T.);
#3029 = FACE_BOUND('',#3030,.T.);
#3030 = EDGE_LOOP('',(#3031,#3037,#3038,#3039));
#3031 = ORIENTED_EDGE('',*,*,#3032,.T.);
#3032 = EDGE_CURVE('',#1953,#2026,#3033,.T.);
#3033 = LINE('',#3034,#3035);
#3034 = CARTESIAN_POINT('',(-0.32,-9.84,0.95));
#3035 = VECTOR('',#3036,1.);
#3036 = DIRECTION('',(0.,-1.,0.));
#3037 = ORIENTED_EDGE('',*,*,#2025,.T.);
#3038 = ORIENTED_EDGE('',*,*,#1929,.F.);
#3039 = ORIENTED_EDGE('',*,*,#1952,.F.);
#3040 = CYLINDRICAL_SURFACE('',#3041,0.64);
#3041 = AXIS2_PLACEMENT_3D('',#3042,#3043,#3044);
#3042 = CARTESIAN_POINT('',(0.32,-9.84,0.95));
#3043 = DIRECTION('',(0.,-1.,0.));
#3044 = DIRECTION('',(-1.,0.,0.));
#3045 = ADVANCED_FACE('',(#3046),#3057,.T.);
#3046 = FACE_BOUND('',#3047,.T.);
#3047 = EDGE_LOOP('',(#3048,#3049,#3055,#3056));
#3048 = ORIENTED_EDGE('',*,*,#1987,.F.);
#3049 = ORIENTED_EDGE('',*,*,#3050,.T.);
#3050 = EDGE_CURVE('',#1980,#2046,#3051,.T.);
#3051 = LINE('',#3052,#3053);
#3052 = CARTESIAN_POINT('',(-0.32,-9.84,-2.84));
#3053 = VECTOR('',#3054,1.);
#3054 = DIRECTION('',(0.,-1.,0.));
#3055 = ORIENTED_EDGE('',*,*,#2053,.T.);
#3056 = ORIENTED_EDGE('',*,*,#3032,.F.);
#3057 = PLANE('',#3058);
#3058 = AXIS2_PLACEMENT_3D('',#3059,#3060,#3061);
#3059 = CARTESIAN_POINT('',(-0.32,-9.84,-3.));
#3060 = DIRECTION('',(-1.,0.,0.));
#3061 = DIRECTION('',(0.,0.,1.));
#3062 = ADVANCED_FACE('',(#3063),#3088,.T.);
#3063 = FACE_BOUND('',#3064,.F.);
#3064 = EDGE_LOOP('',(#3065,#3073,#3074,#3082));
#3065 = ORIENTED_EDGE('',*,*,#3066,.F.);
#3066 = EDGE_CURVE('',#1972,#3067,#3069,.T.);
#3067 = VERTEX_POINT('',#3068);
#3068 = CARTESIAN_POINT('',(0.16,-10.,-3.));
#3069 = LINE('',#3070,#3071);
#3070 = CARTESIAN_POINT('',(0.266666666667,-9.893333333333,
    -2.893333333333));
#3071 = VECTOR('',#3072,1.);
#3072 = DIRECTION('',(-0.57735026919,-0.57735026919,-0.57735026919));
#3073 = ORIENTED_EDGE('',*,*,#1979,.T.);
#3074 = ORIENTED_EDGE('',*,*,#3075,.T.);
#3075 = EDGE_CURVE('',#1980,#3076,#3078,.T.);
#3076 = VERTEX_POINT('',#3077);
#3077 = CARTESIAN_POINT('',(-0.16,-10.,-3.));
#3078 = LINE('',#3079,#3080);
#3079 = CARTESIAN_POINT('',(-0.16,-10.,-3.));
#3080 = VECTOR('',#3081,1.);
#3081 = DIRECTION('',(0.57735026919,-0.57735026919,-0.57735026919));
#3082 = ORIENTED_EDGE('',*,*,#3083,.F.);
#3083 = EDGE_CURVE('',#3067,#3076,#3084,.T.);
#3084 = LINE('',#3085,#3086);
#3085 = CARTESIAN_POINT('',(0.32,-10.,-3.));
#3086 = VECTOR('',#3087,1.);
#3087 = DIRECTION('',(-1.,0.,0.));
#3088 = PLANE('',#3089);
#3089 = AXIS2_PLACEMENT_3D('',#3090,#3091,#3092);
#3090 = CARTESIAN_POINT('',(0.32,-9.92,-2.92));
#3091 = DIRECTION('',(-1.735167508357E-18,0.707106781187,-0.707106781187
    ));
#3092 = DIRECTION('',(1.,1.226948711654E-18,-1.226948711654E-18));
#3093 = ADVANCED_FACE('',(#3094),#3105,.T.);
#3094 = FACE_BOUND('',#3095,.T.);
#3095 = EDGE_LOOP('',(#3096,#3097,#3098,#3099));
#3096 = ORIENTED_EDGE('',*,*,#1971,.F.);
#3097 = ORIENTED_EDGE('',*,*,#2011,.T.);
#3098 = ORIENTED_EDGE('',*,*,#2037,.T.);
#3099 = ORIENTED_EDGE('',*,*,#3100,.F.);
#3100 = EDGE_CURVE('',#1972,#2038,#3101,.T.);
#3101 = LINE('',#3102,#3103);
#3102 = CARTESIAN_POINT('',(0.32,-9.84,-2.84));
#3103 = VECTOR('',#3104,1.);
#3104 = DIRECTION('',(0.,-1.,0.));
#3105 = PLANE('',#3106);
#3106 = AXIS2_PLACEMENT_3D('',#3107,#3108,#3109);
#3107 = CARTESIAN_POINT('',(0.32,-9.84,0.95));
#3108 = DIRECTION('',(1.,0.,0.));
#3109 = DIRECTION('',(0.,0.,-1.));
#3110 = ADVANCED_FACE('',(#3111),#3136,.F.);
#3111 = FACE_BOUND('',#3112,.F.);
#3112 = EDGE_LOOP('',(#3113,#3121,#3129,#3135));
#3113 = ORIENTED_EDGE('',*,*,#3114,.F.);
#3114 = EDGE_CURVE('',#3115,#2038,#3117,.T.);
#3115 = VERTEX_POINT('',#3116);
#3116 = CARTESIAN_POINT('',(0.16,-10.32,-3.));
#3117 = LINE('',#3118,#3119);
#3118 = CARTESIAN_POINT('',(0.16,-10.32,-3.));
#3119 = VECTOR('',#3120,1.);
#3120 = DIRECTION('',(0.57735026919,-0.57735026919,0.57735026919));
#3121 = ORIENTED_EDGE('',*,*,#3122,.T.);
#3122 = EDGE_CURVE('',#3115,#3123,#3125,.T.);
#3123 = VERTEX_POINT('',#3124);
#3124 = CARTESIAN_POINT('',(-0.16,-10.32,-3.));
#3125 = LINE('',#3126,#3127);
#3126 = CARTESIAN_POINT('',(0.32,-10.32,-3.));
#3127 = VECTOR('',#3128,1.);
#3128 = DIRECTION('',(-1.,0.,0.));
#3129 = ORIENTED_EDGE('',*,*,#3130,.T.);
#3130 = EDGE_CURVE('',#3123,#2046,#3131,.T.);
#3131 = LINE('',#3132,#3133);
#3132 = CARTESIAN_POINT('',(-5.333333333333E-02,-10.21333333333,
    -3.106666666667));
#3133 = VECTOR('',#3134,1.);
#3134 = DIRECTION('',(-0.57735026919,-0.57735026919,0.57735026919));
#3135 = ORIENTED_EDGE('',*,*,#2045,.F.);
#3136 = PLANE('',#3137);
#3137 = AXIS2_PLACEMENT_3D('',#3138,#3139,#3140);
#3138 = CARTESIAN_POINT('',(0.32,-10.4,-2.92));
#3139 = DIRECTION('',(1.735167508357E-18,0.707106781187,0.707106781187)
  );
#3140 = DIRECTION('',(-1.,1.226948711654E-18,1.226948711654E-18));
#3141 = ADVANCED_FACE('',(#3142),#3153,.T.);
#3142 = FACE_BOUND('',#3143,.T.);
#3143 = EDGE_LOOP('',(#3144,#3150,#3151,#3152));
#3144 = ORIENTED_EDGE('',*,*,#3145,.T.);
#3145 = EDGE_CURVE('',#2099,#2172,#3146,.T.);
#3146 = LINE('',#3147,#3148);
#3147 = CARTESIAN_POINT('',(-0.32,-7.3,0.95));
#3148 = VECTOR('',#3149,1.);
#3149 = DIRECTION('',(0.,-1.,0.));
#3150 = ORIENTED_EDGE('',*,*,#2171,.T.);
#3151 = ORIENTED_EDGE('',*,*,#2075,.F.);
#3152 = ORIENTED_EDGE('',*,*,#2098,.F.);
#3153 = CYLINDRICAL_SURFACE('',#3154,0.64);
#3154 = AXIS2_PLACEMENT_3D('',#3155,#3156,#3157);
#3155 = CARTESIAN_POINT('',(0.32,-7.3,0.95));
#3156 = DIRECTION('',(0.,-1.,0.));
#3157 = DIRECTION('',(-1.,0.,0.));
#3158 = ADVANCED_FACE('',(#3159),#3170,.T.);
#3159 = FACE_BOUND('',#3160,.T.);
#3160 = EDGE_LOOP('',(#3161,#3162,#3168,#3169));
#3161 = ORIENTED_EDGE('',*,*,#2133,.F.);
#3162 = ORIENTED_EDGE('',*,*,#3163,.T.);
#3163 = EDGE_CURVE('',#2126,#2192,#3164,.T.);
#3164 = LINE('',#3165,#3166);
#3165 = CARTESIAN_POINT('',(-0.32,-7.3,-2.84));
#3166 = VECTOR('',#3167,1.);
#3167 = DIRECTION('',(0.,-1.,0.));
#3168 = ORIENTED_EDGE('',*,*,#2199,.T.);
#3169 = ORIENTED_EDGE('',*,*,#3145,.F.);
#3170 = PLANE('',#3171);
#3171 = AXIS2_PLACEMENT_3D('',#3172,#3173,#3174);
#3172 = CARTESIAN_POINT('',(-0.32,-7.3,-3.));
#3173 = DIRECTION('',(-1.,0.,0.));
#3174 = DIRECTION('',(0.,0.,1.));
#3175 = ADVANCED_FACE('',(#3176),#3201,.T.);
#3176 = FACE_BOUND('',#3177,.F.);
#3177 = EDGE_LOOP('',(#3178,#3186,#3187,#3195));
#3178 = ORIENTED_EDGE('',*,*,#3179,.F.);
#3179 = EDGE_CURVE('',#2118,#3180,#3182,.T.);
#3180 = VERTEX_POINT('',#3181);
#3181 = CARTESIAN_POINT('',(0.16,-7.46,-3.));
#3182 = LINE('',#3183,#3184);
#3183 = CARTESIAN_POINT('',(0.266666666667,-7.353333333333,
    -2.893333333333));
#3184 = VECTOR('',#3185,1.);
#3185 = DIRECTION('',(-0.57735026919,-0.57735026919,-0.57735026919));
#3186 = ORIENTED_EDGE('',*,*,#2125,.T.);
#3187 = ORIENTED_EDGE('',*,*,#3188,.T.);
#3188 = EDGE_CURVE('',#2126,#3189,#3191,.T.);
#3189 = VERTEX_POINT('',#3190);
#3190 = CARTESIAN_POINT('',(-0.16,-7.46,-3.));
#3191 = LINE('',#3192,#3193);
#3192 = CARTESIAN_POINT('',(-0.16,-7.46,-3.));
#3193 = VECTOR('',#3194,1.);
#3194 = DIRECTION('',(0.57735026919,-0.57735026919,-0.57735026919));
#3195 = ORIENTED_EDGE('',*,*,#3196,.F.);
#3196 = EDGE_CURVE('',#3180,#3189,#3197,.T.);
#3197 = LINE('',#3198,#3199);
#3198 = CARTESIAN_POINT('',(0.32,-7.46,-3.));
#3199 = VECTOR('',#3200,1.);
#3200 = DIRECTION('',(-1.,0.,0.));
#3201 = PLANE('',#3202);
#3202 = AXIS2_PLACEMENT_3D('',#3203,#3204,#3205);
#3203 = CARTESIAN_POINT('',(0.32,-7.38,-2.92));
#3204 = DIRECTION('',(-1.735167508357E-18,0.707106781187,-0.707106781187
    ));
#3205 = DIRECTION('',(1.,1.226948711654E-18,-1.226948711654E-18));
#3206 = ADVANCED_FACE('',(#3207),#3218,.T.);
#3207 = FACE_BOUND('',#3208,.T.);
#3208 = EDGE_LOOP('',(#3209,#3210,#3211,#3212));
#3209 = ORIENTED_EDGE('',*,*,#2117,.F.);
#3210 = ORIENTED_EDGE('',*,*,#2157,.T.);
#3211 = ORIENTED_EDGE('',*,*,#2183,.T.);
#3212 = ORIENTED_EDGE('',*,*,#3213,.F.);
#3213 = EDGE_CURVE('',#2118,#2184,#3214,.T.);
#3214 = LINE('',#3215,#3216);
#3215 = CARTESIAN_POINT('',(0.32,-7.3,-2.84));
#3216 = VECTOR('',#3217,1.);
#3217 = DIRECTION('',(0.,-1.,0.));
#3218 = PLANE('',#3219);
#3219 = AXIS2_PLACEMENT_3D('',#3220,#3221,#3222);
#3220 = CARTESIAN_POINT('',(0.32,-7.3,0.95));
#3221 = DIRECTION('',(1.,0.,0.));
#3222 = DIRECTION('',(0.,0.,-1.));
#3223 = ADVANCED_FACE('',(#3224),#3249,.F.);
#3224 = FACE_BOUND('',#3225,.F.);
#3225 = EDGE_LOOP('',(#3226,#3234,#3242,#3248));
#3226 = ORIENTED_EDGE('',*,*,#3227,.F.);
#3227 = EDGE_CURVE('',#3228,#2184,#3230,.T.);
#3228 = VERTEX_POINT('',#3229);
#3229 = CARTESIAN_POINT('',(0.16,-7.78,-3.));
#3230 = LINE('',#3231,#3232);
#3231 = CARTESIAN_POINT('',(0.16,-7.78,-3.));
#3232 = VECTOR('',#3233,1.);
#3233 = DIRECTION('',(0.57735026919,-0.57735026919,0.57735026919));
#3234 = ORIENTED_EDGE('',*,*,#3235,.T.);
#3235 = EDGE_CURVE('',#3228,#3236,#3238,.T.);
#3236 = VERTEX_POINT('',#3237);
#3237 = CARTESIAN_POINT('',(-0.16,-7.78,-3.));
#3238 = LINE('',#3239,#3240);
#3239 = CARTESIAN_POINT('',(0.32,-7.78,-3.));
#3240 = VECTOR('',#3241,1.);
#3241 = DIRECTION('',(-1.,0.,0.));
#3242 = ORIENTED_EDGE('',*,*,#3243,.T.);
#3243 = EDGE_CURVE('',#3236,#2192,#3244,.T.);
#3244 = LINE('',#3245,#3246);
#3245 = CARTESIAN_POINT('',(-5.333333333333E-02,-7.673333333333,
    -3.106666666667));
#3246 = VECTOR('',#3247,1.);
#3247 = DIRECTION('',(-0.57735026919,-0.57735026919,0.57735026919));
#3248 = ORIENTED_EDGE('',*,*,#2191,.F.);
#3249 = PLANE('',#3250);
#3250 = AXIS2_PLACEMENT_3D('',#3251,#3252,#3253);
#3251 = CARTESIAN_POINT('',(0.32,-7.86,-2.92));
#3252 = DIRECTION('',(1.735167508357E-18,0.707106781187,0.707106781187)
  );
#3253 = DIRECTION('',(-1.,1.226948711654E-18,1.226948711654E-18));
#3254 = ADVANCED_FACE('',(#3255),#3280,.T.);
#3255 = FACE_BOUND('',#3256,.F.);
#3256 = EDGE_LOOP('',(#3257,#3265,#3266,#3274));
#3257 = ORIENTED_EDGE('',*,*,#3258,.F.);
#3258 = EDGE_CURVE('',#2214,#3259,#3261,.T.);
#3259 = VERTEX_POINT('',#3260);
#3260 = CARTESIAN_POINT('',(10.04,-2.38,1.11));
#3261 = LINE('',#3262,#3263);
#3262 = CARTESIAN_POINT('',(10.04,-2.38,1.11));
#3263 = VECTOR('',#3264,1.);
#3264 = DIRECTION('',(0.57735026919,-0.57735026919,0.57735026919));
#3265 = ORIENTED_EDGE('',*,*,#2221,.T.);
#3266 = ORIENTED_EDGE('',*,*,#3267,.T.);
#3267 = EDGE_CURVE('',#2222,#3268,#3270,.T.);
#3268 = VERTEX_POINT('',#3269);
#3269 = CARTESIAN_POINT('',(10.04,-2.7,1.11));
#3270 = LINE('',#3271,#3272);
#3271 = CARTESIAN_POINT('',(10.146666666667,-2.593333333333,
    1.216666666667));
#3272 = VECTOR('',#3273,1.);
#3273 = DIRECTION('',(0.57735026919,0.57735026919,0.57735026919));
#3274 = ORIENTED_EDGE('',*,*,#3275,.F.);
#3275 = EDGE_CURVE('',#3259,#3268,#3276,.T.);
#3276 = LINE('',#3277,#3278);
#3277 = CARTESIAN_POINT('',(10.04,-2.22,1.11));
#3278 = VECTOR('',#3279,1.);
#3279 = DIRECTION('',(0.,-1.,0.));
#3280 = PLANE('',#3281);
#3281 = AXIS2_PLACEMENT_3D('',#3282,#3283,#3284);
#3282 = CARTESIAN_POINT('',(9.96,-2.22,1.03));
#3283 = DIRECTION('',(0.707106781187,0.,-0.707106781187));
#3284 = DIRECTION('',(0.,1.,0.));
#3285 = ADVANCED_FACE('',(#3286),#3304,.F.);
#3286 = FACE_BOUND('',#3287,.T.);
#3287 = EDGE_LOOP('',(#3288,#3296,#3297,#3298));
#3288 = ORIENTED_EDGE('',*,*,#3289,.F.);
#3289 = EDGE_CURVE('',#2246,#3290,#3292,.T.);
#3290 = VERTEX_POINT('',#3291);
#3291 = CARTESIAN_POINT('',(10.04,-2.7,1.43));
#3292 = LINE('',#3293,#3294);
#3293 = CARTESIAN_POINT('',(10.04,-2.7,1.43));
#3294 = VECTOR('',#3295,1.);
#3295 = DIRECTION('',(0.57735026919,0.57735026919,-0.57735026919));
#3296 = ORIENTED_EDGE('',*,*,#2253,.T.);
#3297 = ORIENTED_EDGE('',*,*,#3267,.T.);
#3298 = ORIENTED_EDGE('',*,*,#3299,.F.);
#3299 = EDGE_CURVE('',#3290,#3268,#3300,.T.);
#3300 = LINE('',#3301,#3302);
#3301 = CARTESIAN_POINT('',(10.04,-2.7,1.59));
#3302 = VECTOR('',#3303,1.);
#3303 = DIRECTION('',(0.,0.,-1.));
#3304 = PLANE('',#3305);
#3305 = AXIS2_PLACEMENT_3D('',#3306,#3307,#3308);
#3306 = CARTESIAN_POINT('',(9.96,-2.78,1.59));
#3307 = DIRECTION('',(-0.707106781187,0.707106781187,1.735167508357E-18)
  );
#3308 = DIRECTION('',(1.226948711654E-18,-1.226948711654E-18,1.));
#3309 = ADVANCED_FACE('',(#3310),#3328,.T.);
#3310 = FACE_BOUND('',#3311,.T.);
#3311 = EDGE_LOOP('',(#3312,#3320,#3321,#3322));
#3312 = ORIENTED_EDGE('',*,*,#3313,.F.);
#3313 = EDGE_CURVE('',#2269,#3314,#3316,.T.);
#3314 = VERTEX_POINT('',#3315);
#3315 = CARTESIAN_POINT('',(10.04,-2.38,1.43));
#3316 = LINE('',#3317,#3318);
#3317 = CARTESIAN_POINT('',(9.933333333333,-2.273333333333,
    1.536666666667));
#3318 = VECTOR('',#3319,1.);
#3319 = DIRECTION('',(0.57735026919,-0.57735026919,-0.57735026919));
#3320 = ORIENTED_EDGE('',*,*,#2278,.T.);
#3321 = ORIENTED_EDGE('',*,*,#3289,.T.);
#3322 = ORIENTED_EDGE('',*,*,#3323,.F.);
#3323 = EDGE_CURVE('',#3314,#3290,#3324,.T.);
#3324 = LINE('',#3325,#3326);
#3325 = CARTESIAN_POINT('',(10.04,-2.22,1.43));
#3326 = VECTOR('',#3327,1.);
#3327 = DIRECTION('',(0.,-1.,0.));
#3328 = PLANE('',#3329);
#3329 = AXIS2_PLACEMENT_3D('',#3330,#3331,#3332);
#3330 = CARTESIAN_POINT('',(9.96,-2.22,1.51));
#3331 = DIRECTION('',(0.707106781187,-1.735167508357E-18,0.707106781187)
  );
#3332 = DIRECTION('',(-1.226948711654E-18,-1.,-1.226948711654E-18));
#3333 = ADVANCED_FACE('',(#3334),#3345,.T.);
#3334 = FACE_BOUND('',#3335,.F.);
#3335 = EDGE_LOOP('',(#3336,#3337,#3338,#3339));
#3336 = ORIENTED_EDGE('',*,*,#3313,.F.);
#3337 = ORIENTED_EDGE('',*,*,#2294,.T.);
#3338 = ORIENTED_EDGE('',*,*,#3258,.T.);
#3339 = ORIENTED_EDGE('',*,*,#3340,.F.);
#3340 = EDGE_CURVE('',#3314,#3259,#3341,.T.);
#3341 = LINE('',#3342,#3343);
#3342 = CARTESIAN_POINT('',(10.04,-2.38,1.59));
#3343 = VECTOR('',#3344,1.);
#3344 = DIRECTION('',(0.,0.,-1.));
#3345 = PLANE('',#3346);
#3346 = AXIS2_PLACEMENT_3D('',#3347,#3348,#3349);
#3347 = CARTESIAN_POINT('',(9.96,-2.3,1.59));
#3348 = DIRECTION('',(0.707106781187,0.707106781187,-1.735167508357E-18)
  );
#3349 = DIRECTION('',(1.226948711654E-18,1.226948711654E-18,1.));
#3350 = ADVANCED_FACE('',(#3351),#3376,.T.);
#3351 = FACE_BOUND('',#3352,.T.);
#3352 = EDGE_LOOP('',(#3353,#3361,#3362,#3370));
#3353 = ORIENTED_EDGE('',*,*,#3354,.F.);
#3354 = EDGE_CURVE('',#2310,#3355,#3357,.T.);
#3355 = VERTEX_POINT('',#3356);
#3356 = CARTESIAN_POINT('',(10.04,0.16,1.43));
#3357 = LINE('',#3358,#3359);
#3358 = CARTESIAN_POINT('',(9.933333333333,0.266666666667,1.536666666667
    ));
#3359 = VECTOR('',#3360,1.);
#3360 = DIRECTION('',(0.57735026919,-0.57735026919,-0.57735026919));
#3361 = ORIENTED_EDGE('',*,*,#2326,.T.);
#3362 = ORIENTED_EDGE('',*,*,#3363,.T.);
#3363 = EDGE_CURVE('',#2319,#3364,#3366,.T.);
#3364 = VERTEX_POINT('',#3365);
#3365 = CARTESIAN_POINT('',(10.04,-0.16,1.43));
#3366 = LINE('',#3367,#3368);
#3367 = CARTESIAN_POINT('',(10.04,-0.16,1.43));
#3368 = VECTOR('',#3369,1.);
#3369 = DIRECTION('',(0.57735026919,0.57735026919,-0.57735026919));
#3370 = ORIENTED_EDGE('',*,*,#3371,.F.);
#3371 = EDGE_CURVE('',#3355,#3364,#3372,.T.);
#3372 = LINE('',#3373,#3374);
#3373 = CARTESIAN_POINT('',(10.04,0.32,1.43));
#3374 = VECTOR('',#3375,1.);
#3375 = DIRECTION('',(0.,-1.,0.));
#3376 = PLANE('',#3377);
#3377 = AXIS2_PLACEMENT_3D('',#3378,#3379,#3380);
#3378 = CARTESIAN_POINT('',(9.96,0.32,1.51));
#3379 = DIRECTION('',(0.707106781187,-1.735167508357E-18,0.707106781187)
  );
#3380 = DIRECTION('',(-1.226948711654E-18,-1.,-1.226948711654E-18));
#3381 = ADVANCED_FACE('',(#3382),#3400,.T.);
#3382 = FACE_BOUND('',#3383,.F.);
#3383 = EDGE_LOOP('',(#3384,#3385,#3386,#3394));
#3384 = ORIENTED_EDGE('',*,*,#3354,.F.);
#3385 = ORIENTED_EDGE('',*,*,#2342,.T.);
#3386 = ORIENTED_EDGE('',*,*,#3387,.T.);
#3387 = EDGE_CURVE('',#2343,#3388,#3390,.T.);
#3388 = VERTEX_POINT('',#3389);
#3389 = CARTESIAN_POINT('',(10.04,0.16,1.11));
#3390 = LINE('',#3391,#3392);
#3391 = CARTESIAN_POINT('',(10.04,0.16,1.11));
#3392 = VECTOR('',#3393,1.);
#3393 = DIRECTION('',(0.57735026919,-0.57735026919,0.57735026919));
#3394 = ORIENTED_EDGE('',*,*,#3395,.F.);
#3395 = EDGE_CURVE('',#3355,#3388,#3396,.T.);
#3396 = LINE('',#3397,#3398);
#3397 = CARTESIAN_POINT('',(10.04,0.16,1.59));
#3398 = VECTOR('',#3399,1.);
#3399 = DIRECTION('',(0.,0.,-1.));
#3400 = PLANE('',#3401);
#3401 = AXIS2_PLACEMENT_3D('',#3402,#3403,#3404);
#3402 = CARTESIAN_POINT('',(9.96,0.24,1.59));
#3403 = DIRECTION('',(0.707106781187,0.707106781187,-1.735167508357E-18)
  );
#3404 = DIRECTION('',(1.226948711654E-18,1.226948711654E-18,1.));
#3405 = ADVANCED_FACE('',(#3406),#3424,.T.);
#3406 = FACE_BOUND('',#3407,.F.);
#3407 = EDGE_LOOP('',(#3408,#3409,#3410,#3418));
#3408 = ORIENTED_EDGE('',*,*,#3387,.F.);
#3409 = ORIENTED_EDGE('',*,*,#2365,.T.);
#3410 = ORIENTED_EDGE('',*,*,#3411,.T.);
#3411 = EDGE_CURVE('',#2366,#3412,#3414,.T.);
#3412 = VERTEX_POINT('',#3413);
#3413 = CARTESIAN_POINT('',(10.04,-0.16,1.11));
#3414 = LINE('',#3415,#3416);
#3415 = CARTESIAN_POINT('',(10.146666666667,-5.333333333333E-02,
    1.216666666667));
#3416 = VECTOR('',#3417,1.);
#3417 = DIRECTION('',(0.57735026919,0.57735026919,0.57735026919));
#3418 = ORIENTED_EDGE('',*,*,#3419,.F.);
#3419 = EDGE_CURVE('',#3388,#3412,#3420,.T.);
#3420 = LINE('',#3421,#3422);
#3421 = CARTESIAN_POINT('',(10.04,0.32,1.11));
#3422 = VECTOR('',#3423,1.);
#3423 = DIRECTION('',(0.,-1.,0.));
#3424 = PLANE('',#3425);
#3425 = AXIS2_PLACEMENT_3D('',#3426,#3427,#3428);
#3426 = CARTESIAN_POINT('',(9.96,0.32,1.03));
#3427 = DIRECTION('',(0.707106781187,0.,-0.707106781187));
#3428 = DIRECTION('',(0.,1.,0.));
#3429 = ADVANCED_FACE('',(#3430),#3441,.F.);
#3430 = FACE_BOUND('',#3431,.T.);
#3431 = EDGE_LOOP('',(#3432,#3433,#3434,#3435));
#3432 = ORIENTED_EDGE('',*,*,#3363,.F.);
#3433 = ORIENTED_EDGE('',*,*,#2390,.T.);
#3434 = ORIENTED_EDGE('',*,*,#3411,.T.);
#3435 = ORIENTED_EDGE('',*,*,#3436,.F.);
#3436 = EDGE_CURVE('',#3364,#3412,#3437,.T.);
#3437 = LINE('',#3438,#3439);
#3438 = CARTESIAN_POINT('',(10.04,-0.16,1.59));
#3439 = VECTOR('',#3440,1.);
#3440 = DIRECTION('',(0.,0.,-1.));
#3441 = PLANE('',#3442);
#3442 = AXIS2_PLACEMENT_3D('',#3443,#3444,#3445);
#3443 = CARTESIAN_POINT('',(9.96,-0.24,1.59));
#3444 = DIRECTION('',(-0.707106781187,0.707106781187,1.735167508357E-18)
  );
#3445 = DIRECTION('',(1.226948711654E-18,-1.226948711654E-18,1.));
#3446 = ADVANCED_FACE('',(#3447),#3472,.T.);
#3447 = FACE_BOUND('',#3448,.F.);
#3448 = EDGE_LOOP('',(#3449,#3457,#3458,#3466));
#3449 = ORIENTED_EDGE('',*,*,#3450,.F.);
#3450 = EDGE_CURVE('',#2407,#3451,#3453,.T.);
#3451 = VERTEX_POINT('',#3452);
#3452 = CARTESIAN_POINT('',(10.04,-4.92,1.43));
#3453 = LINE('',#3454,#3455);
#3454 = CARTESIAN_POINT('',(9.933333333333,-4.813333333333,
    1.536666666667));
#3455 = VECTOR('',#3456,1.);
#3456 = DIRECTION('',(0.57735026919,-0.57735026919,-0.57735026919));
#3457 = ORIENTED_EDGE('',*,*,#2414,.T.);
#3458 = ORIENTED_EDGE('',*,*,#3459,.T.);
#3459 = EDGE_CURVE('',#2415,#3460,#3462,.T.);
#3460 = VERTEX_POINT('',#3461);
#3461 = CARTESIAN_POINT('',(10.04,-4.92,1.11));
#3462 = LINE('',#3463,#3464);
#3463 = CARTESIAN_POINT('',(10.04,-4.92,1.11));
#3464 = VECTOR('',#3465,1.);
#3465 = DIRECTION('',(0.57735026919,-0.57735026919,0.57735026919));
#3466 = ORIENTED_EDGE('',*,*,#3467,.F.);
#3467 = EDGE_CURVE('',#3451,#3460,#3468,.T.);
#3468 = LINE('',#3469,#3470);
#3469 = CARTESIAN_POINT('',(10.04,-4.92,1.59));
#3470 = VECTOR('',#3471,1.);
#3471 = DIRECTION('',(0.,0.,-1.));
#3472 = PLANE('',#3473);
#3473 = AXIS2_PLACEMENT_3D('',#3474,#3475,#3476);
#3474 = CARTESIAN_POINT('',(9.96,-4.84,1.59));
#3475 = DIRECTION('',(0.707106781187,0.707106781187,-1.735167508357E-18)
  );
#3476 = DIRECTION('',(1.226948711654E-18,1.226948711654E-18,1.));
#3477 = ADVANCED_FACE('',(#3478),#3496,.T.);
#3478 = FACE_BOUND('',#3479,.F.);
#3479 = EDGE_LOOP('',(#3480,#3481,#3482,#3490));
#3480 = ORIENTED_EDGE('',*,*,#3459,.F.);
#3481 = ORIENTED_EDGE('',*,*,#2437,.T.);
#3482 = ORIENTED_EDGE('',*,*,#3483,.T.);
#3483 = EDGE_CURVE('',#2438,#3484,#3486,.T.);
#3484 = VERTEX_POINT('',#3485);
#3485 = CARTESIAN_POINT('',(10.04,-5.24,1.11));
#3486 = LINE('',#3487,#3488);
#3487 = CARTESIAN_POINT('',(10.146666666667,-5.133333333333,
    1.216666666667));
#3488 = VECTOR('',#3489,1.);
#3489 = DIRECTION('',(0.57735026919,0.57735026919,0.57735026919));
#3490 = ORIENTED_EDGE('',*,*,#3491,.F.);
#3491 = EDGE_CURVE('',#3460,#3484,#3492,.T.);
#3492 = LINE('',#3493,#3494);
#3493 = CARTESIAN_POINT('',(10.04,-4.76,1.11));
#3494 = VECTOR('',#3495,1.);
#3495 = DIRECTION('',(0.,-1.,0.));
#3496 = PLANE('',#3497);
#3497 = AXIS2_PLACEMENT_3D('',#3498,#3499,#3500);
#3498 = CARTESIAN_POINT('',(9.96,-4.76,1.03));
#3499 = DIRECTION('',(0.707106781187,0.,-0.707106781187));
#3500 = DIRECTION('',(0.,1.,0.));
#3501 = ADVANCED_FACE('',(#3502),#3520,.F.);
#3502 = FACE_BOUND('',#3503,.T.);
#3503 = EDGE_LOOP('',(#3504,#3512,#3513,#3514));
#3504 = ORIENTED_EDGE('',*,*,#3505,.F.);
#3505 = EDGE_CURVE('',#2462,#3506,#3508,.T.);
#3506 = VERTEX_POINT('',#3507);
#3507 = CARTESIAN_POINT('',(10.04,-5.24,1.43));
#3508 = LINE('',#3509,#3510);
#3509 = CARTESIAN_POINT('',(10.04,-5.24,1.43));
#3510 = VECTOR('',#3511,1.);
#3511 = DIRECTION('',(0.57735026919,0.57735026919,-0.57735026919));
#3512 = ORIENTED_EDGE('',*,*,#2469,.T.);
#3513 = ORIENTED_EDGE('',*,*,#3483,.T.);
#3514 = ORIENTED_EDGE('',*,*,#3515,.F.);
#3515 = EDGE_CURVE('',#3506,#3484,#3516,.T.);
#3516 = LINE('',#3517,#3518);
#3517 = CARTESIAN_POINT('',(10.04,-5.24,1.59));
#3518 = VECTOR('',#3519,1.);
#3519 = DIRECTION('',(0.,0.,-1.));
#3520 = PLANE('',#3521);
#3521 = AXIS2_PLACEMENT_3D('',#3522,#3523,#3524);
#3522 = CARTESIAN_POINT('',(9.96,-5.32,1.59));
#3523 = DIRECTION('',(-0.707106781187,0.707106781187,1.735167508357E-18)
  );
#3524 = DIRECTION('',(1.226948711654E-18,-1.226948711654E-18,1.));
#3525 = ADVANCED_FACE('',(#3526),#3537,.T.);
#3526 = FACE_BOUND('',#3527,.T.);
#3527 = EDGE_LOOP('',(#3528,#3529,#3530,#3531));
#3528 = ORIENTED_EDGE('',*,*,#3450,.F.);
#3529 = ORIENTED_EDGE('',*,*,#2487,.T.);
#3530 = ORIENTED_EDGE('',*,*,#3505,.T.);
#3531 = ORIENTED_EDGE('',*,*,#3532,.F.);
#3532 = EDGE_CURVE('',#3451,#3506,#3533,.T.);
#3533 = LINE('',#3534,#3535);
#3534 = CARTESIAN_POINT('',(10.04,-4.76,1.43));
#3535 = VECTOR('',#3536,1.);
#3536 = DIRECTION('',(0.,-1.,0.));
#3537 = PLANE('',#3538);
#3538 = AXIS2_PLACEMENT_3D('',#3539,#3540,#3541);
#3539 = CARTESIAN_POINT('',(9.96,-4.76,1.51));
#3540 = DIRECTION('',(0.707106781187,-1.735167508357E-18,0.707106781187)
  );
#3541 = DIRECTION('',(-1.226948711654E-18,-1.,-1.226948711654E-18));
#3542 = ADVANCED_FACE('',(#3543),#3568,.T.);
#3543 = FACE_BOUND('',#3544,.T.);
#3544 = EDGE_LOOP('',(#3545,#3553,#3554,#3562));
#3545 = ORIENTED_EDGE('',*,*,#3546,.F.);
#3546 = EDGE_CURVE('',#2502,#3547,#3549,.T.);
#3547 = VERTEX_POINT('',#3548);
#3548 = CARTESIAN_POINT('',(10.04,-10.,1.43));
#3549 = LINE('',#3550,#3551);
#3550 = CARTESIAN_POINT('',(9.933333333333,-9.893333333333,
    1.536666666667));
#3551 = VECTOR('',#3552,1.);
#3552 = DIRECTION('',(0.57735026919,-0.57735026919,-0.57735026919));
#3553 = ORIENTED_EDGE('',*,*,#2518,.T.);
#3554 = ORIENTED_EDGE('',*,*,#3555,.T.);
#3555 = EDGE_CURVE('',#2511,#3556,#3558,.T.);
#3556 = VERTEX_POINT('',#3557);
#3557 = CARTESIAN_POINT('',(10.04,-10.32,1.43));
#3558 = LINE('',#3559,#3560);
#3559 = CARTESIAN_POINT('',(10.04,-10.32,1.43));
#3560 = VECTOR('',#3561,1.);
#3561 = DIRECTION('',(0.57735026919,0.57735026919,-0.57735026919));
#3562 = ORIENTED_EDGE('',*,*,#3563,.F.);
#3563 = EDGE_CURVE('',#3547,#3556,#3564,.T.);
#3564 = LINE('',#3565,#3566);
#3565 = CARTESIAN_POINT('',(10.04,-9.84,1.43));
#3566 = VECTOR('',#3567,1.);
#3567 = DIRECTION('',(0.,-1.,0.));
#3568 = PLANE('',#3569);
#3569 = AXIS2_PLACEMENT_3D('',#3570,#3571,#3572);
#3570 = CARTESIAN_POINT('',(9.96,-9.84,1.51));
#3571 = DIRECTION('',(0.707106781187,-1.735167508357E-18,0.707106781187)
  );
#3572 = DIRECTION('',(-1.226948711654E-18,-1.,-1.226948711654E-18));
#3573 = ADVANCED_FACE('',(#3574),#3592,.T.);
#3574 = FACE_BOUND('',#3575,.F.);
#3575 = EDGE_LOOP('',(#3576,#3577,#3578,#3586));
#3576 = ORIENTED_EDGE('',*,*,#3546,.F.);
#3577 = ORIENTED_EDGE('',*,*,#2534,.T.);
#3578 = ORIENTED_EDGE('',*,*,#3579,.T.);
#3579 = EDGE_CURVE('',#2535,#3580,#3582,.T.);
#3580 = VERTEX_POINT('',#3581);
#3581 = CARTESIAN_POINT('',(10.04,-10.,1.11));
#3582 = LINE('',#3583,#3584);
#3583 = CARTESIAN_POINT('',(10.04,-10.,1.11));
#3584 = VECTOR('',#3585,1.);
#3585 = DIRECTION('',(0.57735026919,-0.57735026919,0.57735026919));
#3586 = ORIENTED_EDGE('',*,*,#3587,.F.);
#3587 = EDGE_CURVE('',#3547,#3580,#3588,.T.);
#3588 = LINE('',#3589,#3590);
#3589 = CARTESIAN_POINT('',(10.04,-10.,1.59));
#3590 = VECTOR('',#3591,1.);
#3591 = DIRECTION('',(0.,0.,-1.));
#3592 = PLANE('',#3593);
#3593 = AXIS2_PLACEMENT_3D('',#3594,#3595,#3596);
#3594 = CARTESIAN_POINT('',(9.96,-9.92,1.59));
#3595 = DIRECTION('',(0.707106781187,0.707106781187,-1.735167508357E-18)
  );
#3596 = DIRECTION('',(1.226948711654E-18,1.226948711654E-18,1.));
#3597 = ADVANCED_FACE('',(#3598),#3616,.T.);
#3598 = FACE_BOUND('',#3599,.F.);
#3599 = EDGE_LOOP('',(#3600,#3601,#3602,#3610));
#3600 = ORIENTED_EDGE('',*,*,#3579,.F.);
#3601 = ORIENTED_EDGE('',*,*,#2557,.T.);
#3602 = ORIENTED_EDGE('',*,*,#3603,.T.);
#3603 = EDGE_CURVE('',#2558,#3604,#3606,.T.);
#3604 = VERTEX_POINT('',#3605);
#3605 = CARTESIAN_POINT('',(10.04,-10.32,1.11));
#3606 = LINE('',#3607,#3608);
#3607 = CARTESIAN_POINT('',(10.146666666667,-10.21333333333,
    1.216666666667));
#3608 = VECTOR('',#3609,1.);
#3609 = DIRECTION('',(0.57735026919,0.57735026919,0.57735026919));
#3610 = ORIENTED_EDGE('',*,*,#3611,.F.);
#3611 = EDGE_CURVE('',#3580,#3604,#3612,.T.);
#3612 = LINE('',#3613,#3614);
#3613 = CARTESIAN_POINT('',(10.04,-9.84,1.11));
#3614 = VECTOR('',#3615,1.);
#3615 = DIRECTION('',(0.,-1.,0.));
#3616 = PLANE('',#3617);
#3617 = AXIS2_PLACEMENT_3D('',#3618,#3619,#3620);
#3618 = CARTESIAN_POINT('',(9.96,-9.84,1.03));
#3619 = DIRECTION('',(0.707106781187,0.,-0.707106781187));
#3620 = DIRECTION('',(0.,1.,0.));
#3621 = ADVANCED_FACE('',(#3622),#3633,.F.);
#3622 = FACE_BOUND('',#3623,.T.);
#3623 = EDGE_LOOP('',(#3624,#3625,#3626,#3627));
#3624 = ORIENTED_EDGE('',*,*,#3555,.F.);
#3625 = ORIENTED_EDGE('',*,*,#2582,.T.);
#3626 = ORIENTED_EDGE('',*,*,#3603,.T.);
#3627 = ORIENTED_EDGE('',*,*,#3628,.F.);
#3628 = EDGE_CURVE('',#3556,#3604,#3629,.T.);
#3629 = LINE('',#3630,#3631);
#3630 = CARTESIAN_POINT('',(10.04,-10.32,1.59));
#3631 = VECTOR('',#3632,1.);
#3632 = DIRECTION('',(0.,0.,-1.));
#3633 = PLANE('',#3634);
#3634 = AXIS2_PLACEMENT_3D('',#3635,#3636,#3637);
#3635 = CARTESIAN_POINT('',(9.96,-10.4,1.59));
#3636 = DIRECTION('',(-0.707106781187,0.707106781187,1.735167508357E-18)
  );
#3637 = DIRECTION('',(1.226948711654E-18,-1.226948711654E-18,1.));
#3638 = ADVANCED_FACE('',(#3639),#3664,.T.);
#3639 = FACE_BOUND('',#3640,.T.);
#3640 = EDGE_LOOP('',(#3641,#3649,#3650,#3658));
#3641 = ORIENTED_EDGE('',*,*,#3642,.F.);
#3642 = EDGE_CURVE('',#2598,#3643,#3645,.T.);
#3643 = VERTEX_POINT('',#3644);
#3644 = CARTESIAN_POINT('',(10.04,-7.46,1.43));
#3645 = LINE('',#3646,#3647);
#3646 = CARTESIAN_POINT('',(9.933333333333,-7.353333333333,
    1.536666666667));
#3647 = VECTOR('',#3648,1.);
#3648 = DIRECTION('',(0.57735026919,-0.57735026919,-0.57735026919));
#3649 = ORIENTED_EDGE('',*,*,#2614,.T.);
#3650 = ORIENTED_EDGE('',*,*,#3651,.T.);
#3651 = EDGE_CURVE('',#2607,#3652,#3654,.T.);
#3652 = VERTEX_POINT('',#3653);
#3653 = CARTESIAN_POINT('',(10.04,-7.78,1.43));
#3654 = LINE('',#3655,#3656);
#3655 = CARTESIAN_POINT('',(10.04,-7.78,1.43));
#3656 = VECTOR('',#3657,1.);
#3657 = DIRECTION('',(0.57735026919,0.57735026919,-0.57735026919));
#3658 = ORIENTED_EDGE('',*,*,#3659,.F.);
#3659 = EDGE_CURVE('',#3643,#3652,#3660,.T.);
#3660 = LINE('',#3661,#3662);
#3661 = CARTESIAN_POINT('',(10.04,-7.3,1.43));
#3662 = VECTOR('',#3663,1.);
#3663 = DIRECTION('',(0.,-1.,0.));
#3664 = PLANE('',#3665);
#3665 = AXIS2_PLACEMENT_3D('',#3666,#3667,#3668);
#3666 = CARTESIAN_POINT('',(9.96,-7.3,1.51));
#3667 = DIRECTION('',(0.707106781187,-1.735167508357E-18,0.707106781187)
  );
#3668 = DIRECTION('',(-1.226948711654E-18,-1.,-1.226948711654E-18));
#3669 = ADVANCED_FACE('',(#3670),#3688,.T.);
#3670 = FACE_BOUND('',#3671,.F.);
#3671 = EDGE_LOOP('',(#3672,#3673,#3674,#3682));
#3672 = ORIENTED_EDGE('',*,*,#3642,.F.);
#3673 = ORIENTED_EDGE('',*,*,#2630,.T.);
#3674 = ORIENTED_EDGE('',*,*,#3675,.T.);
#3675 = EDGE_CURVE('',#2631,#3676,#3678,.T.);
#3676 = VERTEX_POINT('',#3677);
#3677 = CARTESIAN_POINT('',(10.04,-7.46,1.11));
#3678 = LINE('',#3679,#3680);
#3679 = CARTESIAN_POINT('',(10.04,-7.46,1.11));
#3680 = VECTOR('',#3681,1.);
#3681 = DIRECTION('',(0.57735026919,-0.57735026919,0.57735026919));
#3682 = ORIENTED_EDGE('',*,*,#3683,.F.);
#3683 = EDGE_CURVE('',#3643,#3676,#3684,.T.);
#3684 = LINE('',#3685,#3686);
#3685 = CARTESIAN_POINT('',(10.04,-7.46,1.59));
#3686 = VECTOR('',#3687,1.);
#3687 = DIRECTION('',(0.,0.,-1.));
#3688 = PLANE('',#3689);
#3689 = AXIS2_PLACEMENT_3D('',#3690,#3691,#3692);
#3690 = CARTESIAN_POINT('',(9.96,-7.38,1.59));
#3691 = DIRECTION('',(0.707106781187,0.707106781187,-1.735167508357E-18)
  );
#3692 = DIRECTION('',(1.226948711654E-18,1.226948711654E-18,1.));
#3693 = ADVANCED_FACE('',(#3694),#3712,.T.);
#3694 = FACE_BOUND('',#3695,.F.);
#3695 = EDGE_LOOP('',(#3696,#3697,#3698,#3706));
#3696 = ORIENTED_EDGE('',*,*,#3675,.F.);
#3697 = ORIENTED_EDGE('',*,*,#2653,.T.);
#3698 = ORIENTED_EDGE('',*,*,#3699,.T.);
#3699 = EDGE_CURVE('',#2654,#3700,#3702,.T.);
#3700 = VERTEX_POINT('',#3701);
#3701 = CARTESIAN_POINT('',(10.04,-7.78,1.11));
#3702 = LINE('',#3703,#3704);
#3703 = CARTESIAN_POINT('',(10.146666666667,-7.673333333333,
    1.216666666667));
#3704 = VECTOR('',#3705,1.);
#3705 = DIRECTION('',(0.57735026919,0.57735026919,0.57735026919));
#3706 = ORIENTED_EDGE('',*,*,#3707,.F.);
#3707 = EDGE_CURVE('',#3676,#3700,#3708,.T.);
#3708 = LINE('',#3709,#3710);
#3709 = CARTESIAN_POINT('',(10.04,-7.3,1.11));
#3710 = VECTOR('',#3711,1.);
#3711 = DIRECTION('',(0.,-1.,0.));
#3712 = PLANE('',#3713);
#3713 = AXIS2_PLACEMENT_3D('',#3714,#3715,#3716);
#3714 = CARTESIAN_POINT('',(9.96,-7.3,1.03));
#3715 = DIRECTION('',(0.707106781187,0.,-0.707106781187));
#3716 = DIRECTION('',(0.,1.,0.));
#3717 = ADVANCED_FACE('',(#3718),#3729,.F.);
#3718 = FACE_BOUND('',#3719,.T.);
#3719 = EDGE_LOOP('',(#3720,#3721,#3722,#3723));
#3720 = ORIENTED_EDGE('',*,*,#3651,.F.);
#3721 = ORIENTED_EDGE('',*,*,#2678,.T.);
#3722 = ORIENTED_EDGE('',*,*,#3699,.T.);
#3723 = ORIENTED_EDGE('',*,*,#3724,.F.);
#3724 = EDGE_CURVE('',#3652,#3700,#3725,.T.);
#3725 = LINE('',#3726,#3727);
#3726 = CARTESIAN_POINT('',(10.04,-7.78,1.59));
#3727 = VECTOR('',#3728,1.);
#3728 = DIRECTION('',(0.,0.,-1.));
#3729 = PLANE('',#3730);
#3730 = AXIS2_PLACEMENT_3D('',#3731,#3732,#3733);
#3731 = CARTESIAN_POINT('',(9.96,-7.86,1.59));
#3732 = DIRECTION('',(-0.707106781187,0.707106781187,1.735167508357E-18)
  );
#3733 = DIRECTION('',(1.226948711654E-18,-1.226948711654E-18,1.));
#3734 = ADVANCED_FACE('',(#3735),#3746,.T.);
#3735 = FACE_BOUND('',#3736,.F.);
#3736 = EDGE_LOOP('',(#3737,#3738,#3744,#3745));
#3737 = ORIENTED_EDGE('',*,*,#2775,.T.);
#3738 = ORIENTED_EDGE('',*,*,#3739,.T.);
#3739 = EDGE_CURVE('',#2776,#2745,#3740,.T.);
#3740 = LINE('',#3741,#3742);
#3741 = CARTESIAN_POINT('',(0.16,-2.22,-3.));
#3742 = VECTOR('',#3743,1.);
#3743 = DIRECTION('',(0.,-1.,0.));
#3744 = ORIENTED_EDGE('',*,*,#2744,.T.);
#3745 = ORIENTED_EDGE('',*,*,#2696,.F.);
#3746 = PLANE('',#3747);
#3747 = AXIS2_PLACEMENT_3D('',#3748,#3749,#3750);
#3748 = CARTESIAN_POINT('',(0.24,-2.22,-2.92));
#3749 = DIRECTION('',(0.707106781187,1.735167508357E-18,-0.707106781187)
  );
#3750 = DIRECTION('',(-1.226948711654E-18,1.,1.226948711654E-18));
#3751 = ADVANCED_FACE('',(#3752),#3763,.T.);
#3752 = FACE_BOUND('',#3753,.F.);
#3753 = EDGE_LOOP('',(#3754,#3755,#3756,#3757));
#3754 = ORIENTED_EDGE('',*,*,#2784,.F.);
#3755 = ORIENTED_EDGE('',*,*,#2728,.T.);
#3756 = ORIENTED_EDGE('',*,*,#2760,.F.);
#3757 = ORIENTED_EDGE('',*,*,#3758,.F.);
#3758 = EDGE_CURVE('',#2785,#2753,#3759,.T.);
#3759 = LINE('',#3760,#3761);
#3760 = CARTESIAN_POINT('',(-0.16,-2.22,-3.));
#3761 = VECTOR('',#3762,1.);
#3762 = DIRECTION('',(0.,-1.,0.));
#3763 = PLANE('',#3764);
#3764 = AXIS2_PLACEMENT_3D('',#3765,#3766,#3767);
#3765 = CARTESIAN_POINT('',(-0.24,-2.22,-2.92));
#3766 = DIRECTION('',(-0.707106781187,-1.735167508357E-18,
    -0.707106781187));
#3767 = DIRECTION('',(-1.226948711654E-18,1.,-1.226948711654E-18));
#3768 = ADVANCED_FACE('',(#3769),#3775,.T.);
#3769 = FACE_BOUND('',#3770,.T.);
#3770 = EDGE_LOOP('',(#3771,#3772,#3773,#3774));
#3771 = ORIENTED_EDGE('',*,*,#2792,.F.);
#3772 = ORIENTED_EDGE('',*,*,#3739,.T.);
#3773 = ORIENTED_EDGE('',*,*,#2752,.T.);
#3774 = ORIENTED_EDGE('',*,*,#3758,.F.);
#3775 = PLANE('',#3776);
#3776 = AXIS2_PLACEMENT_3D('',#3777,#3778,#3779);
#3777 = CARTESIAN_POINT('',(0.32,-2.22,-3.));
#3778 = DIRECTION('',(-0.,-0.,-1.));
#3779 = DIRECTION('',(-1.,0.,0.));
#3780 = ADVANCED_FACE('',(#3781),#3792,.T.);
#3781 = FACE_BOUND('',#3782,.F.);
#3782 = EDGE_LOOP('',(#3783,#3784,#3785,#3786));
#3783 = ORIENTED_EDGE('',*,*,#2849,.F.);
#3784 = ORIENTED_EDGE('',*,*,#2824,.T.);
#3785 = ORIENTED_EDGE('',*,*,#2904,.F.);
#3786 = ORIENTED_EDGE('',*,*,#3787,.F.);
#3787 = EDGE_CURVE('',#2850,#2897,#3788,.T.);
#3788 = LINE('',#3789,#3790);
#3789 = CARTESIAN_POINT('',(-0.16,0.32,-3.));
#3790 = VECTOR('',#3791,1.);
#3791 = DIRECTION('',(0.,-1.,0.));
#3792 = PLANE('',#3793);
#3793 = AXIS2_PLACEMENT_3D('',#3794,#3795,#3796);
#3794 = CARTESIAN_POINT('',(-0.24,0.32,-2.92));
#3795 = DIRECTION('',(-0.707106781187,-1.735167508357E-18,
    -0.707106781187));
#3796 = DIRECTION('',(-1.226948711654E-18,1.,-1.226948711654E-18));
#3797 = ADVANCED_FACE('',(#3798),#3809,.T.);
#3798 = FACE_BOUND('',#3799,.F.);
#3799 = EDGE_LOOP('',(#3800,#3801,#3807,#3808));
#3800 = ORIENTED_EDGE('',*,*,#2840,.T.);
#3801 = ORIENTED_EDGE('',*,*,#3802,.T.);
#3802 = EDGE_CURVE('',#2841,#2889,#3803,.T.);
#3803 = LINE('',#3804,#3805);
#3804 = CARTESIAN_POINT('',(0.16,0.32,-3.));
#3805 = VECTOR('',#3806,1.);
#3806 = DIRECTION('',(0.,-1.,0.));
#3807 = ORIENTED_EDGE('',*,*,#2888,.T.);
#3808 = ORIENTED_EDGE('',*,*,#2874,.F.);
#3809 = PLANE('',#3810);
#3810 = AXIS2_PLACEMENT_3D('',#3811,#3812,#3813);
#3811 = CARTESIAN_POINT('',(0.24,0.32,-2.92));
#3812 = DIRECTION('',(0.707106781187,1.735167508357E-18,-0.707106781187)
  );
#3813 = DIRECTION('',(-1.226948711654E-18,1.,1.226948711654E-18));
#3814 = ADVANCED_FACE('',(#3815),#3821,.T.);
#3815 = FACE_BOUND('',#3816,.T.);
#3816 = EDGE_LOOP('',(#3817,#3818,#3819,#3820));
#3817 = ORIENTED_EDGE('',*,*,#2857,.F.);
#3818 = ORIENTED_EDGE('',*,*,#3802,.T.);
#3819 = ORIENTED_EDGE('',*,*,#2896,.T.);
#3820 = ORIENTED_EDGE('',*,*,#3787,.F.);
#3821 = PLANE('',#3822);
#3822 = AXIS2_PLACEMENT_3D('',#3823,#3824,#3825);
#3823 = CARTESIAN_POINT('',(0.32,0.32,-3.));
#3824 = DIRECTION('',(-0.,-0.,-1.));
#3825 = DIRECTION('',(-1.,0.,0.));
#3826 = ADVANCED_FACE('',(#3827),#3838,.T.);
#3827 = FACE_BOUND('',#3828,.F.);
#3828 = EDGE_LOOP('',(#3829,#3830,#3831,#3832));
#3829 = ORIENTED_EDGE('',*,*,#2962,.F.);
#3830 = ORIENTED_EDGE('',*,*,#2937,.T.);
#3831 = ORIENTED_EDGE('',*,*,#3017,.F.);
#3832 = ORIENTED_EDGE('',*,*,#3833,.F.);
#3833 = EDGE_CURVE('',#2963,#3010,#3834,.T.);
#3834 = LINE('',#3835,#3836);
#3835 = CARTESIAN_POINT('',(-0.16,-4.76,-3.));
#3836 = VECTOR('',#3837,1.);
#3837 = DIRECTION('',(0.,-1.,0.));
#3838 = PLANE('',#3839);
#3839 = AXIS2_PLACEMENT_3D('',#3840,#3841,#3842);
#3840 = CARTESIAN_POINT('',(-0.24,-4.76,-2.92));
#3841 = DIRECTION('',(-0.707106781187,-1.735167508357E-18,
    -0.707106781187));
#3842 = DIRECTION('',(-1.226948711654E-18,1.,-1.226948711654E-18));
#3843 = ADVANCED_FACE('',(#3844),#3855,.T.);
#3844 = FACE_BOUND('',#3845,.F.);
#3845 = EDGE_LOOP('',(#3846,#3847,#3853,#3854));
#3846 = ORIENTED_EDGE('',*,*,#2953,.T.);
#3847 = ORIENTED_EDGE('',*,*,#3848,.T.);
#3848 = EDGE_CURVE('',#2954,#3002,#3849,.T.);
#3849 = LINE('',#3850,#3851);
#3850 = CARTESIAN_POINT('',(0.16,-4.76,-3.));
#3851 = VECTOR('',#3852,1.);
#3852 = DIRECTION('',(0.,-1.,0.));
#3853 = ORIENTED_EDGE('',*,*,#3001,.T.);
#3854 = ORIENTED_EDGE('',*,*,#2987,.F.);
#3855 = PLANE('',#3856);
#3856 = AXIS2_PLACEMENT_3D('',#3857,#3858,#3859);
#3857 = CARTESIAN_POINT('',(0.24,-4.76,-2.92));
#3858 = DIRECTION('',(0.707106781187,1.735167508357E-18,-0.707106781187)
  );
#3859 = DIRECTION('',(-1.226948711654E-18,1.,1.226948711654E-18));
#3860 = ADVANCED_FACE('',(#3861),#3867,.T.);
#3861 = FACE_BOUND('',#3862,.T.);
#3862 = EDGE_LOOP('',(#3863,#3864,#3865,#3866));
#3863 = ORIENTED_EDGE('',*,*,#2970,.F.);
#3864 = ORIENTED_EDGE('',*,*,#3848,.T.);
#3865 = ORIENTED_EDGE('',*,*,#3009,.T.);
#3866 = ORIENTED_EDGE('',*,*,#3833,.F.);
#3867 = PLANE('',#3868);
#3868 = AXIS2_PLACEMENT_3D('',#3869,#3870,#3871);
#3869 = CARTESIAN_POINT('',(0.32,-4.76,-3.));
#3870 = DIRECTION('',(-0.,-0.,-1.));
#3871 = DIRECTION('',(-1.,0.,0.));
#3872 = ADVANCED_FACE('',(#3873),#3884,.T.);
#3873 = FACE_BOUND('',#3874,.F.);
#3874 = EDGE_LOOP('',(#3875,#3876,#3877,#3878));
#3875 = ORIENTED_EDGE('',*,*,#3075,.F.);
#3876 = ORIENTED_EDGE('',*,*,#3050,.T.);
#3877 = ORIENTED_EDGE('',*,*,#3130,.F.);
#3878 = ORIENTED_EDGE('',*,*,#3879,.F.);
#3879 = EDGE_CURVE('',#3076,#3123,#3880,.T.);
#3880 = LINE('',#3881,#3882);
#3881 = CARTESIAN_POINT('',(-0.16,-9.84,-3.));
#3882 = VECTOR('',#3883,1.);
#3883 = DIRECTION('',(0.,-1.,0.));
#3884 = PLANE('',#3885);
#3885 = AXIS2_PLACEMENT_3D('',#3886,#3887,#3888);
#3886 = CARTESIAN_POINT('',(-0.24,-9.84,-2.92));
#3887 = DIRECTION('',(-0.707106781187,-1.735167508357E-18,
    -0.707106781187));
#3888 = DIRECTION('',(-1.226948711654E-18,1.,-1.226948711654E-18));
#3889 = ADVANCED_FACE('',(#3890),#3901,.T.);
#3890 = FACE_BOUND('',#3891,.F.);
#3891 = EDGE_LOOP('',(#3892,#3893,#3899,#3900));
#3892 = ORIENTED_EDGE('',*,*,#3066,.T.);
#3893 = ORIENTED_EDGE('',*,*,#3894,.T.);
#3894 = EDGE_CURVE('',#3067,#3115,#3895,.T.);
#3895 = LINE('',#3896,#3897);
#3896 = CARTESIAN_POINT('',(0.16,-9.84,-3.));
#3897 = VECTOR('',#3898,1.);
#3898 = DIRECTION('',(0.,-1.,0.));
#3899 = ORIENTED_EDGE('',*,*,#3114,.T.);
#3900 = ORIENTED_EDGE('',*,*,#3100,.F.);
#3901 = PLANE('',#3902);
#3902 = AXIS2_PLACEMENT_3D('',#3903,#3904,#3905);
#3903 = CARTESIAN_POINT('',(0.24,-9.84,-2.92));
#3904 = DIRECTION('',(0.707106781187,1.735167508357E-18,-0.707106781187)
  );
#3905 = DIRECTION('',(-1.226948711654E-18,1.,1.226948711654E-18));
#3906 = ADVANCED_FACE('',(#3907),#3913,.T.);
#3907 = FACE_BOUND('',#3908,.T.);
#3908 = EDGE_LOOP('',(#3909,#3910,#3911,#3912));
#3909 = ORIENTED_EDGE('',*,*,#3083,.F.);
#3910 = ORIENTED_EDGE('',*,*,#3894,.T.);
#3911 = ORIENTED_EDGE('',*,*,#3122,.T.);
#3912 = ORIENTED_EDGE('',*,*,#3879,.F.);
#3913 = PLANE('',#3914);
#3914 = AXIS2_PLACEMENT_3D('',#3915,#3916,#3917);
#3915 = CARTESIAN_POINT('',(0.32,-9.84,-3.));
#3916 = DIRECTION('',(-0.,-0.,-1.));
#3917 = DIRECTION('',(-1.,0.,0.));
#3918 = ADVANCED_FACE('',(#3919),#3930,.T.);
#3919 = FACE_BOUND('',#3920,.F.);
#3920 = EDGE_LOOP('',(#3921,#3922,#3923,#3924));
#3921 = ORIENTED_EDGE('',*,*,#3188,.F.);
#3922 = ORIENTED_EDGE('',*,*,#3163,.T.);
#3923 = ORIENTED_EDGE('',*,*,#3243,.F.);
#3924 = ORIENTED_EDGE('',*,*,#3925,.F.);
#3925 = EDGE_CURVE('',#3189,#3236,#3926,.T.);
#3926 = LINE('',#3927,#3928);
#3927 = CARTESIAN_POINT('',(-0.16,-7.3,-3.));
#3928 = VECTOR('',#3929,1.);
#3929 = DIRECTION('',(0.,-1.,0.));
#3930 = PLANE('',#3931);
#3931 = AXIS2_PLACEMENT_3D('',#3932,#3933,#3934);
#3932 = CARTESIAN_POINT('',(-0.24,-7.3,-2.92));
#3933 = DIRECTION('',(-0.707106781187,-1.735167508357E-18,
    -0.707106781187));
#3934 = DIRECTION('',(-1.226948711654E-18,1.,-1.226948711654E-18));
#3935 = ADVANCED_FACE('',(#3936),#3947,.T.);
#3936 = FACE_BOUND('',#3937,.F.);
#3937 = EDGE_LOOP('',(#3938,#3939,#3945,#3946));
#3938 = ORIENTED_EDGE('',*,*,#3179,.T.);
#3939 = ORIENTED_EDGE('',*,*,#3940,.T.);
#3940 = EDGE_CURVE('',#3180,#3228,#3941,.T.);
#3941 = LINE('',#3942,#3943);
#3942 = CARTESIAN_POINT('',(0.16,-7.3,-3.));
#3943 = VECTOR('',#3944,1.);
#3944 = DIRECTION('',(0.,-1.,0.));
#3945 = ORIENTED_EDGE('',*,*,#3227,.T.);
#3946 = ORIENTED_EDGE('',*,*,#3213,.F.);
#3947 = PLANE('',#3948);
#3948 = AXIS2_PLACEMENT_3D('',#3949,#3950,#3951);
#3949 = CARTESIAN_POINT('',(0.24,-7.3,-2.92));
#3950 = DIRECTION('',(0.707106781187,1.735167508357E-18,-0.707106781187)
  );
#3951 = DIRECTION('',(-1.226948711654E-18,1.,1.226948711654E-18));
#3952 = ADVANCED_FACE('',(#3953),#3959,.T.);
#3953 = FACE_BOUND('',#3954,.T.);
#3954 = EDGE_LOOP('',(#3955,#3956,#3957,#3958));
#3955 = ORIENTED_EDGE('',*,*,#3196,.F.);
#3956 = ORIENTED_EDGE('',*,*,#3940,.T.);
#3957 = ORIENTED_EDGE('',*,*,#3235,.T.);
#3958 = ORIENTED_EDGE('',*,*,#3925,.F.);
#3959 = PLANE('',#3960);
#3960 = AXIS2_PLACEMENT_3D('',#3961,#3962,#3963);
#3961 = CARTESIAN_POINT('',(0.32,-7.3,-3.));
#3962 = DIRECTION('',(-0.,-0.,-1.));
#3963 = DIRECTION('',(-1.,0.,0.));
#3964 = ADVANCED_FACE('',(#3965),#3971,.T.);
#3965 = FACE_BOUND('',#3966,.T.);
#3966 = EDGE_LOOP('',(#3967,#3968,#3969,#3970));
#3967 = ORIENTED_EDGE('',*,*,#3323,.T.);
#3968 = ORIENTED_EDGE('',*,*,#3299,.T.);
#3969 = ORIENTED_EDGE('',*,*,#3275,.F.);
#3970 = ORIENTED_EDGE('',*,*,#3340,.F.);
#3971 = PLANE('',#3972);
#3972 = AXIS2_PLACEMENT_3D('',#3973,#3974,#3975);
#3973 = CARTESIAN_POINT('',(10.04,-2.22,1.59));
#3974 = DIRECTION('',(1.,0.,0.));
#3975 = DIRECTION('',(0.,0.,-1.));
#3976 = ADVANCED_FACE('',(#3977),#3983,.T.);
#3977 = FACE_BOUND('',#3978,.T.);
#3978 = EDGE_LOOP('',(#3979,#3980,#3981,#3982));
#3979 = ORIENTED_EDGE('',*,*,#3371,.T.);
#3980 = ORIENTED_EDGE('',*,*,#3436,.T.);
#3981 = ORIENTED_EDGE('',*,*,#3419,.F.);
#3982 = ORIENTED_EDGE('',*,*,#3395,.F.);
#3983 = PLANE('',#3984);
#3984 = AXIS2_PLACEMENT_3D('',#3985,#3986,#3987);
#3985 = CARTESIAN_POINT('',(10.04,0.32,1.59));
#3986 = DIRECTION('',(1.,0.,0.));
#3987 = DIRECTION('',(0.,0.,-1.));
#3988 = ADVANCED_FACE('',(#3989),#3995,.T.);
#3989 = FACE_BOUND('',#3990,.T.);
#3990 = EDGE_LOOP('',(#3991,#3992,#3993,#3994));
#3991 = ORIENTED_EDGE('',*,*,#3532,.T.);
#3992 = ORIENTED_EDGE('',*,*,#3515,.T.);
#3993 = ORIENTED_EDGE('',*,*,#3491,.F.);
#3994 = ORIENTED_EDGE('',*,*,#3467,.F.);
#3995 = PLANE('',#3996);
#3996 = AXIS2_PLACEMENT_3D('',#3997,#3998,#3999);
#3997 = CARTESIAN_POINT('',(10.04,-4.76,1.59));
#3998 = DIRECTION('',(1.,0.,0.));
#3999 = DIRECTION('',(0.,0.,-1.));
#4000 = ADVANCED_FACE('',(#4001),#4007,.T.);
#4001 = FACE_BOUND('',#4002,.T.);
#4002 = EDGE_LOOP('',(#4003,#4004,#4005,#4006));
#4003 = ORIENTED_EDGE('',*,*,#3563,.T.);
#4004 = ORIENTED_EDGE('',*,*,#3628,.T.);
#4005 = ORIENTED_EDGE('',*,*,#3611,.F.);
#4006 = ORIENTED_EDGE('',*,*,#3587,.F.);
#4007 = PLANE('',#4008);
#4008 = AXIS2_PLACEMENT_3D('',#4009,#4010,#4011);
#4009 = CARTESIAN_POINT('',(10.04,-9.84,1.59));
#4010 = DIRECTION('',(1.,0.,0.));
#4011 = DIRECTION('',(0.,0.,-1.));
#4012 = ADVANCED_FACE('',(#4013),#4019,.T.);
#4013 = FACE_BOUND('',#4014,.T.);
#4014 = EDGE_LOOP('',(#4015,#4016,#4017,#4018));
#4015 = ORIENTED_EDGE('',*,*,#3659,.T.);
#4016 = ORIENTED_EDGE('',*,*,#3724,.T.);
#4017 = ORIENTED_EDGE('',*,*,#3707,.F.);
#4018 = ORIENTED_EDGE('',*,*,#3683,.F.);
#4019 = PLANE('',#4020);
#4020 = AXIS2_PLACEMENT_3D('',#4021,#4022,#4023);
#4021 = CARTESIAN_POINT('',(10.04,-7.3,1.59));
#4022 = DIRECTION('',(1.,0.,0.));
#4023 = DIRECTION('',(0.,0.,-1.));
#4024 = ( GEOMETRIC_REPRESENTATION_CONTEXT(3) 
GLOBAL_UNCERTAINTY_ASSIGNED_CONTEXT((#4028)) 
GLOBAL_UNIT_ASSIGNED_CONTEXT((#4025,#4026,#4027)) REPRESENTATION_CONTEXT
('Context #1','3D Context with UNIT and UNCERTAINTY') );
#4025 = ( LENGTH_UNIT() NAMED_UNIT(*) SI_UNIT(.MILLI.,.METRE.) );
#4026 = ( NAMED_UNIT(*) PLANE_ANGLE_UNIT() SI_UNIT($,.RADIAN.) );
#4027 = ( NAMED_UNIT(*) SI_UNIT($,.STERADIAN.) SOLID_ANGLE_UNIT() );
#4028 = UNCERTAINTY_MEASURE_WITH_UNIT(LENGTH_MEASURE(1.E-07),#4025,
  'distance_accuracy_value','confusion accuracy');
#4029 = CONTEXT_DEPENDENT_SHAPE_REPRESENTATION(#4030,#4032);
#4030 = ( REPRESENTATION_RELATIONSHIP('','',#64,#10) 
REPRESENTATION_RELATIONSHIP_WITH_TRANSFORMATION(#4031) 
SHAPE_REPRESENTATION_RELATIONSHIP() );
#4031 = ITEM_DEFINED_TRANSFORMATION('','',#11,#15);
#4032 = PRODUCT_DEFINITION_SHAPE('Placement','Placement of an item',
  #4033);
#4033 = NEXT_ASSEMBLY_USAGE_OCCURRENCE('1','J1','',#5,#59,$);
#4034 = PRODUCT_RELATED_PRODUCT_CATEGORY('part',$,(#61));
#4035 = SHAPE_DEFINITION_REPRESENTATION(#4036,#4042);
#4036 = PRODUCT_DEFINITION_SHAPE('','',#4037);
#4037 = PRODUCT_DEFINITION('design','',#4038,#4041);
#4038 = PRODUCT_DEFINITION_FORMATION('','',#4039);
#4039 = PRODUCT('LED_WS2812B_PLCC4_5.0x5.0mm_P3.2mm',
  'LED_WS2812B_PLCC4_5.0x5.0mm_P3.2mm','',(#4040));
#4040 = PRODUCT_CONTEXT('',#2,'mechanical');
#4041 = PRODUCT_DEFINITION_CONTEXT('part definition',#2,'design');
#4042 = ADVANCED_BREP_SHAPE_REPRESENTATION('',(#11,#4043),#6310);
#4043 = MANIFOLD_SOLID_BREP('',#4044);
#4044 = CLOSED_SHELL('',(#4045,#4104,#4129,#4162,#4187,#4212,#4237,#4254
    ,#4279,#4310,#4350,#4481,#4605,#4622,#4631,#4642,#4810,#4841,#4872,
    #4903,#4988,#5012,#5090,#5121,#5206,#5230,#5308,#5339,#5370,#5401,
    #5486,#5510,#5588,#5619,#5704,#5728,#5806,#5823,#5840,#5857,#5874,
    #5891,#5908,#5925,#5947,#5959,#5971,#5988,#6000,#6017,#6039,#6051,
    #6068,#6080,#6092,#6109,#6126,#6143,#6165,#6177,#6194,#6206,#6218,
    #6235,#6257,#6269,#6286,#6298));
#4045 = ADVANCED_FACE('',(#4046,#4057),#4099,.T.);
#4046 = FACE_BOUND('',#4047,.T.);
#4047 = EDGE_LOOP('',(#4048));
#4048 = ORIENTED_EDGE('',*,*,#4049,.T.);
#4049 = EDGE_CURVE('',#4050,#4050,#4052,.T.);
#4050 = VERTEX_POINT('',#4051);
#4051 = CARTESIAN_POINT('',(-1.966666666667,2.408472038323E-16,1.6));
#4052 = CIRCLE('',#4053,1.966666666667);
#4053 = AXIS2_PLACEMENT_3D('',#4054,#4055,#4056);
#4054 = CARTESIAN_POINT('',(0.,0.,1.6));
#4055 = DIRECTION('',(0.,0.,-1.));
#4056 = DIRECTION('',(-1.,1.224646799147E-16,0.));
#4057 = FACE_BOUND('',#4058,.T.);
#4058 = EDGE_LOOP('',(#4059,#4069,#4077,#4085,#4093));
#4059 = ORIENTED_EDGE('',*,*,#4060,.T.);
#4060 = EDGE_CURVE('',#4061,#4063,#4065,.T.);
#4061 = VERTEX_POINT('',#4062);
#4062 = CARTESIAN_POINT('',(1.433400076889,-2.425,1.6));
#4063 = VERTEX_POINT('',#4064);
#4064 = CARTESIAN_POINT('',(2.425,-1.433400076889,1.6));
#4065 = LINE('',#4066,#4067);
#4066 = CARTESIAN_POINT('',(1.411433085478,-2.446966991411,1.6));
#4067 = VECTOR('',#4068,1.);
#4068 = DIRECTION('',(0.707106781187,0.707106781187,0.));
#4069 = ORIENTED_EDGE('',*,*,#4070,.T.);
#4070 = EDGE_CURVE('',#4063,#4071,#4073,.T.);
#4071 = VERTEX_POINT('',#4072);
#4072 = CARTESIAN_POINT('',(2.425,2.425,1.6));
#4073 = LINE('',#4074,#4075);
#4074 = CARTESIAN_POINT('',(2.425,-1.464466094067,1.6));
#4075 = VECTOR('',#4076,1.);
#4076 = DIRECTION('',(1.224646799147E-16,1.,0.));
#4077 = ORIENTED_EDGE('',*,*,#4078,.T.);
#4078 = EDGE_CURVE('',#4071,#4079,#4081,.T.);
#4079 = VERTEX_POINT('',#4080);
#4080 = CARTESIAN_POINT('',(-2.425,2.425,1.6));
#4081 = LINE('',#4082,#4083);
#4082 = CARTESIAN_POINT('',(2.5,2.425,1.6));
#4083 = VECTOR('',#4084,1.);
#4084 = DIRECTION('',(-1.,1.224646799147E-16,0.));
#4085 = ORIENTED_EDGE('',*,*,#4086,.T.);
#4086 = EDGE_CURVE('',#4079,#4087,#4089,.T.);
#4087 = VERTEX_POINT('',#4088);
#4088 = CARTESIAN_POINT('',(-2.425,-2.425,1.6));
#4089 = LINE('',#4090,#4091);
#4090 = CARTESIAN_POINT('',(-2.425,2.5,1.6));
#4091 = VECTOR('',#4092,1.);
#4092 = DIRECTION('',(-1.224646799147E-16,-1.,0.));
#4093 = ORIENTED_EDGE('',*,*,#4094,.T.);
#4094 = EDGE_CURVE('',#4087,#4061,#4095,.T.);
#4095 = LINE('',#4096,#4097);
#4096 = CARTESIAN_POINT('',(-2.5,-2.425,1.6));
#4097 = VECTOR('',#4098,1.);
#4098 = DIRECTION('',(1.,-1.224646799147E-16,0.));
#4099 = PLANE('',#4100);
#4100 = AXIS2_PLACEMENT_3D('',#4101,#4102,#4103);
#4101 = CARTESIAN_POINT('',(0.,0.,1.6));
#4102 = DIRECTION('',(0.,0.,1.));
#4103 = DIRECTION('',(-1.,1.224646799147E-16,0.));
#4104 = ADVANCED_FACE('',(#4105),#4124,.F.);
#4105 = FACE_BOUND('',#4106,.F.);
#4106 = EDGE_LOOP('',(#4107,#4115,#4116,#4117));
#4107 = ORIENTED_EDGE('',*,*,#4108,.F.);
#4108 = EDGE_CURVE('',#4050,#4109,#4111,.T.);
#4109 = VERTEX_POINT('',#4110);
#4110 = CARTESIAN_POINT('',(-1.666666666667,2.041077998579E-16,1.3));
#4111 = LINE('',#4112,#4113);
#4112 = CARTESIAN_POINT('',(-1.666666666667,2.041077998579E-16,1.3));
#4113 = VECTOR('',#4114,1.);
#4114 = DIRECTION('',(0.707106781187,-8.659560562349E-17,-0.707106781187
    ));
#4115 = ORIENTED_EDGE('',*,*,#4049,.T.);
#4116 = ORIENTED_EDGE('',*,*,#4108,.T.);
#4117 = ORIENTED_EDGE('',*,*,#4118,.F.);
#4118 = EDGE_CURVE('',#4109,#4109,#4119,.T.);
#4119 = CIRCLE('',#4120,1.666666666667);
#4120 = AXIS2_PLACEMENT_3D('',#4121,#4122,#4123);
#4121 = CARTESIAN_POINT('',(0.,0.,1.3));
#4122 = DIRECTION('',(0.,0.,-1.));
#4123 = DIRECTION('',(-1.,1.224646799147E-16,0.));
#4124 = CONICAL_SURFACE('',#4125,1.666666666667,0.785398163397);
#4125 = AXIS2_PLACEMENT_3D('',#4126,#4127,#4128);
#4126 = CARTESIAN_POINT('',(0.,0.,1.3));
#4127 = DIRECTION('',(0.,0.,1.));
#4128 = DIRECTION('',(-1.,1.224646799147E-16,0.));
#4129 = ADVANCED_FACE('',(#4130),#4157,.T.);
#4130 = FACE_BOUND('',#4131,.T.);
#4131 = EDGE_LOOP('',(#4132,#4141,#4149,#4156));
#4132 = ORIENTED_EDGE('',*,*,#4133,.T.);
#4133 = EDGE_CURVE('',#4061,#4134,#4136,.T.);
#4134 = VERTEX_POINT('',#4135);
#4135 = CARTESIAN_POINT('',(1.464466094067,-2.5,1.525));
#4136 = ELLIPSE('',#4137,8.117941502193E-02,7.5E-02);
#4137 = AXIS2_PLACEMENT_3D('',#4138,#4139,#4140);
#4138 = CARTESIAN_POINT('',(1.433400076889,-2.425,1.525));
#4139 = DIRECTION('',(0.923879532511,0.382683432365,-0.));
#4140 = DIRECTION('',(-0.382683432365,0.923879532511,0.));
#4141 = ORIENTED_EDGE('',*,*,#4142,.T.);
#4142 = EDGE_CURVE('',#4134,#4143,#4145,.T.);
#4143 = VERTEX_POINT('',#4144);
#4144 = CARTESIAN_POINT('',(2.5,-1.464466094067,1.525));
#4145 = LINE('',#4146,#4147);
#4146 = CARTESIAN_POINT('',(1.464466094067,-2.5,1.525));
#4147 = VECTOR('',#4148,1.);
#4148 = DIRECTION('',(0.707106781187,0.707106781187,0.));
#4149 = ORIENTED_EDGE('',*,*,#4150,.F.);
#4150 = EDGE_CURVE('',#4063,#4143,#4151,.T.);
#4151 = ELLIPSE('',#4152,8.117941502193E-02,7.5E-02);
#4152 = AXIS2_PLACEMENT_3D('',#4153,#4154,#4155);
#4153 = CARTESIAN_POINT('',(2.425,-1.433400076889,1.525));
#4154 = DIRECTION('',(0.382683432365,0.923879532511,0.));
#4155 = DIRECTION('',(0.923879532511,-0.382683432365,0.));
#4156 = ORIENTED_EDGE('',*,*,#4060,.F.);
#4157 = CYLINDRICAL_SURFACE('',#4158,7.5E-02);
#4158 = AXIS2_PLACEMENT_3D('',#4159,#4160,#4161);
#4159 = CARTESIAN_POINT('',(1.411433085478,-2.446966991411,1.525));
#4160 = DIRECTION('',(0.707106781187,0.707106781187,0.));
#4161 = DIRECTION('',(0.,-0.,1.));
#4162 = ADVANCED_FACE('',(#4163),#4182,.T.);
#4163 = FACE_BOUND('',#4164,.T.);
#4164 = EDGE_LOOP('',(#4165,#4174,#4180,#4181));
#4165 = ORIENTED_EDGE('',*,*,#4166,.F.);
#4166 = EDGE_CURVE('',#4167,#4087,#4169,.T.);
#4167 = VERTEX_POINT('',#4168);
#4168 = CARTESIAN_POINT('',(-2.5,-2.5,1.525));
#4169 = ELLIPSE('',#4170,0.106066017178,7.5E-02);
#4170 = AXIS2_PLACEMENT_3D('',#4171,#4172,#4173);
#4171 = CARTESIAN_POINT('',(-2.425,-2.425,1.525));
#4172 = DIRECTION('',(-0.707106781187,0.707106781187,0.));
#4173 = DIRECTION('',(-0.707106781187,-0.707106781187,0.));
#4174 = ORIENTED_EDGE('',*,*,#4175,.T.);
#4175 = EDGE_CURVE('',#4167,#4134,#4176,.T.);
#4176 = LINE('',#4177,#4178);
#4177 = CARTESIAN_POINT('',(-2.5,-2.5,1.525));
#4178 = VECTOR('',#4179,1.);
#4179 = DIRECTION('',(1.,-1.224646799147E-16,0.));
#4180 = ORIENTED_EDGE('',*,*,#4133,.F.);
#4181 = ORIENTED_EDGE('',*,*,#4094,.F.);
#4182 = CYLINDRICAL_SURFACE('',#4183,7.5E-02);
#4183 = AXIS2_PLACEMENT_3D('',#4184,#4185,#4186);
#4184 = CARTESIAN_POINT('',(-2.5,-2.425,1.525));
#4185 = DIRECTION('',(1.,-1.224646799147E-16,0.));
#4186 = DIRECTION('',(0.,0.,1.));
#4187 = ADVANCED_FACE('',(#4188),#4207,.T.);
#4188 = FACE_BOUND('',#4189,.T.);
#4189 = EDGE_LOOP('',(#4190,#4198,#4205,#4206));
#4190 = ORIENTED_EDGE('',*,*,#4191,.T.);
#4191 = EDGE_CURVE('',#4143,#4192,#4194,.T.);
#4192 = VERTEX_POINT('',#4193);
#4193 = CARTESIAN_POINT('',(2.5,2.5,1.525));
#4194 = LINE('',#4195,#4196);
#4195 = CARTESIAN_POINT('',(2.5,-1.464466094067,1.525));
#4196 = VECTOR('',#4197,1.);
#4197 = DIRECTION('',(1.224646799147E-16,1.,0.));
#4198 = ORIENTED_EDGE('',*,*,#4199,.T.);
#4199 = EDGE_CURVE('',#4192,#4071,#4200,.T.);
#4200 = ELLIPSE('',#4201,0.106066017178,7.5E-02);
#4201 = AXIS2_PLACEMENT_3D('',#4202,#4203,#4204);
#4202 = CARTESIAN_POINT('',(2.425,2.425,1.525));
#4203 = DIRECTION('',(0.707106781187,-0.707106781187,-0.));
#4204 = DIRECTION('',(-0.707106781187,-0.707106781187,0.));
#4205 = ORIENTED_EDGE('',*,*,#4070,.F.);
#4206 = ORIENTED_EDGE('',*,*,#4150,.T.);
#4207 = CYLINDRICAL_SURFACE('',#4208,7.5E-02);
#4208 = AXIS2_PLACEMENT_3D('',#4209,#4210,#4211);
#4209 = CARTESIAN_POINT('',(2.425,-1.464466094067,1.525));
#4210 = DIRECTION('',(1.224646799147E-16,1.,0.));
#4211 = DIRECTION('',(1.,-1.224646799147E-16,0.));
#4212 = ADVANCED_FACE('',(#4213),#4232,.T.);
#4213 = FACE_BOUND('',#4214,.T.);
#4214 = EDGE_LOOP('',(#4215,#4223,#4224,#4225));
#4215 = ORIENTED_EDGE('',*,*,#4216,.T.);
#4216 = EDGE_CURVE('',#4217,#4167,#4219,.T.);
#4217 = VERTEX_POINT('',#4218);
#4218 = CARTESIAN_POINT('',(-2.5,2.5,1.525));
#4219 = LINE('',#4220,#4221);
#4220 = CARTESIAN_POINT('',(-2.5,2.5,1.525));
#4221 = VECTOR('',#4222,1.);
#4222 = DIRECTION('',(-1.224646799147E-16,-1.,0.));
#4223 = ORIENTED_EDGE('',*,*,#4166,.T.);
#4224 = ORIENTED_EDGE('',*,*,#4086,.F.);
#4225 = ORIENTED_EDGE('',*,*,#4226,.F.);
#4226 = EDGE_CURVE('',#4217,#4079,#4227,.T.);
#4227 = ELLIPSE('',#4228,0.106066017178,7.5E-02);
#4228 = AXIS2_PLACEMENT_3D('',#4229,#4230,#4231);
#4229 = CARTESIAN_POINT('',(-2.425,2.425,1.525));
#4230 = DIRECTION('',(0.707106781187,0.707106781187,-0.));
#4231 = DIRECTION('',(-0.707106781187,0.707106781187,0.));
#4232 = CYLINDRICAL_SURFACE('',#4233,7.5E-02);
#4233 = AXIS2_PLACEMENT_3D('',#4234,#4235,#4236);
#4234 = CARTESIAN_POINT('',(-2.425,2.5,1.525));
#4235 = DIRECTION('',(-1.224646799147E-16,-1.,0.));
#4236 = DIRECTION('',(-1.,1.224646799147E-16,0.));
#4237 = ADVANCED_FACE('',(#4238),#4249,.T.);
#4238 = FACE_BOUND('',#4239,.T.);
#4239 = EDGE_LOOP('',(#4240,#4246,#4247,#4248));
#4240 = ORIENTED_EDGE('',*,*,#4241,.T.);
#4241 = EDGE_CURVE('',#4192,#4217,#4242,.T.);
#4242 = LINE('',#4243,#4244);
#4243 = CARTESIAN_POINT('',(2.5,2.5,1.525));
#4244 = VECTOR('',#4245,1.);
#4245 = DIRECTION('',(-1.,1.224646799147E-16,0.));
#4246 = ORIENTED_EDGE('',*,*,#4226,.T.);
#4247 = ORIENTED_EDGE('',*,*,#4078,.F.);
#4248 = ORIENTED_EDGE('',*,*,#4199,.F.);
#4249 = CYLINDRICAL_SURFACE('',#4250,7.5E-02);
#4250 = AXIS2_PLACEMENT_3D('',#4251,#4252,#4253);
#4251 = CARTESIAN_POINT('',(2.5,2.425,1.525));
#4252 = DIRECTION('',(-1.,1.224646799147E-16,0.));
#4253 = DIRECTION('',(1.224646799147E-16,1.,0.));
#4254 = ADVANCED_FACE('',(#4255),#4274,.F.);
#4255 = FACE_BOUND('',#4256,.F.);
#4256 = EDGE_LOOP('',(#4257,#4265,#4266,#4267));
#4257 = ORIENTED_EDGE('',*,*,#4258,.T.);
#4258 = EDGE_CURVE('',#4259,#4109,#4261,.T.);
#4259 = VERTEX_POINT('',#4260);
#4260 = CARTESIAN_POINT('',(-1.666666666667,2.041077998579E-16,1.225));
#4261 = LINE('',#4262,#4263);
#4262 = CARTESIAN_POINT('',(-1.666666666667,2.041077998579E-16,0.85));
#4263 = VECTOR('',#4264,1.);
#4264 = DIRECTION('',(0.,0.,1.));
#4265 = ORIENTED_EDGE('',*,*,#4118,.T.);
#4266 = ORIENTED_EDGE('',*,*,#4258,.F.);
#4267 = ORIENTED_EDGE('',*,*,#4268,.T.);
#4268 = EDGE_CURVE('',#4259,#4259,#4269,.T.);
#4269 = CIRCLE('',#4270,1.666666666667);
#4270 = AXIS2_PLACEMENT_3D('',#4271,#4272,#4273);
#4271 = CARTESIAN_POINT('',(0.,0.,1.225));
#4272 = DIRECTION('',(0.,0.,1.));
#4273 = DIRECTION('',(-1.,1.224646799147E-16,0.));
#4274 = CYLINDRICAL_SURFACE('',#4275,1.666666666667);
#4275 = AXIS2_PLACEMENT_3D('',#4276,#4277,#4278);
#4276 = CARTESIAN_POINT('',(0.,0.,0.85));
#4277 = DIRECTION('',(0.,0.,-1.));
#4278 = DIRECTION('',(-1.,1.224646799147E-16,0.));
#4279 = ADVANCED_FACE('',(#4280),#4305,.T.);
#4280 = FACE_BOUND('',#4281,.T.);
#4281 = EDGE_LOOP('',(#4282,#4290,#4298,#4304));
#4282 = ORIENTED_EDGE('',*,*,#4283,.T.);
#4283 = EDGE_CURVE('',#4134,#4284,#4286,.T.);
#4284 = VERTEX_POINT('',#4285);
#4285 = CARTESIAN_POINT('',(1.464466094067,-2.5,1.3));
#4286 = LINE('',#4287,#4288);
#4287 = CARTESIAN_POINT('',(1.464466094067,-2.5,0.7));
#4288 = VECTOR('',#4289,1.);
#4289 = DIRECTION('',(0.,0.,-1.));
#4290 = ORIENTED_EDGE('',*,*,#4291,.F.);
#4291 = EDGE_CURVE('',#4292,#4284,#4294,.T.);
#4292 = VERTEX_POINT('',#4293);
#4293 = CARTESIAN_POINT('',(2.5,-1.464466094067,1.3));
#4294 = LINE('',#4295,#4296);
#4295 = CARTESIAN_POINT('',(3.75,-0.214466094067,1.3));
#4296 = VECTOR('',#4297,1.);
#4297 = DIRECTION('',(-0.707106781187,-0.707106781187,0.));
#4298 = ORIENTED_EDGE('',*,*,#4299,.T.);
#4299 = EDGE_CURVE('',#4292,#4143,#4300,.T.);
#4300 = LINE('',#4301,#4302);
#4301 = CARTESIAN_POINT('',(2.5,-1.464466094067,0.7));
#4302 = VECTOR('',#4303,1.);
#4303 = DIRECTION('',(0.,0.,1.));
#4304 = ORIENTED_EDGE('',*,*,#4142,.F.);
#4305 = PLANE('',#4306);
#4306 = AXIS2_PLACEMENT_3D('',#4307,#4308,#4309);
#4307 = CARTESIAN_POINT('',(3.75,-0.214466094067,1.3));
#4308 = DIRECTION('',(0.707106781187,-0.707106781187,0.));
#4309 = DIRECTION('',(-0.707106781187,-0.707106781187,0.));
#4310 = ADVANCED_FACE('',(#4311),#4345,.F.);
#4311 = FACE_BOUND('',#4312,.F.);
#4312 = EDGE_LOOP('',(#4313,#4314,#4322,#4330,#4338,#4344));
#4313 = ORIENTED_EDGE('',*,*,#4283,.T.);
#4314 = ORIENTED_EDGE('',*,*,#4315,.T.);
#4315 = EDGE_CURVE('',#4284,#4316,#4318,.T.);
#4316 = VERTEX_POINT('',#4317);
#4317 = CARTESIAN_POINT('',(2.5,-2.5,1.3));
#4318 = LINE('',#4319,#4320);
#4319 = CARTESIAN_POINT('',(0.625,-2.5,1.3));
#4320 = VECTOR('',#4321,1.);
#4321 = DIRECTION('',(1.,-1.224646799147E-16,0.));
#4322 = ORIENTED_EDGE('',*,*,#4323,.F.);
#4323 = EDGE_CURVE('',#4324,#4316,#4326,.T.);
#4324 = VERTEX_POINT('',#4325);
#4325 = CARTESIAN_POINT('',(2.5,-2.5,0.1));
#4326 = LINE('',#4327,#4328);
#4327 = CARTESIAN_POINT('',(2.5,-2.5,0.1));
#4328 = VECTOR('',#4329,1.);
#4329 = DIRECTION('',(0.,0.,1.));
#4330 = ORIENTED_EDGE('',*,*,#4331,.F.);
#4331 = EDGE_CURVE('',#4332,#4324,#4334,.T.);
#4332 = VERTEX_POINT('',#4333);
#4333 = CARTESIAN_POINT('',(-2.5,-2.5,0.1));
#4334 = LINE('',#4335,#4336);
#4335 = CARTESIAN_POINT('',(-2.5,-2.5,0.1));
#4336 = VECTOR('',#4337,1.);
#4337 = DIRECTION('',(1.,-1.224646799147E-16,0.));
#4338 = ORIENTED_EDGE('',*,*,#4339,.T.);
#4339 = EDGE_CURVE('',#4332,#4167,#4340,.T.);
#4340 = LINE('',#4341,#4342);
#4341 = CARTESIAN_POINT('',(-2.5,-2.5,0.1));
#4342 = VECTOR('',#4343,1.);
#4343 = DIRECTION('',(0.,0.,1.));
#4344 = ORIENTED_EDGE('',*,*,#4175,.T.);
#4345 = PLANE('',#4346);
#4346 = AXIS2_PLACEMENT_3D('',#4347,#4348,#4349);
#4347 = CARTESIAN_POINT('',(-2.5,-2.5,0.1));
#4348 = DIRECTION('',(1.224646799147E-16,1.,0.));
#4349 = DIRECTION('',(1.,-1.224646799147E-16,0.));
#4350 = ADVANCED_FACE('',(#4351,#4408,#4442),#4476,.F.);
#4351 = FACE_BOUND('',#4352,.F.);
#4352 = EDGE_LOOP('',(#4353,#4361,#4369,#4377,#4385,#4393,#4399,#4400,
    #4406,#4407));
#4353 = ORIENTED_EDGE('',*,*,#4354,.F.);
#4354 = EDGE_CURVE('',#4355,#4192,#4357,.T.);
#4355 = VERTEX_POINT('',#4356);
#4356 = CARTESIAN_POINT('',(2.5,2.5,0.1));
#4357 = LINE('',#4358,#4359);
#4358 = CARTESIAN_POINT('',(2.5,2.5,0.1));
#4359 = VECTOR('',#4360,1.);
#4360 = DIRECTION('',(0.,0.,1.));
#4361 = ORIENTED_EDGE('',*,*,#4362,.F.);
#4362 = EDGE_CURVE('',#4363,#4355,#4365,.T.);
#4363 = VERTEX_POINT('',#4364);
#4364 = CARTESIAN_POINT('',(2.5,2.1,0.1));
#4365 = LINE('',#4366,#4367);
#4366 = CARTESIAN_POINT('',(2.5,-2.5,0.1));
#4367 = VECTOR('',#4368,1.);
#4368 = DIRECTION('',(1.224646799147E-16,1.,0.));
#4369 = ORIENTED_EDGE('',*,*,#4370,.F.);
#4370 = EDGE_CURVE('',#4371,#4363,#4373,.T.);
#4371 = VERTEX_POINT('',#4372);
#4372 = CARTESIAN_POINT('',(2.5,1.2,0.1));
#4373 = LINE('',#4374,#4375);
#4374 = CARTESIAN_POINT('',(2.5,-2.5,0.1));
#4375 = VECTOR('',#4376,1.);
#4376 = DIRECTION('',(1.224646799147E-16,1.,0.));
#4377 = ORIENTED_EDGE('',*,*,#4378,.F.);
#4378 = EDGE_CURVE('',#4379,#4371,#4381,.T.);
#4379 = VERTEX_POINT('',#4380);
#4380 = CARTESIAN_POINT('',(2.5,-1.2,0.1));
#4381 = LINE('',#4382,#4383);
#4382 = CARTESIAN_POINT('',(2.5,-2.5,0.1));
#4383 = VECTOR('',#4384,1.);
#4384 = DIRECTION('',(1.224646799147E-16,1.,0.));
#4385 = ORIENTED_EDGE('',*,*,#4386,.F.);
#4386 = EDGE_CURVE('',#4387,#4379,#4389,.T.);
#4387 = VERTEX_POINT('',#4388);
#4388 = CARTESIAN_POINT('',(2.5,-2.1,0.1));
#4389 = LINE('',#4390,#4391);
#4390 = CARTESIAN_POINT('',(2.5,-2.5,0.1));
#4391 = VECTOR('',#4392,1.);
#4392 = DIRECTION('',(1.224646799147E-16,1.,0.));
#4393 = ORIENTED_EDGE('',*,*,#4394,.F.);
#4394 = EDGE_CURVE('',#4324,#4387,#4395,.T.);
#4395 = LINE('',#4396,#4397);
#4396 = CARTESIAN_POINT('',(2.5,-2.5,0.1));
#4397 = VECTOR('',#4398,1.);
#4398 = DIRECTION('',(1.224646799147E-16,1.,0.));
#4399 = ORIENTED_EDGE('',*,*,#4323,.T.);
#4400 = ORIENTED_EDGE('',*,*,#4401,.T.);
#4401 = EDGE_CURVE('',#4316,#4292,#4402,.T.);
#4402 = LINE('',#4403,#4404);
#4403 = CARTESIAN_POINT('',(2.5,-3.125,1.3));
#4404 = VECTOR('',#4405,1.);
#4405 = DIRECTION('',(1.224646799147E-16,1.,0.));
#4406 = ORIENTED_EDGE('',*,*,#4299,.T.);
#4407 = ORIENTED_EDGE('',*,*,#4191,.T.);
#4408 = FACE_BOUND('',#4409,.F.);
#4409 = EDGE_LOOP('',(#4410,#4420,#4428,#4436));
#4410 = ORIENTED_EDGE('',*,*,#4411,.T.);
#4411 = EDGE_CURVE('',#4412,#4414,#4416,.T.);
#4412 = VERTEX_POINT('',#4413);
#4413 = CARTESIAN_POINT('',(2.5,1.2,0.9));
#4414 = VERTEX_POINT('',#4415);
#4415 = CARTESIAN_POINT('',(2.5,2.1,0.9));
#4416 = LINE('',#4417,#4418);
#4417 = CARTESIAN_POINT('',(2.5,-0.425,0.9));
#4418 = VECTOR('',#4419,1.);
#4419 = DIRECTION('',(1.224646799147E-16,1.,-1.556307025767E-32));
#4420 = ORIENTED_EDGE('',*,*,#4421,.T.);
#4421 = EDGE_CURVE('',#4414,#4422,#4424,.T.);
#4422 = VERTEX_POINT('',#4423);
#4423 = CARTESIAN_POINT('',(2.5,2.1,1.));
#4424 = LINE('',#4425,#4426);
#4425 = CARTESIAN_POINT('',(2.5,2.1,5.E-02));
#4426 = VECTOR('',#4427,1.);
#4427 = DIRECTION('',(0.,0.,1.));
#4428 = ORIENTED_EDGE('',*,*,#4429,.F.);
#4429 = EDGE_CURVE('',#4430,#4422,#4432,.T.);
#4430 = VERTEX_POINT('',#4431);
#4431 = CARTESIAN_POINT('',(2.5,1.2,1.));
#4432 = LINE('',#4433,#4434);
#4433 = CARTESIAN_POINT('',(2.5,-0.425,1.));
#4434 = VECTOR('',#4435,1.);
#4435 = DIRECTION('',(1.224646799147E-16,1.,0.));
#4436 = ORIENTED_EDGE('',*,*,#4437,.T.);
#4437 = EDGE_CURVE('',#4430,#4412,#4438,.T.);
#4438 = LINE('',#4439,#4440);
#4439 = CARTESIAN_POINT('',(2.5,1.2,5.E-02));
#4440 = VECTOR('',#4441,1.);
#4441 = DIRECTION('',(-0.,0.,-1.));
#4442 = FACE_BOUND('',#4443,.F.);
#4443 = EDGE_LOOP('',(#4444,#4454,#4462,#4470));
#4444 = ORIENTED_EDGE('',*,*,#4445,.F.);
#4445 = EDGE_CURVE('',#4446,#4448,#4450,.T.);
#4446 = VERTEX_POINT('',#4447);
#4447 = CARTESIAN_POINT('',(2.5,-2.1,1.));
#4448 = VERTEX_POINT('',#4449);
#4449 = CARTESIAN_POINT('',(2.5,-1.2,1.));
#4450 = LINE('',#4451,#4452);
#4451 = CARTESIAN_POINT('',(2.5,-2.075,1.));
#4452 = VECTOR('',#4453,1.);
#4453 = DIRECTION('',(1.224646799147E-16,1.,0.));
#4454 = ORIENTED_EDGE('',*,*,#4455,.T.);
#4455 = EDGE_CURVE('',#4446,#4456,#4458,.T.);
#4456 = VERTEX_POINT('',#4457);
#4457 = CARTESIAN_POINT('',(2.5,-2.1,0.9));
#4458 = LINE('',#4459,#4460);
#4459 = CARTESIAN_POINT('',(2.5,-2.1,5.E-02));
#4460 = VECTOR('',#4461,1.);
#4461 = DIRECTION('',(-0.,0.,-1.));
#4462 = ORIENTED_EDGE('',*,*,#4463,.T.);
#4463 = EDGE_CURVE('',#4456,#4464,#4466,.T.);
#4464 = VERTEX_POINT('',#4465);
#4465 = CARTESIAN_POINT('',(2.5,-1.2,0.9));
#4466 = LINE('',#4467,#4468);
#4467 = CARTESIAN_POINT('',(2.5,-2.075,0.9));
#4468 = VECTOR('',#4469,1.);
#4469 = DIRECTION('',(1.224646799147E-16,1.,-3.890767564419E-33));
#4470 = ORIENTED_EDGE('',*,*,#4471,.T.);
#4471 = EDGE_CURVE('',#4464,#4448,#4472,.T.);
#4472 = LINE('',#4473,#4474);
#4473 = CARTESIAN_POINT('',(2.5,-1.2,5.E-02));
#4474 = VECTOR('',#4475,1.);
#4475 = DIRECTION('',(0.,0.,1.));
#4476 = PLANE('',#4477);
#4477 = AXIS2_PLACEMENT_3D('',#4478,#4479,#4480);
#4478 = CARTESIAN_POINT('',(2.5,-2.5,0.1));
#4479 = DIRECTION('',(-1.,1.224646799147E-16,0.));
#4480 = DIRECTION('',(1.224646799147E-16,1.,0.));
#4481 = ADVANCED_FACE('',(#4482,#4532,#4566),#4600,.F.);
#4482 = FACE_BOUND('',#4483,.F.);
#4483 = EDGE_LOOP('',(#4484,#4492,#4493,#4494,#4502,#4510,#4518,#4526));
#4484 = ORIENTED_EDGE('',*,*,#4485,.T.);
#4485 = EDGE_CURVE('',#4486,#4217,#4488,.T.);
#4486 = VERTEX_POINT('',#4487);
#4487 = CARTESIAN_POINT('',(-2.5,2.5,0.1));
#4488 = LINE('',#4489,#4490);
#4489 = CARTESIAN_POINT('',(-2.5,2.5,0.1));
#4490 = VECTOR('',#4491,1.);
#4491 = DIRECTION('',(0.,0.,1.));
#4492 = ORIENTED_EDGE('',*,*,#4216,.T.);
#4493 = ORIENTED_EDGE('',*,*,#4339,.F.);
#4494 = ORIENTED_EDGE('',*,*,#4495,.F.);
#4495 = EDGE_CURVE('',#4496,#4332,#4498,.T.);
#4496 = VERTEX_POINT('',#4497);
#4497 = CARTESIAN_POINT('',(-2.5,-2.1,0.1));
#4498 = LINE('',#4499,#4500);
#4499 = CARTESIAN_POINT('',(-2.5,2.5,0.1));
#4500 = VECTOR('',#4501,1.);
#4501 = DIRECTION('',(-1.224646799147E-16,-1.,0.));
#4502 = ORIENTED_EDGE('',*,*,#4503,.F.);
#4503 = EDGE_CURVE('',#4504,#4496,#4506,.T.);
#4504 = VERTEX_POINT('',#4505);
#4505 = CARTESIAN_POINT('',(-2.5,-1.2,0.1));
#4506 = LINE('',#4507,#4508);
#4507 = CARTESIAN_POINT('',(-2.5,2.5,0.1));
#4508 = VECTOR('',#4509,1.);
#4509 = DIRECTION('',(-1.224646799147E-16,-1.,0.));
#4510 = ORIENTED_EDGE('',*,*,#4511,.F.);
#4511 = EDGE_CURVE('',#4512,#4504,#4514,.T.);
#4512 = VERTEX_POINT('',#4513);
#4513 = CARTESIAN_POINT('',(-2.5,1.2,0.1));
#4514 = LINE('',#4515,#4516);
#4515 = CARTESIAN_POINT('',(-2.5,2.5,0.1));
#4516 = VECTOR('',#4517,1.);
#4517 = DIRECTION('',(-1.224646799147E-16,-1.,0.));
#4518 = ORIENTED_EDGE('',*,*,#4519,.F.);
#4519 = EDGE_CURVE('',#4520,#4512,#4522,.T.);
#4520 = VERTEX_POINT('',#4521);
#4521 = CARTESIAN_POINT('',(-2.5,2.1,0.1));
#4522 = LINE('',#4523,#4524);
#4523 = CARTESIAN_POINT('',(-2.5,2.5,0.1));
#4524 = VECTOR('',#4525,1.);
#4525 = DIRECTION('',(-1.224646799147E-16,-1.,0.));
#4526 = ORIENTED_EDGE('',*,*,#4527,.F.);
#4527 = EDGE_CURVE('',#4486,#4520,#4528,.T.);
#4528 = LINE('',#4529,#4530);
#4529 = CARTESIAN_POINT('',(-2.5,2.5,0.1));
#4530 = VECTOR('',#4531,1.);
#4531 = DIRECTION('',(-1.224646799147E-16,-1.,0.));
#4532 = FACE_BOUND('',#4533,.F.);
#4533 = EDGE_LOOP('',(#4534,#4544,#4552,#4560));
#4534 = ORIENTED_EDGE('',*,*,#4535,.F.);
#4535 = EDGE_CURVE('',#4536,#4538,#4540,.T.);
#4536 = VERTEX_POINT('',#4537);
#4537 = CARTESIAN_POINT('',(-2.5,-1.2,1.));
#4538 = VERTEX_POINT('',#4539);
#4539 = CARTESIAN_POINT('',(-2.5,-2.1,1.));
#4540 = LINE('',#4541,#4542);
#4541 = CARTESIAN_POINT('',(-2.5,0.425,1.));
#4542 = VECTOR('',#4543,1.);
#4543 = DIRECTION('',(-1.224646799147E-16,-1.,0.));
#4544 = ORIENTED_EDGE('',*,*,#4545,.T.);
#4545 = EDGE_CURVE('',#4536,#4546,#4548,.T.);
#4546 = VERTEX_POINT('',#4547);
#4547 = CARTESIAN_POINT('',(-2.5,-1.2,0.9));
#4548 = LINE('',#4549,#4550);
#4549 = CARTESIAN_POINT('',(-2.5,-1.2,5.E-02));
#4550 = VECTOR('',#4551,1.);
#4551 = DIRECTION('',(-0.,0.,-1.));
#4552 = ORIENTED_EDGE('',*,*,#4553,.T.);
#4553 = EDGE_CURVE('',#4546,#4554,#4556,.T.);
#4554 = VERTEX_POINT('',#4555);
#4555 = CARTESIAN_POINT('',(-2.5,-2.1,0.9));
#4556 = LINE('',#4557,#4558);
#4557 = CARTESIAN_POINT('',(-2.5,0.425,0.9));
#4558 = VECTOR('',#4559,1.);
#4559 = DIRECTION('',(-1.224646799147E-16,-1.,3.890767564419E-33));
#4560 = ORIENTED_EDGE('',*,*,#4561,.T.);
#4561 = EDGE_CURVE('',#4554,#4538,#4562,.T.);
#4562 = LINE('',#4563,#4564);
#4563 = CARTESIAN_POINT('',(-2.5,-2.1,5.E-02));
#4564 = VECTOR('',#4565,1.);
#4565 = DIRECTION('',(0.,0.,1.));
#4566 = FACE_BOUND('',#4567,.F.);
#4567 = EDGE_LOOP('',(#4568,#4578,#4586,#4594));
#4568 = ORIENTED_EDGE('',*,*,#4569,.F.);
#4569 = EDGE_CURVE('',#4570,#4572,#4574,.T.);
#4570 = VERTEX_POINT('',#4571);
#4571 = CARTESIAN_POINT('',(-2.5,2.1,1.));
#4572 = VERTEX_POINT('',#4573);
#4573 = CARTESIAN_POINT('',(-2.5,1.2,1.));
#4574 = LINE('',#4575,#4576);
#4575 = CARTESIAN_POINT('',(-2.5,2.075,1.));
#4576 = VECTOR('',#4577,1.);
#4577 = DIRECTION('',(-1.224646799147E-16,-1.,0.));
#4578 = ORIENTED_EDGE('',*,*,#4579,.T.);
#4579 = EDGE_CURVE('',#4570,#4580,#4582,.T.);
#4580 = VERTEX_POINT('',#4581);
#4581 = CARTESIAN_POINT('',(-2.5,2.1,0.9));
#4582 = LINE('',#4583,#4584);
#4583 = CARTESIAN_POINT('',(-2.5,2.1,5.E-02));
#4584 = VECTOR('',#4585,1.);
#4585 = DIRECTION('',(-0.,0.,-1.));
#4586 = ORIENTED_EDGE('',*,*,#4587,.T.);
#4587 = EDGE_CURVE('',#4580,#4588,#4590,.T.);
#4588 = VERTEX_POINT('',#4589);
#4589 = CARTESIAN_POINT('',(-2.5,1.2,0.9));
#4590 = LINE('',#4591,#4592);
#4591 = CARTESIAN_POINT('',(-2.5,2.075,0.9));
#4592 = VECTOR('',#4593,1.);
#4593 = DIRECTION('',(-1.224646799147E-16,-1.,1.556307025767E-32));
#4594 = ORIENTED_EDGE('',*,*,#4595,.T.);
#4595 = EDGE_CURVE('',#4588,#4572,#4596,.T.);
#4596 = LINE('',#4597,#4598);
#4597 = CARTESIAN_POINT('',(-2.5,1.2,5.E-02));
#4598 = VECTOR('',#4599,1.);
#4599 = DIRECTION('',(0.,0.,1.));
#4600 = PLANE('',#4601);
#4601 = AXIS2_PLACEMENT_3D('',#4602,#4603,#4604);
#4602 = CARTESIAN_POINT('',(-2.5,2.5,0.1));
#4603 = DIRECTION('',(1.,-1.224646799147E-16,0.));
#4604 = DIRECTION('',(-1.224646799147E-16,-1.,0.));
#4605 = ADVANCED_FACE('',(#4606),#4617,.F.);
#4606 = FACE_BOUND('',#4607,.F.);
#4607 = EDGE_LOOP('',(#4608,#4609,#4610,#4611));
#4608 = ORIENTED_EDGE('',*,*,#4354,.T.);
#4609 = ORIENTED_EDGE('',*,*,#4241,.T.);
#4610 = ORIENTED_EDGE('',*,*,#4485,.F.);
#4611 = ORIENTED_EDGE('',*,*,#4612,.F.);
#4612 = EDGE_CURVE('',#4355,#4486,#4613,.T.);
#4613 = LINE('',#4614,#4615);
#4614 = CARTESIAN_POINT('',(2.5,2.5,0.1));
#4615 = VECTOR('',#4616,1.);
#4616 = DIRECTION('',(-1.,1.224646799147E-16,0.));
#4617 = PLANE('',#4618);
#4618 = AXIS2_PLACEMENT_3D('',#4619,#4620,#4621);
#4619 = CARTESIAN_POINT('',(2.5,2.5,0.1));
#4620 = DIRECTION('',(-1.224646799147E-16,-1.,0.));
#4621 = DIRECTION('',(-1.,1.224646799147E-16,0.));
#4622 = ADVANCED_FACE('',(#4623),#4626,.T.);
#4623 = FACE_BOUND('',#4624,.T.);
#4624 = EDGE_LOOP('',(#4625));
#4625 = ORIENTED_EDGE('',*,*,#4268,.T.);
#4626 = PLANE('',#4627);
#4627 = AXIS2_PLACEMENT_3D('',#4628,#4629,#4630);
#4628 = CARTESIAN_POINT('',(1.538370149107E-16,-1.370800865949E-16,1.225
    ));
#4629 = DIRECTION('',(0.,0.,1.));
#4630 = DIRECTION('',(-1.,1.224646799147E-16,0.));
#4631 = ADVANCED_FACE('',(#4632),#4637,.T.);
#4632 = FACE_BOUND('',#4633,.T.);
#4633 = EDGE_LOOP('',(#4634,#4635,#4636));
#4634 = ORIENTED_EDGE('',*,*,#4401,.T.);
#4635 = ORIENTED_EDGE('',*,*,#4291,.T.);
#4636 = ORIENTED_EDGE('',*,*,#4315,.T.);
#4637 = PLANE('',#4638);
#4638 = AXIS2_PLACEMENT_3D('',#4639,#4640,#4641);
#4639 = CARTESIAN_POINT('',(3.75,-3.75,1.3));
#4640 = DIRECTION('',(0.,0.,1.));
#4641 = DIRECTION('',(-0.707106781187,-0.707106781187,0.));
#4642 = ADVANCED_FACE('',(#4643),#4805,.F.);
#4643 = FACE_BOUND('',#4644,.F.);
#4644 = EDGE_LOOP('',(#4645,#4646,#4647,#4648,#4656,#4664,#4672,#4680,
    #4686,#4687,#4695,#4703,#4711,#4719,#4725,#4726,#4727,#4728,#4736,
    #4744,#4752,#4760,#4766,#4767,#4775,#4783,#4791,#4799));
#4645 = ORIENTED_EDGE('',*,*,#4362,.T.);
#4646 = ORIENTED_EDGE('',*,*,#4612,.T.);
#4647 = ORIENTED_EDGE('',*,*,#4527,.T.);
#4648 = ORIENTED_EDGE('',*,*,#4649,.F.);
#4649 = EDGE_CURVE('',#4650,#4520,#4652,.T.);
#4650 = VERTEX_POINT('',#4651);
#4651 = CARTESIAN_POINT('',(-1.95,2.1,0.1));
#4652 = LINE('',#4653,#4654);
#4653 = CARTESIAN_POINT('',(-2.025,2.1,0.1));
#4654 = VECTOR('',#4655,1.);
#4655 = DIRECTION('',(-1.,1.224646799147E-16,-4.996063166392E-32));
#4656 = ORIENTED_EDGE('',*,*,#4657,.T.);
#4657 = EDGE_CURVE('',#4650,#4658,#4660,.T.);
#4658 = VERTEX_POINT('',#4659);
#4659 = CARTESIAN_POINT('',(-1.8,2.1,0.1));
#4660 = LINE('',#4661,#4662);
#4661 = CARTESIAN_POINT('',(-0.9,2.1,0.1));
#4662 = VECTOR('',#4663,1.);
#4663 = DIRECTION('',(1.,-1.224646799147E-16,0.));
#4664 = ORIENTED_EDGE('',*,*,#4665,.T.);
#4665 = EDGE_CURVE('',#4658,#4666,#4668,.T.);
#4666 = VERTEX_POINT('',#4667);
#4667 = CARTESIAN_POINT('',(-1.8,1.2,0.1));
#4668 = LINE('',#4669,#4670);
#4669 = CARTESIAN_POINT('',(-1.8,0.6,0.1));
#4670 = VECTOR('',#4671,1.);
#4671 = DIRECTION('',(-1.224646799147E-16,-1.,0.));
#4672 = ORIENTED_EDGE('',*,*,#4673,.T.);
#4673 = EDGE_CURVE('',#4666,#4674,#4676,.T.);
#4674 = VERTEX_POINT('',#4675);
#4675 = CARTESIAN_POINT('',(-1.95,1.2,0.1));
#4676 = LINE('',#4677,#4678);
#4677 = CARTESIAN_POINT('',(-1.35,1.2,0.1));
#4678 = VECTOR('',#4679,1.);
#4679 = DIRECTION('',(-1.,1.224646799147E-16,0.));
#4680 = ORIENTED_EDGE('',*,*,#4681,.F.);
#4681 = EDGE_CURVE('',#4512,#4674,#4682,.T.);
#4682 = LINE('',#4683,#4684);
#4683 = CARTESIAN_POINT('',(-2.475,1.2,0.1));
#4684 = VECTOR('',#4685,1.);
#4685 = DIRECTION('',(1.,-1.224646799147E-16,4.996063166392E-32));
#4686 = ORIENTED_EDGE('',*,*,#4511,.T.);
#4687 = ORIENTED_EDGE('',*,*,#4688,.F.);
#4688 = EDGE_CURVE('',#4689,#4504,#4691,.T.);
#4689 = VERTEX_POINT('',#4690);
#4690 = CARTESIAN_POINT('',(-1.95,-1.2,0.1));
#4691 = LINE('',#4692,#4693);
#4692 = CARTESIAN_POINT('',(-2.025,-1.2,0.1));
#4693 = VECTOR('',#4694,1.);
#4694 = DIRECTION('',(-1.,1.224646799147E-16,-4.996063166392E-32));
#4695 = ORIENTED_EDGE('',*,*,#4696,.T.);
#4696 = EDGE_CURVE('',#4689,#4697,#4699,.T.);
#4697 = VERTEX_POINT('',#4698);
#4698 = CARTESIAN_POINT('',(-1.8,-1.2,0.1));
#4699 = LINE('',#4700,#4701);
#4700 = CARTESIAN_POINT('',(-0.9,-1.2,0.1));
#4701 = VECTOR('',#4702,1.);
#4702 = DIRECTION('',(1.,-1.224646799147E-16,0.));
#4703 = ORIENTED_EDGE('',*,*,#4704,.T.);
#4704 = EDGE_CURVE('',#4697,#4705,#4707,.T.);
#4705 = VERTEX_POINT('',#4706);
#4706 = CARTESIAN_POINT('',(-1.8,-2.1,0.1));
#4707 = LINE('',#4708,#4709);
#4708 = CARTESIAN_POINT('',(-1.8,-1.05,0.1));
#4709 = VECTOR('',#4710,1.);
#4710 = DIRECTION('',(-1.224646799147E-16,-1.,0.));
#4711 = ORIENTED_EDGE('',*,*,#4712,.T.);
#4712 = EDGE_CURVE('',#4705,#4713,#4715,.T.);
#4713 = VERTEX_POINT('',#4714);
#4714 = CARTESIAN_POINT('',(-1.95,-2.1,0.1));
#4715 = LINE('',#4716,#4717);
#4716 = CARTESIAN_POINT('',(-1.35,-2.1,0.1));
#4717 = VECTOR('',#4718,1.);
#4718 = DIRECTION('',(-1.,1.224646799147E-16,0.));
#4719 = ORIENTED_EDGE('',*,*,#4720,.F.);
#4720 = EDGE_CURVE('',#4496,#4713,#4721,.T.);
#4721 = LINE('',#4722,#4723);
#4722 = CARTESIAN_POINT('',(-2.475,-2.1,0.1));
#4723 = VECTOR('',#4724,1.);
#4724 = DIRECTION('',(1.,-1.224646799147E-16,4.996063166392E-32));
#4725 = ORIENTED_EDGE('',*,*,#4495,.T.);
#4726 = ORIENTED_EDGE('',*,*,#4331,.T.);
#4727 = ORIENTED_EDGE('',*,*,#4394,.T.);
#4728 = ORIENTED_EDGE('',*,*,#4729,.F.);
#4729 = EDGE_CURVE('',#4730,#4387,#4732,.T.);
#4730 = VERTEX_POINT('',#4731);
#4731 = CARTESIAN_POINT('',(1.95,-2.1,0.1));
#4732 = LINE('',#4733,#4734);
#4733 = CARTESIAN_POINT('',(2.025,-2.1,0.1));
#4734 = VECTOR('',#4735,1.);
#4735 = DIRECTION('',(1.,-1.224646799147E-16,-4.996063166392E-32));
#4736 = ORIENTED_EDGE('',*,*,#4737,.T.);
#4737 = EDGE_CURVE('',#4730,#4738,#4740,.T.);
#4738 = VERTEX_POINT('',#4739);
#4739 = CARTESIAN_POINT('',(1.8,-2.1,0.1));
#4740 = LINE('',#4741,#4742);
#4741 = CARTESIAN_POINT('',(0.9,-2.1,0.1));
#4742 = VECTOR('',#4743,1.);
#4743 = DIRECTION('',(-1.,1.224646799147E-16,0.));
#4744 = ORIENTED_EDGE('',*,*,#4745,.T.);
#4745 = EDGE_CURVE('',#4738,#4746,#4748,.T.);
#4746 = VERTEX_POINT('',#4747);
#4747 = CARTESIAN_POINT('',(1.8,-1.2,0.1));
#4748 = LINE('',#4749,#4750);
#4749 = CARTESIAN_POINT('',(1.8,-0.6,0.1));
#4750 = VECTOR('',#4751,1.);
#4751 = DIRECTION('',(1.224646799147E-16,1.,0.));
#4752 = ORIENTED_EDGE('',*,*,#4753,.T.);
#4753 = EDGE_CURVE('',#4746,#4754,#4756,.T.);
#4754 = VERTEX_POINT('',#4755);
#4755 = CARTESIAN_POINT('',(1.95,-1.2,0.1));
#4756 = LINE('',#4757,#4758);
#4757 = CARTESIAN_POINT('',(1.35,-1.2,0.1));
#4758 = VECTOR('',#4759,1.);
#4759 = DIRECTION('',(1.,-1.224646799147E-16,0.));
#4760 = ORIENTED_EDGE('',*,*,#4761,.F.);
#4761 = EDGE_CURVE('',#4379,#4754,#4762,.T.);
#4762 = LINE('',#4763,#4764);
#4763 = CARTESIAN_POINT('',(2.475,-1.2,0.1));
#4764 = VECTOR('',#4765,1.);
#4765 = DIRECTION('',(-1.,1.224646799147E-16,4.996063166392E-32));
#4766 = ORIENTED_EDGE('',*,*,#4378,.T.);
#4767 = ORIENTED_EDGE('',*,*,#4768,.F.);
#4768 = EDGE_CURVE('',#4769,#4371,#4771,.T.);
#4769 = VERTEX_POINT('',#4770);
#4770 = CARTESIAN_POINT('',(1.95,1.2,0.1));
#4771 = LINE('',#4772,#4773);
#4772 = CARTESIAN_POINT('',(2.025,1.2,0.1));
#4773 = VECTOR('',#4774,1.);
#4774 = DIRECTION('',(1.,-1.224646799147E-16,-4.996063166392E-32));
#4775 = ORIENTED_EDGE('',*,*,#4776,.T.);
#4776 = EDGE_CURVE('',#4769,#4777,#4779,.T.);
#4777 = VERTEX_POINT('',#4778);
#4778 = CARTESIAN_POINT('',(1.8,1.2,0.1));
#4779 = LINE('',#4780,#4781);
#4780 = CARTESIAN_POINT('',(0.9,1.2,0.1));
#4781 = VECTOR('',#4782,1.);
#4782 = DIRECTION('',(-1.,1.224646799147E-16,0.));
#4783 = ORIENTED_EDGE('',*,*,#4784,.T.);
#4784 = EDGE_CURVE('',#4777,#4785,#4787,.T.);
#4785 = VERTEX_POINT('',#4786);
#4786 = CARTESIAN_POINT('',(1.8,2.1,0.1));
#4787 = LINE('',#4788,#4789);
#4788 = CARTESIAN_POINT('',(1.8,1.05,0.1));
#4789 = VECTOR('',#4790,1.);
#4790 = DIRECTION('',(1.224646799147E-16,1.,0.));
#4791 = ORIENTED_EDGE('',*,*,#4792,.T.);
#4792 = EDGE_CURVE('',#4785,#4793,#4795,.T.);
#4793 = VERTEX_POINT('',#4794);
#4794 = CARTESIAN_POINT('',(1.95,2.1,0.1));
#4795 = LINE('',#4796,#4797);
#4796 = CARTESIAN_POINT('',(1.35,2.1,0.1));
#4797 = VECTOR('',#4798,1.);
#4798 = DIRECTION('',(1.,-1.224646799147E-16,0.));
#4799 = ORIENTED_EDGE('',*,*,#4800,.F.);
#4800 = EDGE_CURVE('',#4363,#4793,#4801,.T.);
#4801 = LINE('',#4802,#4803);
#4802 = CARTESIAN_POINT('',(2.475,2.1,0.1));
#4803 = VECTOR('',#4804,1.);
#4804 = DIRECTION('',(-1.,1.224646799147E-16,4.996063166392E-32));
#4805 = PLANE('',#4806);
#4806 = AXIS2_PLACEMENT_3D('',#4807,#4808,#4809);
#4807 = CARTESIAN_POINT('',(0.,0.,0.1));
#4808 = DIRECTION('',(0.,0.,1.));
#4809 = DIRECTION('',(-1.,1.224646799147E-16,0.));
#4810 = ADVANCED_FACE('',(#4811),#4836,.T.);
#4811 = FACE_BOUND('',#4812,.T.);
#4812 = EDGE_LOOP('',(#4813,#4823,#4829,#4830));
#4813 = ORIENTED_EDGE('',*,*,#4814,.T.);
#4814 = EDGE_CURVE('',#4815,#4817,#4819,.T.);
#4815 = VERTEX_POINT('',#4816);
#4816 = CARTESIAN_POINT('',(2.55,1.2,0.1));
#4817 = VERTEX_POINT('',#4818);
#4818 = CARTESIAN_POINT('',(2.55,2.1,0.1));
#4819 = LINE('',#4820,#4821);
#4820 = CARTESIAN_POINT('',(2.55,1.1,0.1));
#4821 = VECTOR('',#4822,1.);
#4822 = DIRECTION('',(1.224646799147E-16,1.,0.));
#4823 = ORIENTED_EDGE('',*,*,#4824,.T.);
#4824 = EDGE_CURVE('',#4817,#4363,#4825,.T.);
#4825 = LINE('',#4826,#4827);
#4826 = CARTESIAN_POINT('',(2.475,2.1,0.1));
#4827 = VECTOR('',#4828,1.);
#4828 = DIRECTION('',(-1.,1.224646799147E-16,4.996063166392E-32));
#4829 = ORIENTED_EDGE('',*,*,#4370,.F.);
#4830 = ORIENTED_EDGE('',*,*,#4831,.T.);
#4831 = EDGE_CURVE('',#4371,#4815,#4832,.T.);
#4832 = LINE('',#4833,#4834);
#4833 = CARTESIAN_POINT('',(2.025,1.2,0.1));
#4834 = VECTOR('',#4835,1.);
#4835 = DIRECTION('',(1.,-1.224646799147E-16,-4.996063166392E-32));
#4836 = PLANE('',#4837);
#4837 = AXIS2_PLACEMENT_3D('',#4838,#4839,#4840);
#4838 = CARTESIAN_POINT('',(2.25,1.65,0.1));
#4839 = DIRECTION('',(4.996063166392E-32,1.556307025767E-32,1.));
#4840 = DIRECTION('',(-1.,1.224646799147E-16,4.996063166392E-32));
#4841 = ADVANCED_FACE('',(#4842),#4867,.T.);
#4842 = FACE_BOUND('',#4843,.T.);
#4843 = EDGE_LOOP('',(#4844,#4854,#4860,#4861));
#4844 = ORIENTED_EDGE('',*,*,#4845,.T.);
#4845 = EDGE_CURVE('',#4846,#4848,#4850,.T.);
#4846 = VERTEX_POINT('',#4847);
#4847 = CARTESIAN_POINT('',(2.55,-2.1,0.1));
#4848 = VERTEX_POINT('',#4849);
#4849 = CARTESIAN_POINT('',(2.55,-1.2,0.1));
#4850 = LINE('',#4851,#4852);
#4851 = CARTESIAN_POINT('',(2.55,-2.2,0.1));
#4852 = VECTOR('',#4853,1.);
#4853 = DIRECTION('',(1.224646799147E-16,1.,0.));
#4854 = ORIENTED_EDGE('',*,*,#4855,.T.);
#4855 = EDGE_CURVE('',#4848,#4379,#4856,.T.);
#4856 = LINE('',#4857,#4858);
#4857 = CARTESIAN_POINT('',(2.475,-1.2,0.1));
#4858 = VECTOR('',#4859,1.);
#4859 = DIRECTION('',(-1.,1.224646799147E-16,4.996063166392E-32));
#4860 = ORIENTED_EDGE('',*,*,#4386,.F.);
#4861 = ORIENTED_EDGE('',*,*,#4862,.T.);
#4862 = EDGE_CURVE('',#4387,#4846,#4863,.T.);
#4863 = LINE('',#4864,#4865);
#4864 = CARTESIAN_POINT('',(2.025,-2.1,0.1));
#4865 = VECTOR('',#4866,1.);
#4866 = DIRECTION('',(1.,-1.224646799147E-16,-4.996063166392E-32));
#4867 = PLANE('',#4868);
#4868 = AXIS2_PLACEMENT_3D('',#4869,#4870,#4871);
#4869 = CARTESIAN_POINT('',(2.25,-1.65,0.1));
#4870 = DIRECTION('',(4.996063166392E-32,3.890767564419E-33,1.));
#4871 = DIRECTION('',(-1.,1.224646799147E-16,4.996063166392E-32));
#4872 = ADVANCED_FACE('',(#4873),#4898,.F.);
#4873 = FACE_BOUND('',#4874,.F.);
#4874 = EDGE_LOOP('',(#4875,#4885,#4891,#4892));
#4875 = ORIENTED_EDGE('',*,*,#4876,.T.);
#4876 = EDGE_CURVE('',#4877,#4879,#4881,.T.);
#4877 = VERTEX_POINT('',#4878);
#4878 = CARTESIAN_POINT('',(2.55,1.2,0.9));
#4879 = VERTEX_POINT('',#4880);
#4880 = CARTESIAN_POINT('',(2.55,2.1,0.9));
#4881 = LINE('',#4882,#4883);
#4882 = CARTESIAN_POINT('',(2.55,1.1,0.9));
#4883 = VECTOR('',#4884,1.);
#4884 = DIRECTION('',(1.224646799147E-16,1.,0.));
#4885 = ORIENTED_EDGE('',*,*,#4886,.T.);
#4886 = EDGE_CURVE('',#4879,#4414,#4887,.T.);
#4887 = LINE('',#4888,#4889);
#4888 = CARTESIAN_POINT('',(2.475,2.1,0.9));
#4889 = VECTOR('',#4890,1.);
#4890 = DIRECTION('',(-1.,1.224646799147E-16,4.996063166392E-32));
#4891 = ORIENTED_EDGE('',*,*,#4411,.F.);
#4892 = ORIENTED_EDGE('',*,*,#4893,.T.);
#4893 = EDGE_CURVE('',#4412,#4877,#4894,.T.);
#4894 = LINE('',#4895,#4896);
#4895 = CARTESIAN_POINT('',(2.025,1.2,0.9));
#4896 = VECTOR('',#4897,1.);
#4897 = DIRECTION('',(1.,-1.224646799147E-16,-4.996063166392E-32));
#4898 = PLANE('',#4899);
#4899 = AXIS2_PLACEMENT_3D('',#4900,#4901,#4902);
#4900 = CARTESIAN_POINT('',(2.25,1.65,0.9));
#4901 = DIRECTION('',(4.996063166392E-32,1.556307025767E-32,1.));
#4902 = DIRECTION('',(-1.,1.224646799147E-16,4.996063166392E-32));
#4903 = ADVANCED_FACE('',(#4904),#4983,.F.);
#4904 = FACE_BOUND('',#4905,.F.);
#4905 = EDGE_LOOP('',(#4906,#4916,#4925,#4933,#4939,#4940,#4941,#4942,
    #4951,#4959,#4966,#4967,#4968,#4976));
#4906 = ORIENTED_EDGE('',*,*,#4907,.F.);
#4907 = EDGE_CURVE('',#4908,#4910,#4912,.T.);
#4908 = VERTEX_POINT('',#4909);
#4909 = CARTESIAN_POINT('',(2.7,1.2,5.E-02));
#4910 = VERTEX_POINT('',#4911);
#4911 = CARTESIAN_POINT('',(2.7,1.2,0.95));
#4912 = LINE('',#4913,#4914);
#4913 = CARTESIAN_POINT('',(2.7,1.2,0.));
#4914 = VECTOR('',#4915,1.);
#4915 = DIRECTION('',(0.,0.,1.));
#4916 = ORIENTED_EDGE('',*,*,#4917,.T.);
#4917 = EDGE_CURVE('',#4908,#4918,#4920,.T.);
#4918 = VERTEX_POINT('',#4919);
#4919 = CARTESIAN_POINT('',(2.65,1.2,-6.938893903907E-18));
#4920 = CIRCLE('',#4921,5.E-02);
#4921 = AXIS2_PLACEMENT_3D('',#4922,#4923,#4924);
#4922 = CARTESIAN_POINT('',(2.65,1.2,5.E-02));
#4923 = DIRECTION('',(1.224646799147E-16,1.,0.));
#4924 = DIRECTION('',(0.,0.,-1.));
#4925 = ORIENTED_EDGE('',*,*,#4926,.F.);
#4926 = EDGE_CURVE('',#4927,#4918,#4929,.T.);
#4927 = VERTEX_POINT('',#4928);
#4928 = CARTESIAN_POINT('',(1.8,1.2,0.));
#4929 = LINE('',#4930,#4931);
#4930 = CARTESIAN_POINT('',(1.8,1.2,0.));
#4931 = VECTOR('',#4932,1.);
#4932 = DIRECTION('',(1.,-1.224646799147E-16,0.));
#4933 = ORIENTED_EDGE('',*,*,#4934,.T.);
#4934 = EDGE_CURVE('',#4927,#4777,#4935,.T.);
#4935 = LINE('',#4936,#4937);
#4936 = CARTESIAN_POINT('',(1.8,1.2,0.));
#4937 = VECTOR('',#4938,1.);
#4938 = DIRECTION('',(0.,0.,1.));
#4939 = ORIENTED_EDGE('',*,*,#4776,.F.);
#4940 = ORIENTED_EDGE('',*,*,#4768,.T.);
#4941 = ORIENTED_EDGE('',*,*,#4831,.T.);
#4942 = ORIENTED_EDGE('',*,*,#4943,.F.);
#4943 = EDGE_CURVE('',#4944,#4815,#4946,.T.);
#4944 = VERTEX_POINT('',#4945);
#4945 = CARTESIAN_POINT('',(2.6,1.2,0.15));
#4946 = CIRCLE('',#4947,5.E-02);
#4947 = AXIS2_PLACEMENT_3D('',#4948,#4949,#4950);
#4948 = CARTESIAN_POINT('',(2.55,1.2,0.15));
#4949 = DIRECTION('',(1.224646799147E-16,1.,0.));
#4950 = DIRECTION('',(1.,-1.224646799147E-16,0.));
#4951 = ORIENTED_EDGE('',*,*,#4952,.T.);
#4952 = EDGE_CURVE('',#4944,#4953,#4955,.T.);
#4953 = VERTEX_POINT('',#4954);
#4954 = CARTESIAN_POINT('',(2.6,1.2,0.85));
#4955 = LINE('',#4956,#4957);
#4956 = CARTESIAN_POINT('',(2.6,1.2,5.E-02));
#4957 = VECTOR('',#4958,1.);
#4958 = DIRECTION('',(0.,0.,1.));
#4959 = ORIENTED_EDGE('',*,*,#4960,.F.);
#4960 = EDGE_CURVE('',#4877,#4953,#4961,.T.);
#4961 = CIRCLE('',#4962,5.E-02);
#4962 = AXIS2_PLACEMENT_3D('',#4963,#4964,#4965);
#4963 = CARTESIAN_POINT('',(2.55,1.2,0.85));
#4964 = DIRECTION('',(1.224646799147E-16,1.,0.));
#4965 = DIRECTION('',(1.,-1.224646799147E-16,0.));
#4966 = ORIENTED_EDGE('',*,*,#4893,.F.);
#4967 = ORIENTED_EDGE('',*,*,#4437,.F.);
#4968 = ORIENTED_EDGE('',*,*,#4969,.T.);
#4969 = EDGE_CURVE('',#4430,#4970,#4972,.T.);
#4970 = VERTEX_POINT('',#4971);
#4971 = CARTESIAN_POINT('',(2.65,1.2,1.));
#4972 = LINE('',#4973,#4974);
#4973 = CARTESIAN_POINT('',(1.8,1.2,1.));
#4974 = VECTOR('',#4975,1.);
#4975 = DIRECTION('',(1.,-1.224646799147E-16,0.));
#4976 = ORIENTED_EDGE('',*,*,#4977,.F.);
#4977 = EDGE_CURVE('',#4910,#4970,#4978,.T.);
#4978 = CIRCLE('',#4979,5.E-02);
#4979 = AXIS2_PLACEMENT_3D('',#4980,#4981,#4982);
#4980 = CARTESIAN_POINT('',(2.65,1.2,0.95));
#4981 = DIRECTION('',(-1.224646799147E-16,-1.,0.));
#4982 = DIRECTION('',(-0.,0.,-1.));
#4983 = PLANE('',#4984);
#4984 = AXIS2_PLACEMENT_3D('',#4985,#4986,#4987);
#4985 = CARTESIAN_POINT('',(1.8,1.2,0.));
#4986 = DIRECTION('',(1.224646799147E-16,1.,0.));
#4987 = DIRECTION('',(1.,-1.224646799147E-16,0.));
#4988 = ADVANCED_FACE('',(#4989),#5007,.T.);
#4989 = FACE_BOUND('',#4990,.T.);
#4990 = EDGE_LOOP('',(#4991,#4999,#5005,#5006));
#4991 = ORIENTED_EDGE('',*,*,#4992,.T.);
#4992 = EDGE_CURVE('',#4970,#4993,#4995,.T.);
#4993 = VERTEX_POINT('',#4994);
#4994 = CARTESIAN_POINT('',(2.65,2.1,1.));
#4995 = LINE('',#4996,#4997);
#4996 = CARTESIAN_POINT('',(2.65,1.2,1.));
#4997 = VECTOR('',#4998,1.);
#4998 = DIRECTION('',(1.224646799147E-16,1.,0.));
#4999 = ORIENTED_EDGE('',*,*,#5000,.T.);
#5000 = EDGE_CURVE('',#4993,#4422,#5001,.T.);
#5001 = LINE('',#5002,#5003);
#5002 = CARTESIAN_POINT('',(2.7,2.1,1.));
#5003 = VECTOR('',#5004,1.);
#5004 = DIRECTION('',(-1.,1.224646799147E-16,0.));
#5005 = ORIENTED_EDGE('',*,*,#4429,.F.);
#5006 = ORIENTED_EDGE('',*,*,#4969,.T.);
#5007 = PLANE('',#5008);
#5008 = AXIS2_PLACEMENT_3D('',#5009,#5010,#5011);
#5009 = CARTESIAN_POINT('',(2.25,1.65,1.));
#5010 = DIRECTION('',(0.,0.,1.));
#5011 = DIRECTION('',(-1.,1.224646799147E-16,0.));
#5012 = ADVANCED_FACE('',(#5013),#5085,.F.);
#5013 = FACE_BOUND('',#5014,.F.);
#5014 = EDGE_LOOP('',(#5015,#5026,#5034,#5041,#5042,#5043,#5044,#5053,
    #5061,#5068,#5069,#5070,#5071,#5079));
#5015 = ORIENTED_EDGE('',*,*,#5016,.F.);
#5016 = EDGE_CURVE('',#5017,#5019,#5021,.T.);
#5017 = VERTEX_POINT('',#5018);
#5018 = CARTESIAN_POINT('',(2.7,2.1,5.E-02));
#5019 = VERTEX_POINT('',#5020);
#5020 = CARTESIAN_POINT('',(2.65,2.1,-6.938893903907E-18));
#5021 = CIRCLE('',#5022,5.E-02);
#5022 = AXIS2_PLACEMENT_3D('',#5023,#5024,#5025);
#5023 = CARTESIAN_POINT('',(2.65,2.1,5.E-02));
#5024 = DIRECTION('',(1.224646799147E-16,1.,0.));
#5025 = DIRECTION('',(0.,0.,-1.));
#5026 = ORIENTED_EDGE('',*,*,#5027,.T.);
#5027 = EDGE_CURVE('',#5017,#5028,#5030,.T.);
#5028 = VERTEX_POINT('',#5029);
#5029 = CARTESIAN_POINT('',(2.7,2.1,0.95));
#5030 = LINE('',#5031,#5032);
#5031 = CARTESIAN_POINT('',(2.7,2.1,0.));
#5032 = VECTOR('',#5033,1.);
#5033 = DIRECTION('',(0.,0.,1.));
#5034 = ORIENTED_EDGE('',*,*,#5035,.T.);
#5035 = EDGE_CURVE('',#5028,#4993,#5036,.T.);
#5036 = CIRCLE('',#5037,5.E-02);
#5037 = AXIS2_PLACEMENT_3D('',#5038,#5039,#5040);
#5038 = CARTESIAN_POINT('',(2.65,2.1,0.95));
#5039 = DIRECTION('',(-1.224646799147E-16,-1.,0.));
#5040 = DIRECTION('',(-0.,0.,-1.));
#5041 = ORIENTED_EDGE('',*,*,#5000,.T.);
#5042 = ORIENTED_EDGE('',*,*,#4421,.F.);
#5043 = ORIENTED_EDGE('',*,*,#4886,.F.);
#5044 = ORIENTED_EDGE('',*,*,#5045,.T.);
#5045 = EDGE_CURVE('',#4879,#5046,#5048,.T.);
#5046 = VERTEX_POINT('',#5047);
#5047 = CARTESIAN_POINT('',(2.6,2.1,0.85));
#5048 = CIRCLE('',#5049,5.E-02);
#5049 = AXIS2_PLACEMENT_3D('',#5050,#5051,#5052);
#5050 = CARTESIAN_POINT('',(2.55,2.1,0.85));
#5051 = DIRECTION('',(1.224646799147E-16,1.,0.));
#5052 = DIRECTION('',(1.,-1.224646799147E-16,0.));
#5053 = ORIENTED_EDGE('',*,*,#5054,.T.);
#5054 = EDGE_CURVE('',#5046,#5055,#5057,.T.);
#5055 = VERTEX_POINT('',#5056);
#5056 = CARTESIAN_POINT('',(2.6,2.1,0.15));
#5057 = LINE('',#5058,#5059);
#5058 = CARTESIAN_POINT('',(2.6,2.1,5.E-02));
#5059 = VECTOR('',#5060,1.);
#5060 = DIRECTION('',(0.,-0.,-1.));
#5061 = ORIENTED_EDGE('',*,*,#5062,.T.);
#5062 = EDGE_CURVE('',#5055,#4817,#5063,.T.);
#5063 = CIRCLE('',#5064,5.E-02);
#5064 = AXIS2_PLACEMENT_3D('',#5065,#5066,#5067);
#5065 = CARTESIAN_POINT('',(2.55,2.1,0.15));
#5066 = DIRECTION('',(1.224646799147E-16,1.,0.));
#5067 = DIRECTION('',(1.,-1.224646799147E-16,0.));
#5068 = ORIENTED_EDGE('',*,*,#4824,.T.);
#5069 = ORIENTED_EDGE('',*,*,#4800,.T.);
#5070 = ORIENTED_EDGE('',*,*,#4792,.F.);
#5071 = ORIENTED_EDGE('',*,*,#5072,.F.);
#5072 = EDGE_CURVE('',#5073,#4785,#5075,.T.);
#5073 = VERTEX_POINT('',#5074);
#5074 = CARTESIAN_POINT('',(1.8,2.1,0.));
#5075 = LINE('',#5076,#5077);
#5076 = CARTESIAN_POINT('',(1.8,2.1,0.));
#5077 = VECTOR('',#5078,1.);
#5078 = DIRECTION('',(0.,0.,1.));
#5079 = ORIENTED_EDGE('',*,*,#5080,.F.);
#5080 = EDGE_CURVE('',#5019,#5073,#5081,.T.);
#5081 = LINE('',#5082,#5083);
#5082 = CARTESIAN_POINT('',(2.7,2.1,0.));
#5083 = VECTOR('',#5084,1.);
#5084 = DIRECTION('',(-1.,1.224646799147E-16,0.));
#5085 = PLANE('',#5086);
#5086 = AXIS2_PLACEMENT_3D('',#5087,#5088,#5089);
#5087 = CARTESIAN_POINT('',(2.7,2.1,0.));
#5088 = DIRECTION('',(-1.224646799147E-16,-1.,0.));
#5089 = DIRECTION('',(-1.,1.224646799147E-16,0.));
#5090 = ADVANCED_FACE('',(#5091),#5116,.T.);
#5091 = FACE_BOUND('',#5092,.T.);
#5092 = EDGE_LOOP('',(#5093,#5103,#5109,#5110));
#5093 = ORIENTED_EDGE('',*,*,#5094,.T.);
#5094 = EDGE_CURVE('',#5095,#5097,#5099,.T.);
#5095 = VERTEX_POINT('',#5096);
#5096 = CARTESIAN_POINT('',(2.65,-2.1,1.));
#5097 = VERTEX_POINT('',#5098);
#5098 = CARTESIAN_POINT('',(2.65,-1.2,1.));
#5099 = LINE('',#5100,#5101);
#5100 = CARTESIAN_POINT('',(2.65,-2.1,1.));
#5101 = VECTOR('',#5102,1.);
#5102 = DIRECTION('',(1.224646799147E-16,1.,0.));
#5103 = ORIENTED_EDGE('',*,*,#5104,.T.);
#5104 = EDGE_CURVE('',#5097,#4448,#5105,.T.);
#5105 = LINE('',#5106,#5107);
#5106 = CARTESIAN_POINT('',(2.7,-1.2,1.));
#5107 = VECTOR('',#5108,1.);
#5108 = DIRECTION('',(-1.,1.224646799147E-16,0.));
#5109 = ORIENTED_EDGE('',*,*,#4445,.F.);
#5110 = ORIENTED_EDGE('',*,*,#5111,.T.);
#5111 = EDGE_CURVE('',#4446,#5095,#5112,.T.);
#5112 = LINE('',#5113,#5114);
#5113 = CARTESIAN_POINT('',(1.8,-2.1,1.));
#5114 = VECTOR('',#5115,1.);
#5115 = DIRECTION('',(1.,-1.224646799147E-16,0.));
#5116 = PLANE('',#5117);
#5117 = AXIS2_PLACEMENT_3D('',#5118,#5119,#5120);
#5118 = CARTESIAN_POINT('',(2.25,-1.65,1.));
#5119 = DIRECTION('',(0.,0.,1.));
#5120 = DIRECTION('',(-1.,1.224646799147E-16,0.));
#5121 = ADVANCED_FACE('',(#5122),#5201,.F.);
#5122 = FACE_BOUND('',#5123,.F.);
#5123 = EDGE_LOOP('',(#5124,#5135,#5143,#5150,#5151,#5152,#5160,#5169,
    #5177,#5184,#5185,#5186,#5187,#5195));
#5124 = ORIENTED_EDGE('',*,*,#5125,.F.);
#5125 = EDGE_CURVE('',#5126,#5128,#5130,.T.);
#5126 = VERTEX_POINT('',#5127);
#5127 = CARTESIAN_POINT('',(2.7,-1.2,5.E-02));
#5128 = VERTEX_POINT('',#5129);
#5129 = CARTESIAN_POINT('',(2.65,-1.2,-6.938893903907E-18));
#5130 = CIRCLE('',#5131,5.E-02);
#5131 = AXIS2_PLACEMENT_3D('',#5132,#5133,#5134);
#5132 = CARTESIAN_POINT('',(2.65,-1.2,5.E-02));
#5133 = DIRECTION('',(1.224646799147E-16,1.,0.));
#5134 = DIRECTION('',(0.,0.,-1.));
#5135 = ORIENTED_EDGE('',*,*,#5136,.T.);
#5136 = EDGE_CURVE('',#5126,#5137,#5139,.T.);
#5137 = VERTEX_POINT('',#5138);
#5138 = CARTESIAN_POINT('',(2.7,-1.2,0.95));
#5139 = LINE('',#5140,#5141);
#5140 = CARTESIAN_POINT('',(2.7,-1.2,0.));
#5141 = VECTOR('',#5142,1.);
#5142 = DIRECTION('',(0.,0.,1.));
#5143 = ORIENTED_EDGE('',*,*,#5144,.T.);
#5144 = EDGE_CURVE('',#5137,#5097,#5145,.T.);
#5145 = CIRCLE('',#5146,5.E-02);
#5146 = AXIS2_PLACEMENT_3D('',#5147,#5148,#5149);
#5147 = CARTESIAN_POINT('',(2.65,-1.2,0.95));
#5148 = DIRECTION('',(-1.224646799147E-16,-1.,0.));
#5149 = DIRECTION('',(-0.,0.,-1.));
#5150 = ORIENTED_EDGE('',*,*,#5104,.T.);
#5151 = ORIENTED_EDGE('',*,*,#4471,.F.);
#5152 = ORIENTED_EDGE('',*,*,#5153,.F.);
#5153 = EDGE_CURVE('',#5154,#4464,#5156,.T.);
#5154 = VERTEX_POINT('',#5155);
#5155 = CARTESIAN_POINT('',(2.55,-1.2,0.9));
#5156 = LINE('',#5157,#5158);
#5157 = CARTESIAN_POINT('',(2.475,-1.2,0.9));
#5158 = VECTOR('',#5159,1.);
#5159 = DIRECTION('',(-1.,1.224646799147E-16,4.996063166392E-32));
#5160 = ORIENTED_EDGE('',*,*,#5161,.T.);
#5161 = EDGE_CURVE('',#5154,#5162,#5164,.T.);
#5162 = VERTEX_POINT('',#5163);
#5163 = CARTESIAN_POINT('',(2.6,-1.2,0.85));
#5164 = CIRCLE('',#5165,5.E-02);
#5165 = AXIS2_PLACEMENT_3D('',#5166,#5167,#5168);
#5166 = CARTESIAN_POINT('',(2.55,-1.2,0.85));
#5167 = DIRECTION('',(1.224646799147E-16,1.,0.));
#5168 = DIRECTION('',(1.,-1.224646799147E-16,0.));
#5169 = ORIENTED_EDGE('',*,*,#5170,.T.);
#5170 = EDGE_CURVE('',#5162,#5171,#5173,.T.);
#5171 = VERTEX_POINT('',#5172);
#5172 = CARTESIAN_POINT('',(2.6,-1.2,0.15));
#5173 = LINE('',#5174,#5175);
#5174 = CARTESIAN_POINT('',(2.6,-1.2,5.E-02));
#5175 = VECTOR('',#5176,1.);
#5176 = DIRECTION('',(0.,-0.,-1.));
#5177 = ORIENTED_EDGE('',*,*,#5178,.T.);
#5178 = EDGE_CURVE('',#5171,#4848,#5179,.T.);
#5179 = CIRCLE('',#5180,5.E-02);
#5180 = AXIS2_PLACEMENT_3D('',#5181,#5182,#5183);
#5181 = CARTESIAN_POINT('',(2.55,-1.2,0.15));
#5182 = DIRECTION('',(1.224646799147E-16,1.,0.));
#5183 = DIRECTION('',(1.,-1.224646799147E-16,0.));
#5184 = ORIENTED_EDGE('',*,*,#4855,.T.);
#5185 = ORIENTED_EDGE('',*,*,#4761,.T.);
#5186 = ORIENTED_EDGE('',*,*,#4753,.F.);
#5187 = ORIENTED_EDGE('',*,*,#5188,.F.);
#5188 = EDGE_CURVE('',#5189,#4746,#5191,.T.);
#5189 = VERTEX_POINT('',#5190);
#5190 = CARTESIAN_POINT('',(1.8,-1.2,0.));
#5191 = LINE('',#5192,#5193);
#5192 = CARTESIAN_POINT('',(1.8,-1.2,0.));
#5193 = VECTOR('',#5194,1.);
#5194 = DIRECTION('',(0.,0.,1.));
#5195 = ORIENTED_EDGE('',*,*,#5196,.F.);
#5196 = EDGE_CURVE('',#5128,#5189,#5197,.T.);
#5197 = LINE('',#5198,#5199);
#5198 = CARTESIAN_POINT('',(2.7,-1.2,0.));
#5199 = VECTOR('',#5200,1.);
#5200 = DIRECTION('',(-1.,1.224646799147E-16,0.));
#5201 = PLANE('',#5202);
#5202 = AXIS2_PLACEMENT_3D('',#5203,#5204,#5205);
#5203 = CARTESIAN_POINT('',(2.7,-1.2,0.));
#5204 = DIRECTION('',(-1.224646799147E-16,-1.,0.));
#5205 = DIRECTION('',(-1.,1.224646799147E-16,0.));
#5206 = ADVANCED_FACE('',(#5207),#5225,.F.);
#5207 = FACE_BOUND('',#5208,.F.);
#5208 = EDGE_LOOP('',(#5209,#5217,#5218,#5219));
#5209 = ORIENTED_EDGE('',*,*,#5210,.T.);
#5210 = EDGE_CURVE('',#5211,#5154,#5213,.T.);
#5211 = VERTEX_POINT('',#5212);
#5212 = CARTESIAN_POINT('',(2.55,-2.1,0.9));
#5213 = LINE('',#5214,#5215);
#5214 = CARTESIAN_POINT('',(2.55,-2.2,0.9));
#5215 = VECTOR('',#5216,1.);
#5216 = DIRECTION('',(1.224646799147E-16,1.,0.));
#5217 = ORIENTED_EDGE('',*,*,#5153,.T.);
#5218 = ORIENTED_EDGE('',*,*,#4463,.F.);
#5219 = ORIENTED_EDGE('',*,*,#5220,.T.);
#5220 = EDGE_CURVE('',#4456,#5211,#5221,.T.);
#5221 = LINE('',#5222,#5223);
#5222 = CARTESIAN_POINT('',(2.025,-2.1,0.9));
#5223 = VECTOR('',#5224,1.);
#5224 = DIRECTION('',(1.,-1.224646799147E-16,-4.996063166392E-32));
#5225 = PLANE('',#5226);
#5226 = AXIS2_PLACEMENT_3D('',#5227,#5228,#5229);
#5227 = CARTESIAN_POINT('',(2.25,-1.65,0.9));
#5228 = DIRECTION('',(4.996063166392E-32,3.890767564419E-33,1.));
#5229 = DIRECTION('',(-1.,1.224646799147E-16,4.996063166392E-32));
#5230 = ADVANCED_FACE('',(#5231),#5303,.F.);
#5231 = FACE_BOUND('',#5232,.F.);
#5232 = EDGE_LOOP('',(#5233,#5243,#5252,#5260,#5266,#5267,#5268,#5269,
    #5278,#5286,#5293,#5294,#5295,#5296));
#5233 = ORIENTED_EDGE('',*,*,#5234,.F.);
#5234 = EDGE_CURVE('',#5235,#5237,#5239,.T.);
#5235 = VERTEX_POINT('',#5236);
#5236 = CARTESIAN_POINT('',(2.7,-2.1,5.E-02));
#5237 = VERTEX_POINT('',#5238);
#5238 = CARTESIAN_POINT('',(2.7,-2.1,0.95));
#5239 = LINE('',#5240,#5241);
#5240 = CARTESIAN_POINT('',(2.7,-2.1,0.));
#5241 = VECTOR('',#5242,1.);
#5242 = DIRECTION('',(0.,0.,1.));
#5243 = ORIENTED_EDGE('',*,*,#5244,.T.);
#5244 = EDGE_CURVE('',#5235,#5245,#5247,.T.);
#5245 = VERTEX_POINT('',#5246);
#5246 = CARTESIAN_POINT('',(2.65,-2.1,-6.938893903907E-18));
#5247 = CIRCLE('',#5248,5.E-02);
#5248 = AXIS2_PLACEMENT_3D('',#5249,#5250,#5251);
#5249 = CARTESIAN_POINT('',(2.65,-2.1,5.E-02));
#5250 = DIRECTION('',(1.224646799147E-16,1.,0.));
#5251 = DIRECTION('',(0.,0.,-1.));
#5252 = ORIENTED_EDGE('',*,*,#5253,.F.);
#5253 = EDGE_CURVE('',#5254,#5245,#5256,.T.);
#5254 = VERTEX_POINT('',#5255);
#5255 = CARTESIAN_POINT('',(1.8,-2.1,0.));
#5256 = LINE('',#5257,#5258);
#5257 = CARTESIAN_POINT('',(1.8,-2.1,0.));
#5258 = VECTOR('',#5259,1.);
#5259 = DIRECTION('',(1.,-1.224646799147E-16,0.));
#5260 = ORIENTED_EDGE('',*,*,#5261,.T.);
#5261 = EDGE_CURVE('',#5254,#4738,#5262,.T.);
#5262 = LINE('',#5263,#5264);
#5263 = CARTESIAN_POINT('',(1.8,-2.1,0.));
#5264 = VECTOR('',#5265,1.);
#5265 = DIRECTION('',(0.,0.,1.));
#5266 = ORIENTED_EDGE('',*,*,#4737,.F.);
#5267 = ORIENTED_EDGE('',*,*,#4729,.T.);
#5268 = ORIENTED_EDGE('',*,*,#4862,.T.);
#5269 = ORIENTED_EDGE('',*,*,#5270,.F.);
#5270 = EDGE_CURVE('',#5271,#4846,#5273,.T.);
#5271 = VERTEX_POINT('',#5272);
#5272 = CARTESIAN_POINT('',(2.6,-2.1,0.15));
#5273 = CIRCLE('',#5274,5.E-02);
#5274 = AXIS2_PLACEMENT_3D('',#5275,#5276,#5277);
#5275 = CARTESIAN_POINT('',(2.55,-2.1,0.15));
#5276 = DIRECTION('',(1.224646799147E-16,1.,0.));
#5277 = DIRECTION('',(1.,-1.224646799147E-16,0.));
#5278 = ORIENTED_EDGE('',*,*,#5279,.T.);
#5279 = EDGE_CURVE('',#5271,#5280,#5282,.T.);
#5280 = VERTEX_POINT('',#5281);
#5281 = CARTESIAN_POINT('',(2.6,-2.1,0.85));
#5282 = LINE('',#5283,#5284);
#5283 = CARTESIAN_POINT('',(2.6,-2.1,5.E-02));
#5284 = VECTOR('',#5285,1.);
#5285 = DIRECTION('',(0.,0.,1.));
#5286 = ORIENTED_EDGE('',*,*,#5287,.F.);
#5287 = EDGE_CURVE('',#5211,#5280,#5288,.T.);
#5288 = CIRCLE('',#5289,5.E-02);
#5289 = AXIS2_PLACEMENT_3D('',#5290,#5291,#5292);
#5290 = CARTESIAN_POINT('',(2.55,-2.1,0.85));
#5291 = DIRECTION('',(1.224646799147E-16,1.,0.));
#5292 = DIRECTION('',(1.,-1.224646799147E-16,0.));
#5293 = ORIENTED_EDGE('',*,*,#5220,.F.);
#5294 = ORIENTED_EDGE('',*,*,#4455,.F.);
#5295 = ORIENTED_EDGE('',*,*,#5111,.T.);
#5296 = ORIENTED_EDGE('',*,*,#5297,.F.);
#5297 = EDGE_CURVE('',#5237,#5095,#5298,.T.);
#5298 = CIRCLE('',#5299,5.E-02);
#5299 = AXIS2_PLACEMENT_3D('',#5300,#5301,#5302);
#5300 = CARTESIAN_POINT('',(2.65,-2.1,0.95));
#5301 = DIRECTION('',(-1.224646799147E-16,-1.,0.));
#5302 = DIRECTION('',(-0.,0.,-1.));
#5303 = PLANE('',#5304);
#5304 = AXIS2_PLACEMENT_3D('',#5305,#5306,#5307);
#5305 = CARTESIAN_POINT('',(1.8,-2.1,0.));
#5306 = DIRECTION('',(1.224646799147E-16,1.,0.));
#5307 = DIRECTION('',(1.,-1.224646799147E-16,0.));
#5308 = ADVANCED_FACE('',(#5309),#5334,.T.);
#5309 = FACE_BOUND('',#5310,.T.);
#5310 = EDGE_LOOP('',(#5311,#5312,#5320,#5328));
#5311 = ORIENTED_EDGE('',*,*,#4519,.F.);
#5312 = ORIENTED_EDGE('',*,*,#5313,.T.);
#5313 = EDGE_CURVE('',#4520,#5314,#5316,.T.);
#5314 = VERTEX_POINT('',#5315);
#5315 = CARTESIAN_POINT('',(-2.55,2.1,0.1));
#5316 = LINE('',#5317,#5318);
#5317 = CARTESIAN_POINT('',(-2.025,2.1,0.1));
#5318 = VECTOR('',#5319,1.);
#5319 = DIRECTION('',(-1.,1.224646799147E-16,-4.996063166392E-32));
#5320 = ORIENTED_EDGE('',*,*,#5321,.T.);
#5321 = EDGE_CURVE('',#5314,#5322,#5324,.T.);
#5322 = VERTEX_POINT('',#5323);
#5323 = CARTESIAN_POINT('',(-2.55,1.2,0.1));
#5324 = LINE('',#5325,#5326);
#5325 = CARTESIAN_POINT('',(-2.55,2.2,0.1));
#5326 = VECTOR('',#5327,1.);
#5327 = DIRECTION('',(-1.224646799147E-16,-1.,0.));
#5328 = ORIENTED_EDGE('',*,*,#5329,.T.);
#5329 = EDGE_CURVE('',#5322,#4512,#5330,.T.);
#5330 = LINE('',#5331,#5332);
#5331 = CARTESIAN_POINT('',(-2.475,1.2,0.1));
#5332 = VECTOR('',#5333,1.);
#5333 = DIRECTION('',(1.,-1.224646799147E-16,4.996063166392E-32));
#5334 = PLANE('',#5335);
#5335 = AXIS2_PLACEMENT_3D('',#5336,#5337,#5338);
#5336 = CARTESIAN_POINT('',(-2.25,1.65,0.1));
#5337 = DIRECTION('',(-4.996063166392E-32,1.556307025767E-32,1.));
#5338 = DIRECTION('',(-1.,1.224646799147E-16,-4.996063166392E-32));
#5339 = ADVANCED_FACE('',(#5340),#5365,.T.);
#5340 = FACE_BOUND('',#5341,.T.);
#5341 = EDGE_LOOP('',(#5342,#5343,#5351,#5359));
#5342 = ORIENTED_EDGE('',*,*,#4503,.F.);
#5343 = ORIENTED_EDGE('',*,*,#5344,.T.);
#5344 = EDGE_CURVE('',#4504,#5345,#5347,.T.);
#5345 = VERTEX_POINT('',#5346);
#5346 = CARTESIAN_POINT('',(-2.55,-1.2,0.1));
#5347 = LINE('',#5348,#5349);
#5348 = CARTESIAN_POINT('',(-2.025,-1.2,0.1));
#5349 = VECTOR('',#5350,1.);
#5350 = DIRECTION('',(-1.,1.224646799147E-16,-4.996063166392E-32));
#5351 = ORIENTED_EDGE('',*,*,#5352,.T.);
#5352 = EDGE_CURVE('',#5345,#5353,#5355,.T.);
#5353 = VERTEX_POINT('',#5354);
#5354 = CARTESIAN_POINT('',(-2.55,-2.1,0.1));
#5355 = LINE('',#5356,#5357);
#5356 = CARTESIAN_POINT('',(-2.55,-1.1,0.1));
#5357 = VECTOR('',#5358,1.);
#5358 = DIRECTION('',(-1.224646799147E-16,-1.,0.));
#5359 = ORIENTED_EDGE('',*,*,#5360,.T.);
#5360 = EDGE_CURVE('',#5353,#4496,#5361,.T.);
#5361 = LINE('',#5362,#5363);
#5362 = CARTESIAN_POINT('',(-2.475,-2.1,0.1));
#5363 = VECTOR('',#5364,1.);
#5364 = DIRECTION('',(1.,-1.224646799147E-16,4.996063166392E-32));
#5365 = PLANE('',#5366);
#5366 = AXIS2_PLACEMENT_3D('',#5367,#5368,#5369);
#5367 = CARTESIAN_POINT('',(-2.25,-1.65,0.1));
#5368 = DIRECTION('',(-4.996063166392E-32,3.890767564419E-33,1.));
#5369 = DIRECTION('',(-1.,1.224646799147E-16,-4.996063166392E-32));
#5370 = ADVANCED_FACE('',(#5371),#5396,.T.);
#5371 = FACE_BOUND('',#5372,.T.);
#5372 = EDGE_LOOP('',(#5373,#5374,#5382,#5390));
#5373 = ORIENTED_EDGE('',*,*,#4535,.F.);
#5374 = ORIENTED_EDGE('',*,*,#5375,.T.);
#5375 = EDGE_CURVE('',#4536,#5376,#5378,.T.);
#5376 = VERTEX_POINT('',#5377);
#5377 = CARTESIAN_POINT('',(-2.65,-1.2,1.));
#5378 = LINE('',#5379,#5380);
#5379 = CARTESIAN_POINT('',(-1.8,-1.2,1.));
#5380 = VECTOR('',#5381,1.);
#5381 = DIRECTION('',(-1.,1.224646799147E-16,0.));
#5382 = ORIENTED_EDGE('',*,*,#5383,.T.);
#5383 = EDGE_CURVE('',#5376,#5384,#5386,.T.);
#5384 = VERTEX_POINT('',#5385);
#5385 = CARTESIAN_POINT('',(-2.65,-2.1,1.));
#5386 = LINE('',#5387,#5388);
#5387 = CARTESIAN_POINT('',(-2.65,-1.2,1.));
#5388 = VECTOR('',#5389,1.);
#5389 = DIRECTION('',(-1.224646799147E-16,-1.,0.));
#5390 = ORIENTED_EDGE('',*,*,#5391,.T.);
#5391 = EDGE_CURVE('',#5384,#4538,#5392,.T.);
#5392 = LINE('',#5393,#5394);
#5393 = CARTESIAN_POINT('',(-2.7,-2.1,1.));
#5394 = VECTOR('',#5395,1.);
#5395 = DIRECTION('',(1.,-1.224646799147E-16,0.));
#5396 = PLANE('',#5397);
#5397 = AXIS2_PLACEMENT_3D('',#5398,#5399,#5400);
#5398 = CARTESIAN_POINT('',(-2.25,-1.65,1.));
#5399 = DIRECTION('',(0.,0.,1.));
#5400 = DIRECTION('',(-1.,1.224646799147E-16,0.));
#5401 = ADVANCED_FACE('',(#5402),#5481,.F.);
#5402 = FACE_BOUND('',#5403,.F.);
#5403 = EDGE_LOOP('',(#5404,#5415,#5423,#5430,#5431,#5432,#5440,#5449,
    #5457,#5464,#5465,#5466,#5467,#5475));
#5404 = ORIENTED_EDGE('',*,*,#5405,.F.);
#5405 = EDGE_CURVE('',#5406,#5408,#5410,.T.);
#5406 = VERTEX_POINT('',#5407);
#5407 = CARTESIAN_POINT('',(-2.7,-2.1,5.E-02));
#5408 = VERTEX_POINT('',#5409);
#5409 = CARTESIAN_POINT('',(-2.65,-2.1,-6.938893903907E-18));
#5410 = CIRCLE('',#5411,5.E-02);
#5411 = AXIS2_PLACEMENT_3D('',#5412,#5413,#5414);
#5412 = CARTESIAN_POINT('',(-2.65,-2.1,5.E-02));
#5413 = DIRECTION('',(-1.224646799147E-16,-1.,0.));
#5414 = DIRECTION('',(0.,0.,1.));
#5415 = ORIENTED_EDGE('',*,*,#5416,.T.);
#5416 = EDGE_CURVE('',#5406,#5417,#5419,.T.);
#5417 = VERTEX_POINT('',#5418);
#5418 = CARTESIAN_POINT('',(-2.7,-2.1,0.95));
#5419 = LINE('',#5420,#5421);
#5420 = CARTESIAN_POINT('',(-2.7,-2.1,0.));
#5421 = VECTOR('',#5422,1.);
#5422 = DIRECTION('',(0.,0.,1.));
#5423 = ORIENTED_EDGE('',*,*,#5424,.F.);
#5424 = EDGE_CURVE('',#5384,#5417,#5425,.T.);
#5425 = CIRCLE('',#5426,5.E-02);
#5426 = AXIS2_PLACEMENT_3D('',#5427,#5428,#5429);
#5427 = CARTESIAN_POINT('',(-2.65,-2.1,0.95));
#5428 = DIRECTION('',(-1.224646799147E-16,-1.,0.));
#5429 = DIRECTION('',(0.,0.,1.));
#5430 = ORIENTED_EDGE('',*,*,#5391,.T.);
#5431 = ORIENTED_EDGE('',*,*,#4561,.F.);
#5432 = ORIENTED_EDGE('',*,*,#5433,.F.);
#5433 = EDGE_CURVE('',#5434,#4554,#5436,.T.);
#5434 = VERTEX_POINT('',#5435);
#5435 = CARTESIAN_POINT('',(-2.55,-2.1,0.9));
#5436 = LINE('',#5437,#5438);
#5437 = CARTESIAN_POINT('',(-2.475,-2.1,0.9));
#5438 = VECTOR('',#5439,1.);
#5439 = DIRECTION('',(1.,-1.224646799147E-16,4.996063166392E-32));
#5440 = ORIENTED_EDGE('',*,*,#5441,.T.);
#5441 = EDGE_CURVE('',#5434,#5442,#5444,.T.);
#5442 = VERTEX_POINT('',#5443);
#5443 = CARTESIAN_POINT('',(-2.6,-2.1,0.85));
#5444 = CIRCLE('',#5445,5.E-02);
#5445 = AXIS2_PLACEMENT_3D('',#5446,#5447,#5448);
#5446 = CARTESIAN_POINT('',(-2.55,-2.1,0.85));
#5447 = DIRECTION('',(-1.224646799147E-16,-1.,0.));
#5448 = DIRECTION('',(-1.,1.224646799147E-16,0.));
#5449 = ORIENTED_EDGE('',*,*,#5450,.T.);
#5450 = EDGE_CURVE('',#5442,#5451,#5453,.T.);
#5451 = VERTEX_POINT('',#5452);
#5452 = CARTESIAN_POINT('',(-2.6,-2.1,0.15));
#5453 = LINE('',#5454,#5455);
#5454 = CARTESIAN_POINT('',(-2.6,-2.1,5.E-02));
#5455 = VECTOR('',#5456,1.);
#5456 = DIRECTION('',(0.,0.,-1.));
#5457 = ORIENTED_EDGE('',*,*,#5458,.T.);
#5458 = EDGE_CURVE('',#5451,#5353,#5459,.T.);
#5459 = CIRCLE('',#5460,5.E-02);
#5460 = AXIS2_PLACEMENT_3D('',#5461,#5462,#5463);
#5461 = CARTESIAN_POINT('',(-2.55,-2.1,0.15));
#5462 = DIRECTION('',(-1.224646799147E-16,-1.,0.));
#5463 = DIRECTION('',(4.996063166392E-32,-6.118412765058E-48,-1.));
#5464 = ORIENTED_EDGE('',*,*,#5360,.T.);
#5465 = ORIENTED_EDGE('',*,*,#4720,.T.);
#5466 = ORIENTED_EDGE('',*,*,#4712,.F.);
#5467 = ORIENTED_EDGE('',*,*,#5468,.F.);
#5468 = EDGE_CURVE('',#5469,#4705,#5471,.T.);
#5469 = VERTEX_POINT('',#5470);
#5470 = CARTESIAN_POINT('',(-1.8,-2.1,0.));
#5471 = LINE('',#5472,#5473);
#5472 = CARTESIAN_POINT('',(-1.8,-2.1,0.));
#5473 = VECTOR('',#5474,1.);
#5474 = DIRECTION('',(0.,0.,1.));
#5475 = ORIENTED_EDGE('',*,*,#5476,.F.);
#5476 = EDGE_CURVE('',#5408,#5469,#5477,.T.);
#5477 = LINE('',#5478,#5479);
#5478 = CARTESIAN_POINT('',(-2.7,-2.1,0.));
#5479 = VECTOR('',#5480,1.);
#5480 = DIRECTION('',(1.,-1.224646799147E-16,0.));
#5481 = PLANE('',#5482);
#5482 = AXIS2_PLACEMENT_3D('',#5483,#5484,#5485);
#5483 = CARTESIAN_POINT('',(-2.7,-2.1,0.));
#5484 = DIRECTION('',(1.224646799147E-16,1.,0.));
#5485 = DIRECTION('',(1.,-1.224646799147E-16,0.));
#5486 = ADVANCED_FACE('',(#5487),#5505,.F.);
#5487 = FACE_BOUND('',#5488,.F.);
#5488 = EDGE_LOOP('',(#5489,#5490,#5498,#5504));
#5489 = ORIENTED_EDGE('',*,*,#4553,.F.);
#5490 = ORIENTED_EDGE('',*,*,#5491,.T.);
#5491 = EDGE_CURVE('',#4546,#5492,#5494,.T.);
#5492 = VERTEX_POINT('',#5493);
#5493 = CARTESIAN_POINT('',(-2.55,-1.2,0.9));
#5494 = LINE('',#5495,#5496);
#5495 = CARTESIAN_POINT('',(-2.025,-1.2,0.9));
#5496 = VECTOR('',#5497,1.);
#5497 = DIRECTION('',(-1.,1.224646799147E-16,-4.996063166392E-32));
#5498 = ORIENTED_EDGE('',*,*,#5499,.T.);
#5499 = EDGE_CURVE('',#5492,#5434,#5500,.T.);
#5500 = LINE('',#5501,#5502);
#5501 = CARTESIAN_POINT('',(-2.55,-1.1,0.9));
#5502 = VECTOR('',#5503,1.);
#5503 = DIRECTION('',(-1.224646799147E-16,-1.,0.));
#5504 = ORIENTED_EDGE('',*,*,#5433,.T.);
#5505 = PLANE('',#5506);
#5506 = AXIS2_PLACEMENT_3D('',#5507,#5508,#5509);
#5507 = CARTESIAN_POINT('',(-2.25,-1.65,0.9));
#5508 = DIRECTION('',(-4.996063166392E-32,3.890767564419E-33,1.));
#5509 = DIRECTION('',(-1.,1.224646799147E-16,-4.996063166392E-32));
#5510 = ADVANCED_FACE('',(#5511),#5583,.F.);
#5511 = FACE_BOUND('',#5512,.F.);
#5512 = EDGE_LOOP('',(#5513,#5523,#5532,#5540,#5546,#5547,#5548,#5549,
    #5558,#5566,#5573,#5574,#5575,#5576));
#5513 = ORIENTED_EDGE('',*,*,#5514,.F.);
#5514 = EDGE_CURVE('',#5515,#5517,#5519,.T.);
#5515 = VERTEX_POINT('',#5516);
#5516 = CARTESIAN_POINT('',(-2.7,-1.2,5.E-02));
#5517 = VERTEX_POINT('',#5518);
#5518 = CARTESIAN_POINT('',(-2.7,-1.2,0.95));
#5519 = LINE('',#5520,#5521);
#5520 = CARTESIAN_POINT('',(-2.7,-1.2,0.));
#5521 = VECTOR('',#5522,1.);
#5522 = DIRECTION('',(0.,0.,1.));
#5523 = ORIENTED_EDGE('',*,*,#5524,.T.);
#5524 = EDGE_CURVE('',#5515,#5525,#5527,.T.);
#5525 = VERTEX_POINT('',#5526);
#5526 = CARTESIAN_POINT('',(-2.65,-1.2,-6.938893903907E-18));
#5527 = CIRCLE('',#5528,5.E-02);
#5528 = AXIS2_PLACEMENT_3D('',#5529,#5530,#5531);
#5529 = CARTESIAN_POINT('',(-2.65,-1.2,5.E-02));
#5530 = DIRECTION('',(-1.224646799147E-16,-1.,0.));
#5531 = DIRECTION('',(0.,0.,1.));
#5532 = ORIENTED_EDGE('',*,*,#5533,.F.);
#5533 = EDGE_CURVE('',#5534,#5525,#5536,.T.);
#5534 = VERTEX_POINT('',#5535);
#5535 = CARTESIAN_POINT('',(-1.8,-1.2,0.));
#5536 = LINE('',#5537,#5538);
#5537 = CARTESIAN_POINT('',(-1.8,-1.2,0.));
#5538 = VECTOR('',#5539,1.);
#5539 = DIRECTION('',(-1.,1.224646799147E-16,0.));
#5540 = ORIENTED_EDGE('',*,*,#5541,.T.);
#5541 = EDGE_CURVE('',#5534,#4697,#5542,.T.);
#5542 = LINE('',#5543,#5544);
#5543 = CARTESIAN_POINT('',(-1.8,-1.2,0.));
#5544 = VECTOR('',#5545,1.);
#5545 = DIRECTION('',(0.,0.,1.));
#5546 = ORIENTED_EDGE('',*,*,#4696,.F.);
#5547 = ORIENTED_EDGE('',*,*,#4688,.T.);
#5548 = ORIENTED_EDGE('',*,*,#5344,.T.);
#5549 = ORIENTED_EDGE('',*,*,#5550,.F.);
#5550 = EDGE_CURVE('',#5551,#5345,#5553,.T.);
#5551 = VERTEX_POINT('',#5552);
#5552 = CARTESIAN_POINT('',(-2.6,-1.2,0.15));
#5553 = CIRCLE('',#5554,5.E-02);
#5554 = AXIS2_PLACEMENT_3D('',#5555,#5556,#5557);
#5555 = CARTESIAN_POINT('',(-2.55,-1.2,0.15));
#5556 = DIRECTION('',(-1.224646799147E-16,-1.,0.));
#5557 = DIRECTION('',(4.996063166392E-32,-6.118412765058E-48,-1.));
#5558 = ORIENTED_EDGE('',*,*,#5559,.T.);
#5559 = EDGE_CURVE('',#5551,#5560,#5562,.T.);
#5560 = VERTEX_POINT('',#5561);
#5561 = CARTESIAN_POINT('',(-2.6,-1.2,0.85));
#5562 = LINE('',#5563,#5564);
#5563 = CARTESIAN_POINT('',(-2.6,-1.2,5.E-02));
#5564 = VECTOR('',#5565,1.);
#5565 = DIRECTION('',(0.,0.,1.));
#5566 = ORIENTED_EDGE('',*,*,#5567,.F.);
#5567 = EDGE_CURVE('',#5492,#5560,#5568,.T.);
#5568 = CIRCLE('',#5569,5.E-02);
#5569 = AXIS2_PLACEMENT_3D('',#5570,#5571,#5572);
#5570 = CARTESIAN_POINT('',(-2.55,-1.2,0.85));
#5571 = DIRECTION('',(-1.224646799147E-16,-1.,0.));
#5572 = DIRECTION('',(-1.,1.224646799147E-16,0.));
#5573 = ORIENTED_EDGE('',*,*,#5491,.F.);
#5574 = ORIENTED_EDGE('',*,*,#4545,.F.);
#5575 = ORIENTED_EDGE('',*,*,#5375,.T.);
#5576 = ORIENTED_EDGE('',*,*,#5577,.T.);
#5577 = EDGE_CURVE('',#5376,#5517,#5578,.T.);
#5578 = CIRCLE('',#5579,5.E-02);
#5579 = AXIS2_PLACEMENT_3D('',#5580,#5581,#5582);
#5580 = CARTESIAN_POINT('',(-2.65,-1.2,0.95));
#5581 = DIRECTION('',(-1.224646799147E-16,-1.,0.));
#5582 = DIRECTION('',(0.,0.,1.));
#5583 = PLANE('',#5584);
#5584 = AXIS2_PLACEMENT_3D('',#5585,#5586,#5587);
#5585 = CARTESIAN_POINT('',(-1.8,-1.2,0.));
#5586 = DIRECTION('',(-1.224646799147E-16,-1.,0.));
#5587 = DIRECTION('',(-1.,1.224646799147E-16,0.));
#5588 = ADVANCED_FACE('',(#5589),#5614,.T.);
#5589 = FACE_BOUND('',#5590,.T.);
#5590 = EDGE_LOOP('',(#5591,#5592,#5600,#5608));
#5591 = ORIENTED_EDGE('',*,*,#4569,.F.);
#5592 = ORIENTED_EDGE('',*,*,#5593,.T.);
#5593 = EDGE_CURVE('',#4570,#5594,#5596,.T.);
#5594 = VERTEX_POINT('',#5595);
#5595 = CARTESIAN_POINT('',(-2.65,2.1,1.));
#5596 = LINE('',#5597,#5598);
#5597 = CARTESIAN_POINT('',(-1.8,2.1,1.));
#5598 = VECTOR('',#5599,1.);
#5599 = DIRECTION('',(-1.,1.224646799147E-16,0.));
#5600 = ORIENTED_EDGE('',*,*,#5601,.T.);
#5601 = EDGE_CURVE('',#5594,#5602,#5604,.T.);
#5602 = VERTEX_POINT('',#5603);
#5603 = CARTESIAN_POINT('',(-2.65,1.2,1.));
#5604 = LINE('',#5605,#5606);
#5605 = CARTESIAN_POINT('',(-2.65,2.1,1.));
#5606 = VECTOR('',#5607,1.);
#5607 = DIRECTION('',(-1.224646799147E-16,-1.,0.));
#5608 = ORIENTED_EDGE('',*,*,#5609,.T.);
#5609 = EDGE_CURVE('',#5602,#4572,#5610,.T.);
#5610 = LINE('',#5611,#5612);
#5611 = CARTESIAN_POINT('',(-2.7,1.2,1.));
#5612 = VECTOR('',#5613,1.);
#5613 = DIRECTION('',(1.,-1.224646799147E-16,0.));
#5614 = PLANE('',#5615);
#5615 = AXIS2_PLACEMENT_3D('',#5616,#5617,#5618);
#5616 = CARTESIAN_POINT('',(-2.25,1.65,1.));
#5617 = DIRECTION('',(0.,0.,1.));
#5618 = DIRECTION('',(-1.,1.224646799147E-16,0.));
#5619 = ADVANCED_FACE('',(#5620),#5699,.F.);
#5620 = FACE_BOUND('',#5621,.F.);
#5621 = EDGE_LOOP('',(#5622,#5633,#5641,#5648,#5649,#5650,#5658,#5667,
    #5675,#5682,#5683,#5684,#5685,#5693));
#5622 = ORIENTED_EDGE('',*,*,#5623,.F.);
#5623 = EDGE_CURVE('',#5624,#5626,#5628,.T.);
#5624 = VERTEX_POINT('',#5625);
#5625 = CARTESIAN_POINT('',(-2.7,1.2,5.E-02));
#5626 = VERTEX_POINT('',#5627);
#5627 = CARTESIAN_POINT('',(-2.65,1.2,-6.938893903907E-18));
#5628 = CIRCLE('',#5629,5.E-02);
#5629 = AXIS2_PLACEMENT_3D('',#5630,#5631,#5632);
#5630 = CARTESIAN_POINT('',(-2.65,1.2,5.E-02));
#5631 = DIRECTION('',(-1.224646799147E-16,-1.,0.));
#5632 = DIRECTION('',(0.,0.,1.));
#5633 = ORIENTED_EDGE('',*,*,#5634,.T.);
#5634 = EDGE_CURVE('',#5624,#5635,#5637,.T.);
#5635 = VERTEX_POINT('',#5636);
#5636 = CARTESIAN_POINT('',(-2.7,1.2,0.95));
#5637 = LINE('',#5638,#5639);
#5638 = CARTESIAN_POINT('',(-2.7,1.2,0.));
#5639 = VECTOR('',#5640,1.);
#5640 = DIRECTION('',(0.,0.,1.));
#5641 = ORIENTED_EDGE('',*,*,#5642,.F.);
#5642 = EDGE_CURVE('',#5602,#5635,#5643,.T.);
#5643 = CIRCLE('',#5644,5.E-02);
#5644 = AXIS2_PLACEMENT_3D('',#5645,#5646,#5647);
#5645 = CARTESIAN_POINT('',(-2.65,1.2,0.95));
#5646 = DIRECTION('',(-1.224646799147E-16,-1.,0.));
#5647 = DIRECTION('',(0.,0.,1.));
#5648 = ORIENTED_EDGE('',*,*,#5609,.T.);
#5649 = ORIENTED_EDGE('',*,*,#4595,.F.);
#5650 = ORIENTED_EDGE('',*,*,#5651,.F.);
#5651 = EDGE_CURVE('',#5652,#4588,#5654,.T.);
#5652 = VERTEX_POINT('',#5653);
#5653 = CARTESIAN_POINT('',(-2.55,1.2,0.9));
#5654 = LINE('',#5655,#5656);
#5655 = CARTESIAN_POINT('',(-2.475,1.2,0.9));
#5656 = VECTOR('',#5657,1.);
#5657 = DIRECTION('',(1.,-1.224646799147E-16,4.996063166392E-32));
#5658 = ORIENTED_EDGE('',*,*,#5659,.T.);
#5659 = EDGE_CURVE('',#5652,#5660,#5662,.T.);
#5660 = VERTEX_POINT('',#5661);
#5661 = CARTESIAN_POINT('',(-2.6,1.2,0.85));
#5662 = CIRCLE('',#5663,5.E-02);
#5663 = AXIS2_PLACEMENT_3D('',#5664,#5665,#5666);
#5664 = CARTESIAN_POINT('',(-2.55,1.2,0.85));
#5665 = DIRECTION('',(-1.224646799147E-16,-1.,0.));
#5666 = DIRECTION('',(-1.,1.224646799147E-16,0.));
#5667 = ORIENTED_EDGE('',*,*,#5668,.T.);
#5668 = EDGE_CURVE('',#5660,#5669,#5671,.T.);
#5669 = VERTEX_POINT('',#5670);
#5670 = CARTESIAN_POINT('',(-2.6,1.2,0.15));
#5671 = LINE('',#5672,#5673);
#5672 = CARTESIAN_POINT('',(-2.6,1.2,5.E-02));
#5673 = VECTOR('',#5674,1.);
#5674 = DIRECTION('',(0.,0.,-1.));
#5675 = ORIENTED_EDGE('',*,*,#5676,.T.);
#5676 = EDGE_CURVE('',#5669,#5322,#5677,.T.);
#5677 = CIRCLE('',#5678,5.E-02);
#5678 = AXIS2_PLACEMENT_3D('',#5679,#5680,#5681);
#5679 = CARTESIAN_POINT('',(-2.55,1.2,0.15));
#5680 = DIRECTION('',(-1.224646799147E-16,-1.,0.));
#5681 = DIRECTION('',(4.996063166392E-32,-6.118412765058E-48,-1.));
#5682 = ORIENTED_EDGE('',*,*,#5329,.T.);
#5683 = ORIENTED_EDGE('',*,*,#4681,.T.);
#5684 = ORIENTED_EDGE('',*,*,#4673,.F.);
#5685 = ORIENTED_EDGE('',*,*,#5686,.F.);
#5686 = EDGE_CURVE('',#5687,#4666,#5689,.T.);
#5687 = VERTEX_POINT('',#5688);
#5688 = CARTESIAN_POINT('',(-1.8,1.2,0.));
#5689 = LINE('',#5690,#5691);
#5690 = CARTESIAN_POINT('',(-1.8,1.2,0.));
#5691 = VECTOR('',#5692,1.);
#5692 = DIRECTION('',(0.,0.,1.));
#5693 = ORIENTED_EDGE('',*,*,#5694,.F.);
#5694 = EDGE_CURVE('',#5626,#5687,#5695,.T.);
#5695 = LINE('',#5696,#5697);
#5696 = CARTESIAN_POINT('',(-2.7,1.2,0.));
#5697 = VECTOR('',#5698,1.);
#5698 = DIRECTION('',(1.,-1.224646799147E-16,0.));
#5699 = PLANE('',#5700);
#5700 = AXIS2_PLACEMENT_3D('',#5701,#5702,#5703);
#5701 = CARTESIAN_POINT('',(-2.7,1.2,0.));
#5702 = DIRECTION('',(1.224646799147E-16,1.,0.));
#5703 = DIRECTION('',(1.,-1.224646799147E-16,0.));
#5704 = ADVANCED_FACE('',(#5705),#5723,.F.);
#5705 = FACE_BOUND('',#5706,.F.);
#5706 = EDGE_LOOP('',(#5707,#5708,#5716,#5722));
#5707 = ORIENTED_EDGE('',*,*,#4587,.F.);
#5708 = ORIENTED_EDGE('',*,*,#5709,.T.);
#5709 = EDGE_CURVE('',#4580,#5710,#5712,.T.);
#5710 = VERTEX_POINT('',#5711);
#5711 = CARTESIAN_POINT('',(-2.55,2.1,0.9));
#5712 = LINE('',#5713,#5714);
#5713 = CARTESIAN_POINT('',(-2.025,2.1,0.9));
#5714 = VECTOR('',#5715,1.);
#5715 = DIRECTION('',(-1.,1.224646799147E-16,-4.996063166392E-32));
#5716 = ORIENTED_EDGE('',*,*,#5717,.T.);
#5717 = EDGE_CURVE('',#5710,#5652,#5718,.T.);
#5718 = LINE('',#5719,#5720);
#5719 = CARTESIAN_POINT('',(-2.55,2.2,0.9));
#5720 = VECTOR('',#5721,1.);
#5721 = DIRECTION('',(-1.224646799147E-16,-1.,0.));
#5722 = ORIENTED_EDGE('',*,*,#5651,.T.);
#5723 = PLANE('',#5724);
#5724 = AXIS2_PLACEMENT_3D('',#5725,#5726,#5727);
#5725 = CARTESIAN_POINT('',(-2.25,1.65,0.9));
#5726 = DIRECTION('',(-4.996063166392E-32,1.556307025767E-32,1.));
#5727 = DIRECTION('',(-1.,1.224646799147E-16,-4.996063166392E-32));
#5728 = ADVANCED_FACE('',(#5729),#5801,.F.);
#5729 = FACE_BOUND('',#5730,.F.);
#5730 = EDGE_LOOP('',(#5731,#5741,#5750,#5758,#5764,#5765,#5766,#5767,
    #5776,#5784,#5791,#5792,#5793,#5794));
#5731 = ORIENTED_EDGE('',*,*,#5732,.F.);
#5732 = EDGE_CURVE('',#5733,#5735,#5737,.T.);
#5733 = VERTEX_POINT('',#5734);
#5734 = CARTESIAN_POINT('',(-2.7,2.1,5.E-02));
#5735 = VERTEX_POINT('',#5736);
#5736 = CARTESIAN_POINT('',(-2.7,2.1,0.95));
#5737 = LINE('',#5738,#5739);
#5738 = CARTESIAN_POINT('',(-2.7,2.1,0.));
#5739 = VECTOR('',#5740,1.);
#5740 = DIRECTION('',(0.,0.,1.));
#5741 = ORIENTED_EDGE('',*,*,#5742,.T.);
#5742 = EDGE_CURVE('',#5733,#5743,#5745,.T.);
#5743 = VERTEX_POINT('',#5744);
#5744 = CARTESIAN_POINT('',(-2.65,2.1,-6.938893903907E-18));
#5745 = CIRCLE('',#5746,5.E-02);
#5746 = AXIS2_PLACEMENT_3D('',#5747,#5748,#5749);
#5747 = CARTESIAN_POINT('',(-2.65,2.1,5.E-02));
#5748 = DIRECTION('',(-1.224646799147E-16,-1.,0.));
#5749 = DIRECTION('',(0.,0.,1.));
#5750 = ORIENTED_EDGE('',*,*,#5751,.F.);
#5751 = EDGE_CURVE('',#5752,#5743,#5754,.T.);
#5752 = VERTEX_POINT('',#5753);
#5753 = CARTESIAN_POINT('',(-1.8,2.1,0.));
#5754 = LINE('',#5755,#5756);
#5755 = CARTESIAN_POINT('',(-1.8,2.1,0.));
#5756 = VECTOR('',#5757,1.);
#5757 = DIRECTION('',(-1.,1.224646799147E-16,0.));
#5758 = ORIENTED_EDGE('',*,*,#5759,.T.);
#5759 = EDGE_CURVE('',#5752,#4658,#5760,.T.);
#5760 = LINE('',#5761,#5762);
#5761 = CARTESIAN_POINT('',(-1.8,2.1,0.));
#5762 = VECTOR('',#5763,1.);
#5763 = DIRECTION('',(0.,0.,1.));
#5764 = ORIENTED_EDGE('',*,*,#4657,.F.);
#5765 = ORIENTED_EDGE('',*,*,#4649,.T.);
#5766 = ORIENTED_EDGE('',*,*,#5313,.T.);
#5767 = ORIENTED_EDGE('',*,*,#5768,.F.);
#5768 = EDGE_CURVE('',#5769,#5314,#5771,.T.);
#5769 = VERTEX_POINT('',#5770);
#5770 = CARTESIAN_POINT('',(-2.6,2.1,0.15));
#5771 = CIRCLE('',#5772,5.E-02);
#5772 = AXIS2_PLACEMENT_3D('',#5773,#5774,#5775);
#5773 = CARTESIAN_POINT('',(-2.55,2.1,0.15));
#5774 = DIRECTION('',(-1.224646799147E-16,-1.,0.));
#5775 = DIRECTION('',(4.996063166392E-32,-6.118412765058E-48,-1.));
#5776 = ORIENTED_EDGE('',*,*,#5777,.T.);
#5777 = EDGE_CURVE('',#5769,#5778,#5780,.T.);
#5778 = VERTEX_POINT('',#5779);
#5779 = CARTESIAN_POINT('',(-2.6,2.1,0.85));
#5780 = LINE('',#5781,#5782);
#5781 = CARTESIAN_POINT('',(-2.6,2.1,5.E-02));
#5782 = VECTOR('',#5783,1.);
#5783 = DIRECTION('',(0.,0.,1.));
#5784 = ORIENTED_EDGE('',*,*,#5785,.F.);
#5785 = EDGE_CURVE('',#5710,#5778,#5786,.T.);
#5786 = CIRCLE('',#5787,5.E-02);
#5787 = AXIS2_PLACEMENT_3D('',#5788,#5789,#5790);
#5788 = CARTESIAN_POINT('',(-2.55,2.1,0.85));
#5789 = DIRECTION('',(-1.224646799147E-16,-1.,0.));
#5790 = DIRECTION('',(-1.,1.224646799147E-16,0.));
#5791 = ORIENTED_EDGE('',*,*,#5709,.F.);
#5792 = ORIENTED_EDGE('',*,*,#4579,.F.);
#5793 = ORIENTED_EDGE('',*,*,#5593,.T.);
#5794 = ORIENTED_EDGE('',*,*,#5795,.T.);
#5795 = EDGE_CURVE('',#5594,#5735,#5796,.T.);
#5796 = CIRCLE('',#5797,5.E-02);
#5797 = AXIS2_PLACEMENT_3D('',#5798,#5799,#5800);
#5798 = CARTESIAN_POINT('',(-2.65,2.1,0.95));
#5799 = DIRECTION('',(-1.224646799147E-16,-1.,0.));
#5800 = DIRECTION('',(0.,0.,1.));
#5801 = PLANE('',#5802);
#5802 = AXIS2_PLACEMENT_3D('',#5803,#5804,#5805);
#5803 = CARTESIAN_POINT('',(-1.8,2.1,0.));
#5804 = DIRECTION('',(-1.224646799147E-16,-1.,0.));
#5805 = DIRECTION('',(-1.,1.224646799147E-16,0.));
#5806 = ADVANCED_FACE('',(#5807),#5818,.F.);
#5807 = FACE_BOUND('',#5808,.F.);
#5808 = EDGE_LOOP('',(#5809,#5815,#5816,#5817));
#5809 = ORIENTED_EDGE('',*,*,#5810,.F.);
#5810 = EDGE_CURVE('',#5073,#4927,#5811,.T.);
#5811 = LINE('',#5812,#5813);
#5812 = CARTESIAN_POINT('',(1.8,2.1,0.));
#5813 = VECTOR('',#5814,1.);
#5814 = DIRECTION('',(-1.224646799147E-16,-1.,0.));
#5815 = ORIENTED_EDGE('',*,*,#5072,.T.);
#5816 = ORIENTED_EDGE('',*,*,#4784,.F.);
#5817 = ORIENTED_EDGE('',*,*,#4934,.F.);
#5818 = PLANE('',#5819);
#5819 = AXIS2_PLACEMENT_3D('',#5820,#5821,#5822);
#5820 = CARTESIAN_POINT('',(1.8,2.1,0.));
#5821 = DIRECTION('',(1.,-1.224646799147E-16,0.));
#5822 = DIRECTION('',(-1.224646799147E-16,-1.,0.));
#5823 = ADVANCED_FACE('',(#5824),#5835,.F.);
#5824 = FACE_BOUND('',#5825,.F.);
#5825 = EDGE_LOOP('',(#5826,#5832,#5833,#5834));
#5826 = ORIENTED_EDGE('',*,*,#5827,.F.);
#5827 = EDGE_CURVE('',#5189,#5254,#5828,.T.);
#5828 = LINE('',#5829,#5830);
#5829 = CARTESIAN_POINT('',(1.8,-1.2,0.));
#5830 = VECTOR('',#5831,1.);
#5831 = DIRECTION('',(-1.224646799147E-16,-1.,0.));
#5832 = ORIENTED_EDGE('',*,*,#5188,.T.);
#5833 = ORIENTED_EDGE('',*,*,#4745,.F.);
#5834 = ORIENTED_EDGE('',*,*,#5261,.F.);
#5835 = PLANE('',#5836);
#5836 = AXIS2_PLACEMENT_3D('',#5837,#5838,#5839);
#5837 = CARTESIAN_POINT('',(1.8,-1.2,0.));
#5838 = DIRECTION('',(1.,-1.224646799147E-16,0.));
#5839 = DIRECTION('',(-1.224646799147E-16,-1.,0.));
#5840 = ADVANCED_FACE('',(#5841),#5852,.F.);
#5841 = FACE_BOUND('',#5842,.F.);
#5842 = EDGE_LOOP('',(#5843,#5849,#5850,#5851));
#5843 = ORIENTED_EDGE('',*,*,#5844,.F.);
#5844 = EDGE_CURVE('',#5469,#5534,#5845,.T.);
#5845 = LINE('',#5846,#5847);
#5846 = CARTESIAN_POINT('',(-1.8,-2.1,0.));
#5847 = VECTOR('',#5848,1.);
#5848 = DIRECTION('',(1.224646799147E-16,1.,0.));
#5849 = ORIENTED_EDGE('',*,*,#5468,.T.);
#5850 = ORIENTED_EDGE('',*,*,#4704,.F.);
#5851 = ORIENTED_EDGE('',*,*,#5541,.F.);
#5852 = PLANE('',#5853);
#5853 = AXIS2_PLACEMENT_3D('',#5854,#5855,#5856);
#5854 = CARTESIAN_POINT('',(-1.8,-2.1,0.));
#5855 = DIRECTION('',(-1.,1.224646799147E-16,0.));
#5856 = DIRECTION('',(1.224646799147E-16,1.,0.));
#5857 = ADVANCED_FACE('',(#5858),#5869,.F.);
#5858 = FACE_BOUND('',#5859,.F.);
#5859 = EDGE_LOOP('',(#5860,#5866,#5867,#5868));
#5860 = ORIENTED_EDGE('',*,*,#5861,.F.);
#5861 = EDGE_CURVE('',#5687,#5752,#5862,.T.);
#5862 = LINE('',#5863,#5864);
#5863 = CARTESIAN_POINT('',(-1.8,1.2,0.));
#5864 = VECTOR('',#5865,1.);
#5865 = DIRECTION('',(1.224646799147E-16,1.,0.));
#5866 = ORIENTED_EDGE('',*,*,#5686,.T.);
#5867 = ORIENTED_EDGE('',*,*,#4665,.F.);
#5868 = ORIENTED_EDGE('',*,*,#5759,.F.);
#5869 = PLANE('',#5870);
#5870 = AXIS2_PLACEMENT_3D('',#5871,#5872,#5873);
#5871 = CARTESIAN_POINT('',(-1.8,1.2,0.));
#5872 = DIRECTION('',(-1.,1.224646799147E-16,0.));
#5873 = DIRECTION('',(1.224646799147E-16,1.,0.));
#5874 = ADVANCED_FACE('',(#5875),#5886,.F.);
#5875 = FACE_BOUND('',#5876,.F.);
#5876 = EDGE_LOOP('',(#5877,#5878,#5879,#5880));
#5877 = ORIENTED_EDGE('',*,*,#4943,.T.);
#5878 = ORIENTED_EDGE('',*,*,#4814,.T.);
#5879 = ORIENTED_EDGE('',*,*,#5062,.F.);
#5880 = ORIENTED_EDGE('',*,*,#5881,.F.);
#5881 = EDGE_CURVE('',#4944,#5055,#5882,.T.);
#5882 = LINE('',#5883,#5884);
#5883 = CARTESIAN_POINT('',(2.6,1.1,0.15));
#5884 = VECTOR('',#5885,1.);
#5885 = DIRECTION('',(1.224646799147E-16,1.,0.));
#5886 = CYLINDRICAL_SURFACE('',#5887,5.E-02);
#5887 = AXIS2_PLACEMENT_3D('',#5888,#5889,#5890);
#5888 = CARTESIAN_POINT('',(2.55,1.1,0.15));
#5889 = DIRECTION('',(1.224646799147E-16,1.,0.));
#5890 = DIRECTION('',(1.,-1.224646799147E-16,0.));
#5891 = ADVANCED_FACE('',(#5892),#5903,.F.);
#5892 = FACE_BOUND('',#5893,.F.);
#5893 = EDGE_LOOP('',(#5894,#5895,#5896,#5897));
#5894 = ORIENTED_EDGE('',*,*,#5270,.T.);
#5895 = ORIENTED_EDGE('',*,*,#4845,.T.);
#5896 = ORIENTED_EDGE('',*,*,#5178,.F.);
#5897 = ORIENTED_EDGE('',*,*,#5898,.F.);
#5898 = EDGE_CURVE('',#5271,#5171,#5899,.T.);
#5899 = LINE('',#5900,#5901);
#5900 = CARTESIAN_POINT('',(2.6,-2.2,0.15));
#5901 = VECTOR('',#5902,1.);
#5902 = DIRECTION('',(1.224646799147E-16,1.,0.));
#5903 = CYLINDRICAL_SURFACE('',#5904,5.E-02);
#5904 = AXIS2_PLACEMENT_3D('',#5905,#5906,#5907);
#5905 = CARTESIAN_POINT('',(2.55,-2.2,0.15));
#5906 = DIRECTION('',(1.224646799147E-16,1.,0.));
#5907 = DIRECTION('',(1.,-1.224646799147E-16,0.));
#5908 = ADVANCED_FACE('',(#5909),#5920,.F.);
#5909 = FACE_BOUND('',#5910,.F.);
#5910 = EDGE_LOOP('',(#5911,#5917,#5918,#5919));
#5911 = ORIENTED_EDGE('',*,*,#5912,.T.);
#5912 = EDGE_CURVE('',#4953,#5046,#5913,.T.);
#5913 = LINE('',#5914,#5915);
#5914 = CARTESIAN_POINT('',(2.6,1.1,0.85));
#5915 = VECTOR('',#5916,1.);
#5916 = DIRECTION('',(1.224646799147E-16,1.,0.));
#5917 = ORIENTED_EDGE('',*,*,#5045,.F.);
#5918 = ORIENTED_EDGE('',*,*,#4876,.F.);
#5919 = ORIENTED_EDGE('',*,*,#4960,.T.);
#5920 = CYLINDRICAL_SURFACE('',#5921,5.E-02);
#5921 = AXIS2_PLACEMENT_3D('',#5922,#5923,#5924);
#5922 = CARTESIAN_POINT('',(2.55,1.1,0.85));
#5923 = DIRECTION('',(1.224646799147E-16,1.,0.));
#5924 = DIRECTION('',(1.,-1.224646799147E-16,0.));
#5925 = ADVANCED_FACE('',(#5926),#5942,.F.);
#5926 = FACE_BOUND('',#5927,.F.);
#5927 = EDGE_LOOP('',(#5928,#5929,#5935,#5936));
#5928 = ORIENTED_EDGE('',*,*,#4907,.T.);
#5929 = ORIENTED_EDGE('',*,*,#5930,.T.);
#5930 = EDGE_CURVE('',#4910,#5028,#5931,.T.);
#5931 = LINE('',#5932,#5933);
#5932 = CARTESIAN_POINT('',(2.7,1.2,0.95));
#5933 = VECTOR('',#5934,1.);
#5934 = DIRECTION('',(1.224646799147E-16,1.,0.));
#5935 = ORIENTED_EDGE('',*,*,#5027,.F.);
#5936 = ORIENTED_EDGE('',*,*,#5937,.F.);
#5937 = EDGE_CURVE('',#4908,#5017,#5938,.T.);
#5938 = LINE('',#5939,#5940);
#5939 = CARTESIAN_POINT('',(2.7,1.2,5.E-02));
#5940 = VECTOR('',#5941,1.);
#5941 = DIRECTION('',(1.224646799147E-16,1.,0.));
#5942 = PLANE('',#5943);
#5943 = AXIS2_PLACEMENT_3D('',#5944,#5945,#5946);
#5944 = CARTESIAN_POINT('',(2.7,1.2,0.));
#5945 = DIRECTION('',(-1.,1.224646799147E-16,0.));
#5946 = DIRECTION('',(1.224646799147E-16,1.,0.));
#5947 = ADVANCED_FACE('',(#5948),#5954,.T.);
#5948 = FACE_BOUND('',#5949,.T.);
#5949 = EDGE_LOOP('',(#5950,#5951,#5952,#5953));
#5950 = ORIENTED_EDGE('',*,*,#5930,.T.);
#5951 = ORIENTED_EDGE('',*,*,#5035,.T.);
#5952 = ORIENTED_EDGE('',*,*,#4992,.F.);
#5953 = ORIENTED_EDGE('',*,*,#4977,.F.);
#5954 = CYLINDRICAL_SURFACE('',#5955,5.E-02);
#5955 = AXIS2_PLACEMENT_3D('',#5956,#5957,#5958);
#5956 = CARTESIAN_POINT('',(2.65,1.2,0.95));
#5957 = DIRECTION('',(1.224646799147E-16,1.,0.));
#5958 = DIRECTION('',(1.,-1.224646799147E-16,0.));
#5959 = ADVANCED_FACE('',(#5960),#5966,.T.);
#5960 = FACE_BOUND('',#5961,.T.);
#5961 = EDGE_LOOP('',(#5962,#5963,#5964,#5965));
#5962 = ORIENTED_EDGE('',*,*,#5881,.F.);
#5963 = ORIENTED_EDGE('',*,*,#4952,.T.);
#5964 = ORIENTED_EDGE('',*,*,#5912,.T.);
#5965 = ORIENTED_EDGE('',*,*,#5054,.T.);
#5966 = PLANE('',#5967);
#5967 = AXIS2_PLACEMENT_3D('',#5968,#5969,#5970);
#5968 = CARTESIAN_POINT('',(2.6,1.1,0.1));
#5969 = DIRECTION('',(-1.,1.224646799147E-16,0.));
#5970 = DIRECTION('',(1.224646799147E-16,1.,0.));
#5971 = ADVANCED_FACE('',(#5972),#5983,.F.);
#5972 = FACE_BOUND('',#5973,.F.);
#5973 = EDGE_LOOP('',(#5974,#5975,#5976,#5977));
#5974 = ORIENTED_EDGE('',*,*,#5080,.T.);
#5975 = ORIENTED_EDGE('',*,*,#5810,.T.);
#5976 = ORIENTED_EDGE('',*,*,#4926,.T.);
#5977 = ORIENTED_EDGE('',*,*,#5978,.T.);
#5978 = EDGE_CURVE('',#4918,#5019,#5979,.T.);
#5979 = LINE('',#5980,#5981);
#5980 = CARTESIAN_POINT('',(2.65,1.2,-6.938893903907E-18));
#5981 = VECTOR('',#5982,1.);
#5982 = DIRECTION('',(1.224646799147E-16,1.,0.));
#5983 = PLANE('',#5984);
#5984 = AXIS2_PLACEMENT_3D('',#5985,#5986,#5987);
#5985 = CARTESIAN_POINT('',(2.25,1.65,0.));
#5986 = DIRECTION('',(0.,0.,1.));
#5987 = DIRECTION('',(-1.,1.224646799147E-16,0.));
#5988 = ADVANCED_FACE('',(#5989),#5995,.T.);
#5989 = FACE_BOUND('',#5990,.T.);
#5990 = EDGE_LOOP('',(#5991,#5992,#5993,#5994));
#5991 = ORIENTED_EDGE('',*,*,#4917,.T.);
#5992 = ORIENTED_EDGE('',*,*,#5978,.T.);
#5993 = ORIENTED_EDGE('',*,*,#5016,.F.);
#5994 = ORIENTED_EDGE('',*,*,#5937,.F.);
#5995 = CYLINDRICAL_SURFACE('',#5996,5.E-02);
#5996 = AXIS2_PLACEMENT_3D('',#5997,#5998,#5999);
#5997 = CARTESIAN_POINT('',(2.65,1.2,5.E-02));
#5998 = DIRECTION('',(1.224646799147E-16,1.,0.));
#5999 = DIRECTION('',(1.,-1.224646799147E-16,0.));
#6000 = ADVANCED_FACE('',(#6001),#6012,.T.);
#6001 = FACE_BOUND('',#6002,.T.);
#6002 = EDGE_LOOP('',(#6003,#6009,#6010,#6011));
#6003 = ORIENTED_EDGE('',*,*,#6004,.T.);
#6004 = EDGE_CURVE('',#5237,#5137,#6005,.T.);
#6005 = LINE('',#6006,#6007);
#6006 = CARTESIAN_POINT('',(2.7,-2.1,0.95));
#6007 = VECTOR('',#6008,1.);
#6008 = DIRECTION('',(1.224646799147E-16,1.,0.));
#6009 = ORIENTED_EDGE('',*,*,#5144,.T.);
#6010 = ORIENTED_EDGE('',*,*,#5094,.F.);
#6011 = ORIENTED_EDGE('',*,*,#5297,.F.);
#6012 = CYLINDRICAL_SURFACE('',#6013,5.E-02);
#6013 = AXIS2_PLACEMENT_3D('',#6014,#6015,#6016);
#6014 = CARTESIAN_POINT('',(2.65,-2.1,0.95));
#6015 = DIRECTION('',(1.224646799147E-16,1.,0.));
#6016 = DIRECTION('',(1.,-1.224646799147E-16,0.));
#6017 = ADVANCED_FACE('',(#6018),#6034,.T.);
#6018 = FACE_BOUND('',#6019,.T.);
#6019 = EDGE_LOOP('',(#6020,#6021,#6027,#6028));
#6020 = ORIENTED_EDGE('',*,*,#5244,.T.);
#6021 = ORIENTED_EDGE('',*,*,#6022,.T.);
#6022 = EDGE_CURVE('',#5245,#5128,#6023,.T.);
#6023 = LINE('',#6024,#6025);
#6024 = CARTESIAN_POINT('',(2.65,-2.1,-6.938893903907E-18));
#6025 = VECTOR('',#6026,1.);
#6026 = DIRECTION('',(1.224646799147E-16,1.,0.));
#6027 = ORIENTED_EDGE('',*,*,#5125,.F.);
#6028 = ORIENTED_EDGE('',*,*,#6029,.F.);
#6029 = EDGE_CURVE('',#5235,#5126,#6030,.T.);
#6030 = LINE('',#6031,#6032);
#6031 = CARTESIAN_POINT('',(2.7,-2.1,5.E-02));
#6032 = VECTOR('',#6033,1.);
#6033 = DIRECTION('',(1.224646799147E-16,1.,0.));
#6034 = CYLINDRICAL_SURFACE('',#6035,5.E-02);
#6035 = AXIS2_PLACEMENT_3D('',#6036,#6037,#6038);
#6036 = CARTESIAN_POINT('',(2.65,-2.1,5.E-02));
#6037 = DIRECTION('',(1.224646799147E-16,1.,0.));
#6038 = DIRECTION('',(1.,-1.224646799147E-16,0.));
#6039 = ADVANCED_FACE('',(#6040),#6046,.F.);
#6040 = FACE_BOUND('',#6041,.F.);
#6041 = EDGE_LOOP('',(#6042,#6043,#6044,#6045));
#6042 = ORIENTED_EDGE('',*,*,#5196,.T.);
#6043 = ORIENTED_EDGE('',*,*,#5827,.T.);
#6044 = ORIENTED_EDGE('',*,*,#5253,.T.);
#6045 = ORIENTED_EDGE('',*,*,#6022,.T.);
#6046 = PLANE('',#6047);
#6047 = AXIS2_PLACEMENT_3D('',#6048,#6049,#6050);
#6048 = CARTESIAN_POINT('',(2.25,-1.65,0.));
#6049 = DIRECTION('',(0.,0.,1.));
#6050 = DIRECTION('',(-1.,1.224646799147E-16,0.));
#6051 = ADVANCED_FACE('',(#6052),#6063,.T.);
#6052 = FACE_BOUND('',#6053,.T.);
#6053 = EDGE_LOOP('',(#6054,#6055,#6056,#6062));
#6054 = ORIENTED_EDGE('',*,*,#5898,.F.);
#6055 = ORIENTED_EDGE('',*,*,#5279,.T.);
#6056 = ORIENTED_EDGE('',*,*,#6057,.T.);
#6057 = EDGE_CURVE('',#5280,#5162,#6058,.T.);
#6058 = LINE('',#6059,#6060);
#6059 = CARTESIAN_POINT('',(2.6,-2.2,0.85));
#6060 = VECTOR('',#6061,1.);
#6061 = DIRECTION('',(1.224646799147E-16,1.,0.));
#6062 = ORIENTED_EDGE('',*,*,#5170,.T.);
#6063 = PLANE('',#6064);
#6064 = AXIS2_PLACEMENT_3D('',#6065,#6066,#6067);
#6065 = CARTESIAN_POINT('',(2.6,-2.2,0.1));
#6066 = DIRECTION('',(-1.,1.224646799147E-16,0.));
#6067 = DIRECTION('',(1.224646799147E-16,1.,0.));
#6068 = ADVANCED_FACE('',(#6069),#6075,.F.);
#6069 = FACE_BOUND('',#6070,.F.);
#6070 = EDGE_LOOP('',(#6071,#6072,#6073,#6074));
#6071 = ORIENTED_EDGE('',*,*,#6057,.T.);
#6072 = ORIENTED_EDGE('',*,*,#5161,.F.);
#6073 = ORIENTED_EDGE('',*,*,#5210,.F.);
#6074 = ORIENTED_EDGE('',*,*,#5287,.T.);
#6075 = CYLINDRICAL_SURFACE('',#6076,5.E-02);
#6076 = AXIS2_PLACEMENT_3D('',#6077,#6078,#6079);
#6077 = CARTESIAN_POINT('',(2.55,-2.2,0.85));
#6078 = DIRECTION('',(1.224646799147E-16,1.,0.));
#6079 = DIRECTION('',(1.,-1.224646799147E-16,0.));
#6080 = ADVANCED_FACE('',(#6081),#6087,.F.);
#6081 = FACE_BOUND('',#6082,.F.);
#6082 = EDGE_LOOP('',(#6083,#6084,#6085,#6086));
#6083 = ORIENTED_EDGE('',*,*,#5234,.T.);
#6084 = ORIENTED_EDGE('',*,*,#6004,.T.);
#6085 = ORIENTED_EDGE('',*,*,#5136,.F.);
#6086 = ORIENTED_EDGE('',*,*,#6029,.F.);
#6087 = PLANE('',#6088);
#6088 = AXIS2_PLACEMENT_3D('',#6089,#6090,#6091);
#6089 = CARTESIAN_POINT('',(2.7,-2.1,0.));
#6090 = DIRECTION('',(-1.,1.224646799147E-16,0.));
#6091 = DIRECTION('',(1.224646799147E-16,1.,0.));
#6092 = ADVANCED_FACE('',(#6093),#6104,.F.);
#6093 = FACE_BOUND('',#6094,.F.);
#6094 = EDGE_LOOP('',(#6095,#6096,#6102,#6103));
#6095 = ORIENTED_EDGE('',*,*,#5676,.F.);
#6096 = ORIENTED_EDGE('',*,*,#6097,.F.);
#6097 = EDGE_CURVE('',#5769,#5669,#6098,.T.);
#6098 = LINE('',#6099,#6100);
#6099 = CARTESIAN_POINT('',(-2.6,2.2,0.15));
#6100 = VECTOR('',#6101,1.);
#6101 = DIRECTION('',(-1.224646799147E-16,-1.,0.));
#6102 = ORIENTED_EDGE('',*,*,#5768,.T.);
#6103 = ORIENTED_EDGE('',*,*,#5321,.T.);
#6104 = CYLINDRICAL_SURFACE('',#6105,5.E-02);
#6105 = AXIS2_PLACEMENT_3D('',#6106,#6107,#6108);
#6106 = CARTESIAN_POINT('',(-2.55,2.2,0.15));
#6107 = DIRECTION('',(-1.224646799147E-16,-1.,0.));
#6108 = DIRECTION('',(4.996063166392E-32,-6.118412765058E-48,-1.));
#6109 = ADVANCED_FACE('',(#6110),#6121,.F.);
#6110 = FACE_BOUND('',#6111,.F.);
#6111 = EDGE_LOOP('',(#6112,#6113,#6119,#6120));
#6112 = ORIENTED_EDGE('',*,*,#5458,.F.);
#6113 = ORIENTED_EDGE('',*,*,#6114,.F.);
#6114 = EDGE_CURVE('',#5551,#5451,#6115,.T.);
#6115 = LINE('',#6116,#6117);
#6116 = CARTESIAN_POINT('',(-2.6,-1.1,0.15));
#6117 = VECTOR('',#6118,1.);
#6118 = DIRECTION('',(-1.224646799147E-16,-1.,0.));
#6119 = ORIENTED_EDGE('',*,*,#5550,.T.);
#6120 = ORIENTED_EDGE('',*,*,#5352,.T.);
#6121 = CYLINDRICAL_SURFACE('',#6122,5.E-02);
#6122 = AXIS2_PLACEMENT_3D('',#6123,#6124,#6125);
#6123 = CARTESIAN_POINT('',(-2.55,-1.1,0.15));
#6124 = DIRECTION('',(-1.224646799147E-16,-1.,0.));
#6125 = DIRECTION('',(4.996063166392E-32,-6.118412765058E-48,-1.));
#6126 = ADVANCED_FACE('',(#6127),#6138,.T.);
#6127 = FACE_BOUND('',#6128,.T.);
#6128 = EDGE_LOOP('',(#6129,#6130,#6136,#6137));
#6129 = ORIENTED_EDGE('',*,*,#5577,.T.);
#6130 = ORIENTED_EDGE('',*,*,#6131,.T.);
#6131 = EDGE_CURVE('',#5517,#5417,#6132,.T.);
#6132 = LINE('',#6133,#6134);
#6133 = CARTESIAN_POINT('',(-2.7,-1.2,0.95));
#6134 = VECTOR('',#6135,1.);
#6135 = DIRECTION('',(-1.224646799147E-16,-1.,0.));
#6136 = ORIENTED_EDGE('',*,*,#5424,.F.);
#6137 = ORIENTED_EDGE('',*,*,#5383,.F.);
#6138 = CYLINDRICAL_SURFACE('',#6139,5.E-02);
#6139 = AXIS2_PLACEMENT_3D('',#6140,#6141,#6142);
#6140 = CARTESIAN_POINT('',(-2.65,-1.2,0.95));
#6141 = DIRECTION('',(-1.224646799147E-16,-1.,0.));
#6142 = DIRECTION('',(0.,0.,1.));
#6143 = ADVANCED_FACE('',(#6144),#6160,.T.);
#6144 = FACE_BOUND('',#6145,.T.);
#6145 = EDGE_LOOP('',(#6146,#6147,#6153,#6154));
#6146 = ORIENTED_EDGE('',*,*,#5524,.T.);
#6147 = ORIENTED_EDGE('',*,*,#6148,.T.);
#6148 = EDGE_CURVE('',#5525,#5408,#6149,.T.);
#6149 = LINE('',#6150,#6151);
#6150 = CARTESIAN_POINT('',(-2.65,-1.2,-6.938893903907E-18));
#6151 = VECTOR('',#6152,1.);
#6152 = DIRECTION('',(-1.224646799147E-16,-1.,0.));
#6153 = ORIENTED_EDGE('',*,*,#5405,.F.);
#6154 = ORIENTED_EDGE('',*,*,#6155,.F.);
#6155 = EDGE_CURVE('',#5515,#5406,#6156,.T.);
#6156 = LINE('',#6157,#6158);
#6157 = CARTESIAN_POINT('',(-2.7,-1.2,5.E-02));
#6158 = VECTOR('',#6159,1.);
#6159 = DIRECTION('',(-1.224646799147E-16,-1.,0.));
#6160 = CYLINDRICAL_SURFACE('',#6161,5.E-02);
#6161 = AXIS2_PLACEMENT_3D('',#6162,#6163,#6164);
#6162 = CARTESIAN_POINT('',(-2.65,-1.2,5.E-02));
#6163 = DIRECTION('',(-1.224646799147E-16,-1.,0.));
#6164 = DIRECTION('',(-1.,1.224646799147E-16,0.));
#6165 = ADVANCED_FACE('',(#6166),#6172,.F.);
#6166 = FACE_BOUND('',#6167,.F.);
#6167 = EDGE_LOOP('',(#6168,#6169,#6170,#6171));
#6168 = ORIENTED_EDGE('',*,*,#5533,.T.);
#6169 = ORIENTED_EDGE('',*,*,#6148,.T.);
#6170 = ORIENTED_EDGE('',*,*,#5476,.T.);
#6171 = ORIENTED_EDGE('',*,*,#5844,.T.);
#6172 = PLANE('',#6173);
#6173 = AXIS2_PLACEMENT_3D('',#6174,#6175,#6176);
#6174 = CARTESIAN_POINT('',(-2.25,-1.65,0.));
#6175 = DIRECTION('',(0.,0.,1.));
#6176 = DIRECTION('',(-1.,1.224646799147E-16,0.));
#6177 = ADVANCED_FACE('',(#6178),#6189,.T.);
#6178 = FACE_BOUND('',#6179,.T.);
#6179 = EDGE_LOOP('',(#6180,#6181,#6182,#6188));
#6180 = ORIENTED_EDGE('',*,*,#6114,.F.);
#6181 = ORIENTED_EDGE('',*,*,#5559,.T.);
#6182 = ORIENTED_EDGE('',*,*,#6183,.T.);
#6183 = EDGE_CURVE('',#5560,#5442,#6184,.T.);
#6184 = LINE('',#6185,#6186);
#6185 = CARTESIAN_POINT('',(-2.6,-1.1,0.85));
#6186 = VECTOR('',#6187,1.);
#6187 = DIRECTION('',(-1.224646799147E-16,-1.,0.));
#6188 = ORIENTED_EDGE('',*,*,#5450,.T.);
#6189 = PLANE('',#6190);
#6190 = AXIS2_PLACEMENT_3D('',#6191,#6192,#6193);
#6191 = CARTESIAN_POINT('',(-2.6,-1.1,0.1));
#6192 = DIRECTION('',(1.,-1.224646799147E-16,0.));
#6193 = DIRECTION('',(-1.224646799147E-16,-1.,0.));
#6194 = ADVANCED_FACE('',(#6195),#6201,.F.);
#6195 = FACE_BOUND('',#6196,.F.);
#6196 = EDGE_LOOP('',(#6197,#6198,#6199,#6200));
#6197 = ORIENTED_EDGE('',*,*,#6183,.T.);
#6198 = ORIENTED_EDGE('',*,*,#5441,.F.);
#6199 = ORIENTED_EDGE('',*,*,#5499,.F.);
#6200 = ORIENTED_EDGE('',*,*,#5567,.T.);
#6201 = CYLINDRICAL_SURFACE('',#6202,5.E-02);
#6202 = AXIS2_PLACEMENT_3D('',#6203,#6204,#6205);
#6203 = CARTESIAN_POINT('',(-2.55,-1.1,0.85));
#6204 = DIRECTION('',(-1.224646799147E-16,-1.,0.));
#6205 = DIRECTION('',(-1.,1.224646799147E-16,0.));
#6206 = ADVANCED_FACE('',(#6207),#6213,.F.);
#6207 = FACE_BOUND('',#6208,.F.);
#6208 = EDGE_LOOP('',(#6209,#6210,#6211,#6212));
#6209 = ORIENTED_EDGE('',*,*,#5514,.T.);
#6210 = ORIENTED_EDGE('',*,*,#6131,.T.);
#6211 = ORIENTED_EDGE('',*,*,#5416,.F.);
#6212 = ORIENTED_EDGE('',*,*,#6155,.F.);
#6213 = PLANE('',#6214);
#6214 = AXIS2_PLACEMENT_3D('',#6215,#6216,#6217);
#6215 = CARTESIAN_POINT('',(-2.7,-1.2,0.));
#6216 = DIRECTION('',(1.,-1.224646799147E-16,0.));
#6217 = DIRECTION('',(-1.224646799147E-16,-1.,0.));
#6218 = ADVANCED_FACE('',(#6219),#6230,.T.);
#6219 = FACE_BOUND('',#6220,.T.);
#6220 = EDGE_LOOP('',(#6221,#6222,#6228,#6229));
#6221 = ORIENTED_EDGE('',*,*,#5795,.T.);
#6222 = ORIENTED_EDGE('',*,*,#6223,.T.);
#6223 = EDGE_CURVE('',#5735,#5635,#6224,.T.);
#6224 = LINE('',#6225,#6226);
#6225 = CARTESIAN_POINT('',(-2.7,2.1,0.95));
#6226 = VECTOR('',#6227,1.);
#6227 = DIRECTION('',(-1.224646799147E-16,-1.,0.));
#6228 = ORIENTED_EDGE('',*,*,#5642,.F.);
#6229 = ORIENTED_EDGE('',*,*,#5601,.F.);
#6230 = CYLINDRICAL_SURFACE('',#6231,5.E-02);
#6231 = AXIS2_PLACEMENT_3D('',#6232,#6233,#6234);
#6232 = CARTESIAN_POINT('',(-2.65,2.1,0.95));
#6233 = DIRECTION('',(-1.224646799147E-16,-1.,0.));
#6234 = DIRECTION('',(0.,0.,1.));
#6235 = ADVANCED_FACE('',(#6236),#6252,.T.);
#6236 = FACE_BOUND('',#6237,.T.);
#6237 = EDGE_LOOP('',(#6238,#6239,#6245,#6246));
#6238 = ORIENTED_EDGE('',*,*,#5742,.T.);
#6239 = ORIENTED_EDGE('',*,*,#6240,.T.);
#6240 = EDGE_CURVE('',#5743,#5626,#6241,.T.);
#6241 = LINE('',#6242,#6243);
#6242 = CARTESIAN_POINT('',(-2.65,2.1,-6.938893903907E-18));
#6243 = VECTOR('',#6244,1.);
#6244 = DIRECTION('',(-1.224646799147E-16,-1.,0.));
#6245 = ORIENTED_EDGE('',*,*,#5623,.F.);
#6246 = ORIENTED_EDGE('',*,*,#6247,.F.);
#6247 = EDGE_CURVE('',#5733,#5624,#6248,.T.);
#6248 = LINE('',#6249,#6250);
#6249 = CARTESIAN_POINT('',(-2.7,2.1,5.E-02));
#6250 = VECTOR('',#6251,1.);
#6251 = DIRECTION('',(-1.224646799147E-16,-1.,0.));
#6252 = CYLINDRICAL_SURFACE('',#6253,5.E-02);
#6253 = AXIS2_PLACEMENT_3D('',#6254,#6255,#6256);
#6254 = CARTESIAN_POINT('',(-2.65,2.1,5.E-02));
#6255 = DIRECTION('',(-1.224646799147E-16,-1.,0.));
#6256 = DIRECTION('',(-1.,1.224646799147E-16,0.));
#6257 = ADVANCED_FACE('',(#6258),#6264,.F.);
#6258 = FACE_BOUND('',#6259,.F.);
#6259 = EDGE_LOOP('',(#6260,#6261,#6262,#6263));
#6260 = ORIENTED_EDGE('',*,*,#5751,.T.);
#6261 = ORIENTED_EDGE('',*,*,#6240,.T.);
#6262 = ORIENTED_EDGE('',*,*,#5694,.T.);
#6263 = ORIENTED_EDGE('',*,*,#5861,.T.);
#6264 = PLANE('',#6265);
#6265 = AXIS2_PLACEMENT_3D('',#6266,#6267,#6268);
#6266 = CARTESIAN_POINT('',(-2.25,1.65,0.));
#6267 = DIRECTION('',(0.,0.,1.));
#6268 = DIRECTION('',(-1.,1.224646799147E-16,0.));
#6269 = ADVANCED_FACE('',(#6270),#6281,.T.);
#6270 = FACE_BOUND('',#6271,.T.);
#6271 = EDGE_LOOP('',(#6272,#6273,#6274,#6280));
#6272 = ORIENTED_EDGE('',*,*,#6097,.F.);
#6273 = ORIENTED_EDGE('',*,*,#5777,.T.);
#6274 = ORIENTED_EDGE('',*,*,#6275,.T.);
#6275 = EDGE_CURVE('',#5778,#5660,#6276,.T.);
#6276 = LINE('',#6277,#6278);
#6277 = CARTESIAN_POINT('',(-2.6,2.2,0.85));
#6278 = VECTOR('',#6279,1.);
#6279 = DIRECTION('',(-1.224646799147E-16,-1.,0.));
#6280 = ORIENTED_EDGE('',*,*,#5668,.T.);
#6281 = PLANE('',#6282);
#6282 = AXIS2_PLACEMENT_3D('',#6283,#6284,#6285);
#6283 = CARTESIAN_POINT('',(-2.6,2.2,0.1));
#6284 = DIRECTION('',(1.,-1.224646799147E-16,0.));
#6285 = DIRECTION('',(-1.224646799147E-16,-1.,0.));
#6286 = ADVANCED_FACE('',(#6287),#6293,.F.);
#6287 = FACE_BOUND('',#6288,.F.);
#6288 = EDGE_LOOP('',(#6289,#6290,#6291,#6292));
#6289 = ORIENTED_EDGE('',*,*,#6275,.T.);
#6290 = ORIENTED_EDGE('',*,*,#5659,.F.);
#6291 = ORIENTED_EDGE('',*,*,#5717,.F.);
#6292 = ORIENTED_EDGE('',*,*,#5785,.T.);
#6293 = CYLINDRICAL_SURFACE('',#6294,5.E-02);
#6294 = AXIS2_PLACEMENT_3D('',#6295,#6296,#6297);
#6295 = CARTESIAN_POINT('',(-2.55,2.2,0.85));
#6296 = DIRECTION('',(-1.224646799147E-16,-1.,0.));
#6297 = DIRECTION('',(-1.,1.224646799147E-16,0.));
#6298 = ADVANCED_FACE('',(#6299),#6305,.F.);
#6299 = FACE_BOUND('',#6300,.F.);
#6300 = EDGE_LOOP('',(#6301,#6302,#6303,#6304));
#6301 = ORIENTED_EDGE('',*,*,#5732,.T.);
#6302 = ORIENTED_EDGE('',*,*,#6223,.T.);
#6303 = ORIENTED_EDGE('',*,*,#5634,.F.);
#6304 = ORIENTED_EDGE('',*,*,#6247,.F.);
#6305 = PLANE('',#6306);
#6306 = AXIS2_PLACEMENT_3D('',#6307,#6308,#6309);
#6307 = CARTESIAN_POINT('',(-2.7,2.1,0.));
#6308 = DIRECTION('',(1.,-1.224646799147E-16,0.));
#6309 = DIRECTION('',(-1.224646799147E-16,-1.,0.));
#6310 = ( GEOMETRIC_REPRESENTATION_CONTEXT(3) 
GLOBAL_UNCERTAINTY_ASSIGNED_CONTEXT((#6314)) 
GLOBAL_UNIT_ASSIGNED_CONTEXT((#6311,#6312,#6313)) REPRESENTATION_CONTEXT
('Context #1','3D Context with UNIT and UNCERTAINTY') );
#6311 = ( LENGTH_UNIT() NAMED_UNIT(*) SI_UNIT(.MILLI.,.METRE.) );
#6312 = ( NAMED_UNIT(*) PLANE_ANGLE_UNIT() SI_UNIT($,.RADIAN.) );
#6313 = ( NAMED_UNIT(*) SI_UNIT($,.STERADIAN.) SOLID_ANGLE_UNIT() );
#6314 = UNCERTAINTY_MEASURE_WITH_UNIT(LENGTH_MEASURE(1.E-07),#6311,
  'distance_accuracy_value','confusion accuracy');
#6315 = CONTEXT_DEPENDENT_SHAPE_REPRESENTATION(#6316,#6318);
#6316 = ( REPRESENTATION_RELATIONSHIP('','',#4042,#10) 
REPRESENTATION_RELATIONSHIP_WITH_TRANSFORMATION(#6317) 
SHAPE_REPRESENTATION_RELATIONSHIP() );
#6317 = ITEM_DEFINED_TRANSFORMATION('','',#11,#19);
#6318 = PRODUCT_DEFINITION_SHAPE('Placement','Placement of an item',
  #6319);
#6319 = NEXT_ASSEMBLY_USAGE_OCCURRENCE('2','D1','',#5,#4037,$);
#6320 = PRODUCT_RELATED_PRODUCT_CATEGORY('part',$,(#4039));
#6321 = SHAPE_DEFINITION_REPRESENTATION(#6322,#6328);
#6322 = PRODUCT_DEFINITION_SHAPE('','',#6323);
#6323 = PRODUCT_DEFINITION('design','',#6324,#6327);
#6324 = PRODUCT_DEFINITION_FORMATION('','',#6325);
#6325 = PRODUCT('R_LDR_5.1x4.3mm_P3.4mm_Vertical',
  'R_LDR_5.1x4.3mm_P3.4mm_Vertical','',(#6326));
#6326 = PRODUCT_CONTEXT('',#2,'mechanical');
#6327 = PRODUCT_DEFINITION_CONTEXT('part definition',#2,'design');
#6328 = SHAPE_REPRESENTATION('',(#11,#6329,#6663),#8001);
#6329 = MANIFOLD_SOLID_BREP('',#6330);
#6330 = CLOSED_SHELL('',(#6331,#6373,#6404,#6435,#6475,#6515,#6527,#6552
    ,#6577,#6602,#6627,#6636,#6645,#6654));
#6331 = ADVANCED_FACE('',(#6332),#6368,.T.);
#6332 = FACE_BOUND('',#6333,.T.);
#6333 = EDGE_LOOP('',(#6334,#6344,#6353,#6361));
#6334 = ORIENTED_EDGE('',*,*,#6335,.T.);
#6335 = EDGE_CURVE('',#6336,#6338,#6340,.T.);
#6336 = VERTEX_POINT('',#6337);
#6337 = CARTESIAN_POINT('',(0.32886907992,2.15,3.9));
#6338 = VERTEX_POINT('',#6339);
#6339 = CARTESIAN_POINT('',(0.32886907992,2.15,2.4));
#6340 = LINE('',#6341,#6342);
#6341 = CARTESIAN_POINT('',(0.32886907992,2.15,3.9));
#6342 = VECTOR('',#6343,1.);
#6343 = DIRECTION('',(-0.,-0.,-1.));
#6344 = ORIENTED_EDGE('',*,*,#6345,.T.);
#6345 = EDGE_CURVE('',#6338,#6346,#6348,.T.);
#6346 = VERTEX_POINT('',#6347);
#6347 = CARTESIAN_POINT('',(0.32886907992,-2.15,2.4));
#6348 = CIRCLE('',#6349,2.55);
#6349 = AXIS2_PLACEMENT_3D('',#6350,#6351,#6352);
#6350 = CARTESIAN_POINT('',(1.7,0.,2.4));
#6351 = DIRECTION('',(0.,0.,1.));
#6352 = DIRECTION('',(1.,0.,-0.));
#6353 = ORIENTED_EDGE('',*,*,#6354,.F.);
#6354 = EDGE_CURVE('',#6355,#6346,#6357,.T.);
#6355 = VERTEX_POINT('',#6356);
#6356 = CARTESIAN_POINT('',(0.32886907992,-2.15,3.9));
#6357 = LINE('',#6358,#6359);
#6358 = CARTESIAN_POINT('',(0.32886907992,-2.15,3.9));
#6359 = VECTOR('',#6360,1.);
#6360 = DIRECTION('',(-0.,-0.,-1.));
#6361 = ORIENTED_EDGE('',*,*,#6362,.F.);
#6362 = EDGE_CURVE('',#6336,#6355,#6363,.T.);
#6363 = CIRCLE('',#6364,2.55);
#6364 = AXIS2_PLACEMENT_3D('',#6365,#6366,#6367);
#6365 = CARTESIAN_POINT('',(1.7,0.,3.9));
#6366 = DIRECTION('',(0.,0.,1.));
#6367 = DIRECTION('',(1.,0.,-0.));
#6368 = CYLINDRICAL_SURFACE('',#6369,2.55);
#6369 = AXIS2_PLACEMENT_3D('',#6370,#6371,#6372);
#6370 = CARTESIAN_POINT('',(1.7,0.,3.9));
#6371 = DIRECTION('',(0.,0.,1.));
#6372 = DIRECTION('',(1.,0.,-0.));
#6373 = ADVANCED_FACE('',(#6374),#6399,.F.);
#6374 = FACE_BOUND('',#6375,.F.);
#6375 = EDGE_LOOP('',(#6376,#6377,#6385,#6393));
#6376 = ORIENTED_EDGE('',*,*,#6335,.T.);
#6377 = ORIENTED_EDGE('',*,*,#6378,.T.);
#6378 = EDGE_CURVE('',#6338,#6379,#6381,.T.);
#6379 = VERTEX_POINT('',#6380);
#6380 = CARTESIAN_POINT('',(3.07113092008,2.15,2.4));
#6381 = LINE('',#6382,#6383);
#6382 = CARTESIAN_POINT('',(0.32886907992,2.15,2.4));
#6383 = VECTOR('',#6384,1.);
#6384 = DIRECTION('',(1.,0.,0.));
#6385 = ORIENTED_EDGE('',*,*,#6386,.F.);
#6386 = EDGE_CURVE('',#6387,#6379,#6389,.T.);
#6387 = VERTEX_POINT('',#6388);
#6388 = CARTESIAN_POINT('',(3.07113092008,2.15,3.9));
#6389 = LINE('',#6390,#6391);
#6390 = CARTESIAN_POINT('',(3.07113092008,2.15,3.9));
#6391 = VECTOR('',#6392,1.);
#6392 = DIRECTION('',(-0.,-0.,-1.));
#6393 = ORIENTED_EDGE('',*,*,#6394,.F.);
#6394 = EDGE_CURVE('',#6336,#6387,#6395,.T.);
#6395 = LINE('',#6396,#6397);
#6396 = CARTESIAN_POINT('',(0.32886907992,2.15,3.9));
#6397 = VECTOR('',#6398,1.);
#6398 = DIRECTION('',(1.,0.,0.));
#6399 = PLANE('',#6400);
#6400 = AXIS2_PLACEMENT_3D('',#6401,#6402,#6403);
#6401 = CARTESIAN_POINT('',(0.32886907992,2.15,3.9));
#6402 = DIRECTION('',(0.,-1.,0.));
#6403 = DIRECTION('',(1.,0.,0.));
#6404 = ADVANCED_FACE('',(#6405),#6430,.T.);
#6405 = FACE_BOUND('',#6406,.T.);
#6406 = EDGE_LOOP('',(#6407,#6408,#6416,#6424));
#6407 = ORIENTED_EDGE('',*,*,#6354,.T.);
#6408 = ORIENTED_EDGE('',*,*,#6409,.T.);
#6409 = EDGE_CURVE('',#6346,#6410,#6412,.T.);
#6410 = VERTEX_POINT('',#6411);
#6411 = CARTESIAN_POINT('',(3.07113092008,-2.15,2.4));
#6412 = LINE('',#6413,#6414);
#6413 = CARTESIAN_POINT('',(0.32886907992,-2.15,2.4));
#6414 = VECTOR('',#6415,1.);
#6415 = DIRECTION('',(1.,0.,0.));
#6416 = ORIENTED_EDGE('',*,*,#6417,.F.);
#6417 = EDGE_CURVE('',#6418,#6410,#6420,.T.);
#6418 = VERTEX_POINT('',#6419);
#6419 = CARTESIAN_POINT('',(3.07113092008,-2.15,3.9));
#6420 = LINE('',#6421,#6422);
#6421 = CARTESIAN_POINT('',(3.07113092008,-2.15,3.9));
#6422 = VECTOR('',#6423,1.);
#6423 = DIRECTION('',(-0.,-0.,-1.));
#6424 = ORIENTED_EDGE('',*,*,#6425,.F.);
#6425 = EDGE_CURVE('',#6355,#6418,#6426,.T.);
#6426 = LINE('',#6427,#6428);
#6427 = CARTESIAN_POINT('',(0.32886907992,-2.15,3.9));
#6428 = VECTOR('',#6429,1.);
#6429 = DIRECTION('',(1.,0.,0.));
#6430 = PLANE('',#6431);
#6431 = AXIS2_PLACEMENT_3D('',#6432,#6433,#6434);
#6432 = CARTESIAN_POINT('',(0.32886907992,-2.15,3.9));
#6433 = DIRECTION('',(0.,-1.,0.));
#6434 = DIRECTION('',(1.,0.,0.));
#6435 = ADVANCED_FACE('',(#6436,#6448,#6459),#6470,.F.);
#6436 = FACE_BOUND('',#6437,.F.);
#6437 = EDGE_LOOP('',(#6438,#6439,#6440,#6447));
#6438 = ORIENTED_EDGE('',*,*,#6362,.F.);
#6439 = ORIENTED_EDGE('',*,*,#6394,.T.);
#6440 = ORIENTED_EDGE('',*,*,#6441,.F.);
#6441 = EDGE_CURVE('',#6418,#6387,#6442,.T.);
#6442 = CIRCLE('',#6443,2.55);
#6443 = AXIS2_PLACEMENT_3D('',#6444,#6445,#6446);
#6444 = CARTESIAN_POINT('',(1.7,0.,3.9));
#6445 = DIRECTION('',(0.,0.,1.));
#6446 = DIRECTION('',(1.,0.,-0.));
#6447 = ORIENTED_EDGE('',*,*,#6425,.F.);
#6448 = FACE_BOUND('',#6449,.F.);
#6449 = EDGE_LOOP('',(#6450));
#6450 = ORIENTED_EDGE('',*,*,#6451,.F.);
#6451 = EDGE_CURVE('',#6452,#6452,#6454,.T.);
#6452 = VERTEX_POINT('',#6453);
#6453 = CARTESIAN_POINT('',(3.65,0.,3.9));
#6454 = CIRCLE('',#6455,0.25);
#6455 = AXIS2_PLACEMENT_3D('',#6456,#6457,#6458);
#6456 = CARTESIAN_POINT('',(3.4,0.,3.9));
#6457 = DIRECTION('',(0.,0.,-1.));
#6458 = DIRECTION('',(1.,0.,0.));
#6459 = FACE_BOUND('',#6460,.F.);
#6460 = EDGE_LOOP('',(#6461));
#6461 = ORIENTED_EDGE('',*,*,#6462,.F.);
#6462 = EDGE_CURVE('',#6463,#6463,#6465,.T.);
#6463 = VERTEX_POINT('',#6464);
#6464 = CARTESIAN_POINT('',(0.25,0.,3.9));
#6465 = CIRCLE('',#6466,0.25);
#6466 = AXIS2_PLACEMENT_3D('',#6467,#6468,#6469);
#6467 = CARTESIAN_POINT('',(0.,0.,3.9));
#6468 = DIRECTION('',(0.,0.,-1.));
#6469 = DIRECTION('',(1.,0.,0.));
#6470 = PLANE('',#6471);
#6471 = AXIS2_PLACEMENT_3D('',#6472,#6473,#6474);
#6472 = CARTESIAN_POINT('',(0.32886907992,2.15,3.9));
#6473 = DIRECTION('',(0.,0.,-1.));
#6474 = DIRECTION('',(-1.,0.,0.));
#6475 = ADVANCED_FACE('',(#6476,#6488,#6499),#6510,.T.);
#6476 = FACE_BOUND('',#6477,.T.);
#6477 = EDGE_LOOP('',(#6478,#6479,#6480,#6487));
#6478 = ORIENTED_EDGE('',*,*,#6345,.F.);
#6479 = ORIENTED_EDGE('',*,*,#6378,.T.);
#6480 = ORIENTED_EDGE('',*,*,#6481,.F.);
#6481 = EDGE_CURVE('',#6410,#6379,#6482,.T.);
#6482 = CIRCLE('',#6483,2.55);
#6483 = AXIS2_PLACEMENT_3D('',#6484,#6485,#6486);
#6484 = CARTESIAN_POINT('',(1.7,0.,2.4));
#6485 = DIRECTION('',(0.,0.,1.));
#6486 = DIRECTION('',(1.,0.,-0.));
#6487 = ORIENTED_EDGE('',*,*,#6409,.F.);
#6488 = FACE_BOUND('',#6489,.T.);
#6489 = EDGE_LOOP('',(#6490));
#6490 = ORIENTED_EDGE('',*,*,#6491,.F.);
#6491 = EDGE_CURVE('',#6492,#6492,#6494,.T.);
#6492 = VERTEX_POINT('',#6493);
#6493 = CARTESIAN_POINT('',(3.65,0.,2.4));
#6494 = CIRCLE('',#6495,0.25);
#6495 = AXIS2_PLACEMENT_3D('',#6496,#6497,#6498);
#6496 = CARTESIAN_POINT('',(3.4,0.,2.4));
#6497 = DIRECTION('',(0.,0.,-1.));
#6498 = DIRECTION('',(1.,0.,0.));
#6499 = FACE_BOUND('',#6500,.T.);
#6500 = EDGE_LOOP('',(#6501));
#6501 = ORIENTED_EDGE('',*,*,#6502,.F.);
#6502 = EDGE_CURVE('',#6503,#6503,#6505,.T.);
#6503 = VERTEX_POINT('',#6504);
#6504 = CARTESIAN_POINT('',(0.25,0.,2.4));
#6505 = CIRCLE('',#6506,0.25);
#6506 = AXIS2_PLACEMENT_3D('',#6507,#6508,#6509);
#6507 = CARTESIAN_POINT('',(0.,0.,2.4));
#6508 = DIRECTION('',(0.,0.,-1.));
#6509 = DIRECTION('',(1.,0.,0.));
#6510 = PLANE('',#6511);
#6511 = AXIS2_PLACEMENT_3D('',#6512,#6513,#6514);
#6512 = CARTESIAN_POINT('',(0.32886907992,2.15,2.4));
#6513 = DIRECTION('',(0.,0.,-1.));
#6514 = DIRECTION('',(-1.,0.,0.));
#6515 = ADVANCED_FACE('',(#6516),#6522,.T.);
#6516 = FACE_BOUND('',#6517,.T.);
#6517 = EDGE_LOOP('',(#6518,#6519,#6520,#6521));
#6518 = ORIENTED_EDGE('',*,*,#6417,.T.);
#6519 = ORIENTED_EDGE('',*,*,#6481,.T.);
#6520 = ORIENTED_EDGE('',*,*,#6386,.F.);
#6521 = ORIENTED_EDGE('',*,*,#6441,.F.);
#6522 = CYLINDRICAL_SURFACE('',#6523,2.55);
#6523 = AXIS2_PLACEMENT_3D('',#6524,#6525,#6526);
#6524 = CARTESIAN_POINT('',(1.7,0.,3.9));
#6525 = DIRECTION('',(0.,0.,1.));
#6526 = DIRECTION('',(1.,0.,-0.));
#6527 = ADVANCED_FACE('',(#6528),#6547,.T.);
#6528 = FACE_BOUND('',#6529,.T.);
#6529 = EDGE_LOOP('',(#6530,#6538,#6545,#6546));
#6530 = ORIENTED_EDGE('',*,*,#6531,.T.);
#6531 = EDGE_CURVE('',#6452,#6532,#6534,.T.);
#6532 = VERTEX_POINT('',#6533);
#6533 = CARTESIAN_POINT('',(3.65,0.,4.));
#6534 = LINE('',#6535,#6536);
#6535 = CARTESIAN_POINT('',(3.65,0.,-3.));
#6536 = VECTOR('',#6537,1.);
#6537 = DIRECTION('',(0.,0.,1.));
#6538 = ORIENTED_EDGE('',*,*,#6539,.F.);
#6539 = EDGE_CURVE('',#6532,#6532,#6540,.T.);
#6540 = CIRCLE('',#6541,0.25);
#6541 = AXIS2_PLACEMENT_3D('',#6542,#6543,#6544);
#6542 = CARTESIAN_POINT('',(3.4,0.,4.));
#6543 = DIRECTION('',(0.,0.,1.));
#6544 = DIRECTION('',(1.,0.,-0.));
#6545 = ORIENTED_EDGE('',*,*,#6531,.F.);
#6546 = ORIENTED_EDGE('',*,*,#6451,.F.);
#6547 = CYLINDRICAL_SURFACE('',#6548,0.25);
#6548 = AXIS2_PLACEMENT_3D('',#6549,#6550,#6551);
#6549 = CARTESIAN_POINT('',(3.4,0.,-3.));
#6550 = DIRECTION('',(-0.,-0.,-1.));
#6551 = DIRECTION('',(1.,0.,0.));
#6552 = ADVANCED_FACE('',(#6553),#6572,.T.);
#6553 = FACE_BOUND('',#6554,.T.);
#6554 = EDGE_LOOP('',(#6555,#6563,#6570,#6571));
#6555 = ORIENTED_EDGE('',*,*,#6556,.T.);
#6556 = EDGE_CURVE('',#6463,#6557,#6559,.T.);
#6557 = VERTEX_POINT('',#6558);
#6558 = CARTESIAN_POINT('',(0.25,0.,4.));
#6559 = LINE('',#6560,#6561);
#6560 = CARTESIAN_POINT('',(0.25,0.,-3.));
#6561 = VECTOR('',#6562,1.);
#6562 = DIRECTION('',(0.,0.,1.));
#6563 = ORIENTED_EDGE('',*,*,#6564,.F.);
#6564 = EDGE_CURVE('',#6557,#6557,#6565,.T.);
#6565 = CIRCLE('',#6566,0.25);
#6566 = AXIS2_PLACEMENT_3D('',#6567,#6568,#6569);
#6567 = CARTESIAN_POINT('',(0.,0.,4.));
#6568 = DIRECTION('',(0.,0.,1.));
#6569 = DIRECTION('',(1.,0.,-0.));
#6570 = ORIENTED_EDGE('',*,*,#6556,.F.);
#6571 = ORIENTED_EDGE('',*,*,#6462,.F.);
#6572 = CYLINDRICAL_SURFACE('',#6573,0.25);
#6573 = AXIS2_PLACEMENT_3D('',#6574,#6575,#6576);
#6574 = CARTESIAN_POINT('',(0.,0.,-3.));
#6575 = DIRECTION('',(-0.,-0.,-1.));
#6576 = DIRECTION('',(1.,0.,0.));
#6577 = ADVANCED_FACE('',(#6578),#6597,.T.);
#6578 = FACE_BOUND('',#6579,.T.);
#6579 = EDGE_LOOP('',(#6580,#6588,#6589,#6590));
#6580 = ORIENTED_EDGE('',*,*,#6581,.T.);
#6581 = EDGE_CURVE('',#6582,#6492,#6584,.T.);
#6582 = VERTEX_POINT('',#6583);
#6583 = CARTESIAN_POINT('',(3.65,0.,-3.));
#6584 = LINE('',#6585,#6586);
#6585 = CARTESIAN_POINT('',(3.65,0.,-3.));
#6586 = VECTOR('',#6587,1.);
#6587 = DIRECTION('',(0.,0.,1.));
#6588 = ORIENTED_EDGE('',*,*,#6491,.T.);
#6589 = ORIENTED_EDGE('',*,*,#6581,.F.);
#6590 = ORIENTED_EDGE('',*,*,#6591,.T.);
#6591 = EDGE_CURVE('',#6582,#6582,#6592,.T.);
#6592 = CIRCLE('',#6593,0.25);
#6593 = AXIS2_PLACEMENT_3D('',#6594,#6595,#6596);
#6594 = CARTESIAN_POINT('',(3.4,0.,-3.));
#6595 = DIRECTION('',(0.,0.,1.));
#6596 = DIRECTION('',(1.,0.,-0.));
#6597 = CYLINDRICAL_SURFACE('',#6598,0.25);
#6598 = AXIS2_PLACEMENT_3D('',#6599,#6600,#6601);
#6599 = CARTESIAN_POINT('',(3.4,0.,-3.));
#6600 = DIRECTION('',(-0.,-0.,-1.));
#6601 = DIRECTION('',(1.,0.,0.));
#6602 = ADVANCED_FACE('',(#6603),#6622,.T.);
#6603 = FACE_BOUND('',#6604,.T.);
#6604 = EDGE_LOOP('',(#6605,#6613,#6614,#6615));
#6605 = ORIENTED_EDGE('',*,*,#6606,.T.);
#6606 = EDGE_CURVE('',#6607,#6503,#6609,.T.);
#6607 = VERTEX_POINT('',#6608);
#6608 = CARTESIAN_POINT('',(0.25,0.,-3.));
#6609 = LINE('',#6610,#6611);
#6610 = CARTESIAN_POINT('',(0.25,0.,-3.));
#6611 = VECTOR('',#6612,1.);
#6612 = DIRECTION('',(0.,0.,1.));
#6613 = ORIENTED_EDGE('',*,*,#6502,.T.);
#6614 = ORIENTED_EDGE('',*,*,#6606,.F.);
#6615 = ORIENTED_EDGE('',*,*,#6616,.T.);
#6616 = EDGE_CURVE('',#6607,#6607,#6617,.T.);
#6617 = CIRCLE('',#6618,0.25);
#6618 = AXIS2_PLACEMENT_3D('',#6619,#6620,#6621);
#6619 = CARTESIAN_POINT('',(0.,0.,-3.));
#6620 = DIRECTION('',(0.,0.,1.));
#6621 = DIRECTION('',(1.,0.,-0.));
#6622 = CYLINDRICAL_SURFACE('',#6623,0.25);
#6623 = AXIS2_PLACEMENT_3D('',#6624,#6625,#6626);
#6624 = CARTESIAN_POINT('',(0.,0.,-3.));
#6625 = DIRECTION('',(-0.,-0.,-1.));
#6626 = DIRECTION('',(1.,0.,0.));
#6627 = ADVANCED_FACE('',(#6628),#6631,.F.);
#6628 = FACE_BOUND('',#6629,.T.);
#6629 = EDGE_LOOP('',(#6630));
#6630 = ORIENTED_EDGE('',*,*,#6539,.T.);
#6631 = PLANE('',#6632);
#6632 = AXIS2_PLACEMENT_3D('',#6633,#6634,#6635);
#6633 = CARTESIAN_POINT('',(3.65,0.,4.));
#6634 = DIRECTION('',(0.,0.,-1.));
#6635 = DIRECTION('',(-1.,0.,0.));
#6636 = ADVANCED_FACE('',(#6637),#6640,.F.);
#6637 = FACE_BOUND('',#6638,.T.);
#6638 = EDGE_LOOP('',(#6639));
#6639 = ORIENTED_EDGE('',*,*,#6564,.T.);
#6640 = PLANE('',#6641);
#6641 = AXIS2_PLACEMENT_3D('',#6642,#6643,#6644);
#6642 = CARTESIAN_POINT('',(0.25,0.,4.));
#6643 = DIRECTION('',(0.,0.,-1.));
#6644 = DIRECTION('',(-1.,0.,0.));
#6645 = ADVANCED_FACE('',(#6646),#6649,.T.);
#6646 = FACE_BOUND('',#6647,.F.);
#6647 = EDGE_LOOP('',(#6648));
#6648 = ORIENTED_EDGE('',*,*,#6591,.T.);
#6649 = PLANE('',#6650);
#6650 = AXIS2_PLACEMENT_3D('',#6651,#6652,#6653);
#6651 = CARTESIAN_POINT('',(3.65,0.,-3.));
#6652 = DIRECTION('',(0.,0.,-1.));
#6653 = DIRECTION('',(-1.,0.,0.));
#6654 = ADVANCED_FACE('',(#6655),#6658,.T.);
#6655 = FACE_BOUND('',#6656,.F.);
#6656 = EDGE_LOOP('',(#6657));
#6657 = ORIENTED_EDGE('',*,*,#6616,.T.);
#6658 = PLANE('',#6659);
#6659 = AXIS2_PLACEMENT_3D('',#6660,#6661,#6662);
#6660 = CARTESIAN_POINT('',(0.25,0.,-3.));
#6661 = DIRECTION('',(0.,0.,-1.));
#6662 = DIRECTION('',(-1.,0.,0.));
#6663 = MANIFOLD_SOLID_BREP('',#6664);
#6664 = CLOSED_SHELL('',(#6665,#6705,#6736,#6767,#6798,#6829,#6860,#6891
    ,#6922,#6953,#6984,#7015,#7046,#7077,#7108,#7139,#7170,#7201,#7232,
    #7263,#7294,#7325,#7356,#7387,#7418,#7449,#7480,#7511,#7542,#7573,
    #7604,#7635,#7666,#7697,#7728,#7759,#7790,#7821,#7852,#7883,#7905,
    #7953));
#6665 = ADVANCED_FACE('',(#6666),#6700,.F.);
#6666 = FACE_BOUND('',#6667,.F.);
#6667 = EDGE_LOOP('',(#6668,#6678,#6686,#6694));
#6668 = ORIENTED_EDGE('',*,*,#6669,.T.);
#6669 = EDGE_CURVE('',#6670,#6672,#6674,.T.);
#6670 = VERTEX_POINT('',#6671);
#6671 = CARTESIAN_POINT('',(2.89,1.835,3.95));
#6672 = VERTEX_POINT('',#6673);
#6673 = CARTESIAN_POINT('',(2.89,1.835,4.));
#6674 = LINE('',#6675,#6676);
#6675 = CARTESIAN_POINT('',(2.89,1.835,3.95));
#6676 = VECTOR('',#6677,1.);
#6677 = DIRECTION('',(0.,0.,1.));
#6678 = ORIENTED_EDGE('',*,*,#6679,.T.);
#6679 = EDGE_CURVE('',#6672,#6680,#6682,.T.);
#6680 = VERTEX_POINT('',#6681);
#6681 = CARTESIAN_POINT('',(2.89,1.935,4.));
#6682 = LINE('',#6683,#6684);
#6683 = CARTESIAN_POINT('',(2.89,1.835,4.));
#6684 = VECTOR('',#6685,1.);
#6685 = DIRECTION('',(0.,1.,0.));
#6686 = ORIENTED_EDGE('',*,*,#6687,.F.);
#6687 = EDGE_CURVE('',#6688,#6680,#6690,.T.);
#6688 = VERTEX_POINT('',#6689);
#6689 = CARTESIAN_POINT('',(2.89,1.935,3.95));
#6690 = LINE('',#6691,#6692);
#6691 = CARTESIAN_POINT('',(2.89,1.935,3.95));
#6692 = VECTOR('',#6693,1.);
#6693 = DIRECTION('',(0.,0.,1.));
#6694 = ORIENTED_EDGE('',*,*,#6695,.F.);
#6695 = EDGE_CURVE('',#6670,#6688,#6696,.T.);
#6696 = LINE('',#6697,#6698);
#6697 = CARTESIAN_POINT('',(2.89,1.835,3.95));
#6698 = VECTOR('',#6699,1.);
#6699 = DIRECTION('',(0.,1.,0.));
#6700 = PLANE('',#6701);
#6701 = AXIS2_PLACEMENT_3D('',#6702,#6703,#6704);
#6702 = CARTESIAN_POINT('',(2.89,1.835,3.95));
#6703 = DIRECTION('',(-1.,0.,0.));
#6704 = DIRECTION('',(0.,1.,0.));
#6705 = ADVANCED_FACE('',(#6706),#6731,.F.);
#6706 = FACE_BOUND('',#6707,.F.);
#6707 = EDGE_LOOP('',(#6708,#6709,#6717,#6725));
#6708 = ORIENTED_EDGE('',*,*,#6687,.T.);
#6709 = ORIENTED_EDGE('',*,*,#6710,.T.);
#6710 = EDGE_CURVE('',#6680,#6711,#6713,.T.);
#6711 = VERTEX_POINT('',#6712);
#6712 = CARTESIAN_POINT('',(0.425,1.935,4.));
#6713 = LINE('',#6714,#6715);
#6714 = CARTESIAN_POINT('',(2.89,1.935,4.));
#6715 = VECTOR('',#6716,1.);
#6716 = DIRECTION('',(-1.,0.,0.));
#6717 = ORIENTED_EDGE('',*,*,#6718,.F.);
#6718 = EDGE_CURVE('',#6719,#6711,#6721,.T.);
#6719 = VERTEX_POINT('',#6720);
#6720 = CARTESIAN_POINT('',(0.425,1.935,3.95));
#6721 = LINE('',#6722,#6723);
#6722 = CARTESIAN_POINT('',(0.425,1.935,3.95));
#6723 = VECTOR('',#6724,1.);
#6724 = DIRECTION('',(0.,0.,1.));
#6725 = ORIENTED_EDGE('',*,*,#6726,.F.);
#6726 = EDGE_CURVE('',#6688,#6719,#6727,.T.);
#6727 = LINE('',#6728,#6729);
#6728 = CARTESIAN_POINT('',(2.89,1.935,3.95));
#6729 = VECTOR('',#6730,1.);
#6730 = DIRECTION('',(-1.,0.,0.));
#6731 = PLANE('',#6732);
#6732 = AXIS2_PLACEMENT_3D('',#6733,#6734,#6735);
#6733 = CARTESIAN_POINT('',(2.89,1.935,3.95));
#6734 = DIRECTION('',(0.,-1.,0.));
#6735 = DIRECTION('',(-1.,0.,0.));
#6736 = ADVANCED_FACE('',(#6737),#6762,.F.);
#6737 = FACE_BOUND('',#6738,.F.);
#6738 = EDGE_LOOP('',(#6739,#6740,#6748,#6756));
#6739 = ORIENTED_EDGE('',*,*,#6718,.T.);
#6740 = ORIENTED_EDGE('',*,*,#6741,.T.);
#6741 = EDGE_CURVE('',#6711,#6742,#6744,.T.);
#6742 = VERTEX_POINT('',#6743);
#6743 = CARTESIAN_POINT('',(0.425,1.835,4.));
#6744 = LINE('',#6745,#6746);
#6745 = CARTESIAN_POINT('',(0.425,1.935,4.));
#6746 = VECTOR('',#6747,1.);
#6747 = DIRECTION('',(0.,-1.,0.));
#6748 = ORIENTED_EDGE('',*,*,#6749,.F.);
#6749 = EDGE_CURVE('',#6750,#6742,#6752,.T.);
#6750 = VERTEX_POINT('',#6751);
#6751 = CARTESIAN_POINT('',(0.425,1.835,3.95));
#6752 = LINE('',#6753,#6754);
#6753 = CARTESIAN_POINT('',(0.425,1.835,3.95));
#6754 = VECTOR('',#6755,1.);
#6755 = DIRECTION('',(0.,0.,1.));
#6756 = ORIENTED_EDGE('',*,*,#6757,.F.);
#6757 = EDGE_CURVE('',#6719,#6750,#6758,.T.);
#6758 = LINE('',#6759,#6760);
#6759 = CARTESIAN_POINT('',(0.425,1.935,3.95));
#6760 = VECTOR('',#6761,1.);
#6761 = DIRECTION('',(0.,-1.,0.));
#6762 = PLANE('',#6763);
#6763 = AXIS2_PLACEMENT_3D('',#6764,#6765,#6766);
#6764 = CARTESIAN_POINT('',(0.425,1.935,3.95));
#6765 = DIRECTION('',(1.,0.,0.));
#6766 = DIRECTION('',(0.,-1.,0.));
#6767 = ADVANCED_FACE('',(#6768),#6793,.F.);
#6768 = FACE_BOUND('',#6769,.F.);
#6769 = EDGE_LOOP('',(#6770,#6771,#6779,#6787));
#6770 = ORIENTED_EDGE('',*,*,#6749,.T.);
#6771 = ORIENTED_EDGE('',*,*,#6772,.T.);
#6772 = EDGE_CURVE('',#6742,#6773,#6775,.T.);
#6773 = VERTEX_POINT('',#6774);
#6774 = CARTESIAN_POINT('',(2.79,1.835,4.));
#6775 = LINE('',#6776,#6777);
#6776 = CARTESIAN_POINT('',(0.425,1.835,4.));
#6777 = VECTOR('',#6778,1.);
#6778 = DIRECTION('',(1.,0.,0.));
#6779 = ORIENTED_EDGE('',*,*,#6780,.F.);
#6780 = EDGE_CURVE('',#6781,#6773,#6783,.T.);
#6781 = VERTEX_POINT('',#6782);
#6782 = CARTESIAN_POINT('',(2.79,1.835,3.95));
#6783 = LINE('',#6784,#6785);
#6784 = CARTESIAN_POINT('',(2.79,1.835,3.95));
#6785 = VECTOR('',#6786,1.);
#6786 = DIRECTION('',(0.,0.,1.));
#6787 = ORIENTED_EDGE('',*,*,#6788,.F.);
#6788 = EDGE_CURVE('',#6750,#6781,#6789,.T.);
#6789 = LINE('',#6790,#6791);
#6790 = CARTESIAN_POINT('',(0.425,1.835,3.95));
#6791 = VECTOR('',#6792,1.);
#6792 = DIRECTION('',(1.,0.,0.));
#6793 = PLANE('',#6794);
#6794 = AXIS2_PLACEMENT_3D('',#6795,#6796,#6797);
#6795 = CARTESIAN_POINT('',(0.425,1.835,3.95));
#6796 = DIRECTION('',(0.,1.,0.));
#6797 = DIRECTION('',(1.,0.,0.));
#6798 = ADVANCED_FACE('',(#6799),#6824,.T.);
#6799 = FACE_BOUND('',#6800,.T.);
#6800 = EDGE_LOOP('',(#6801,#6811,#6817,#6818));
#6801 = ORIENTED_EDGE('',*,*,#6802,.T.);
#6802 = EDGE_CURVE('',#6803,#6805,#6807,.T.);
#6803 = VERTEX_POINT('',#6804);
#6804 = CARTESIAN_POINT('',(2.79,1.306666666667,3.95));
#6805 = VERTEX_POINT('',#6806);
#6806 = CARTESIAN_POINT('',(2.79,1.306666666667,4.));
#6807 = LINE('',#6808,#6809);
#6808 = CARTESIAN_POINT('',(2.79,1.306666666667,3.95));
#6809 = VECTOR('',#6810,1.);
#6810 = DIRECTION('',(0.,0.,1.));
#6811 = ORIENTED_EDGE('',*,*,#6812,.T.);
#6812 = EDGE_CURVE('',#6805,#6773,#6813,.T.);
#6813 = LINE('',#6814,#6815);
#6814 = CARTESIAN_POINT('',(2.79,1.306666666667,4.));
#6815 = VECTOR('',#6816,1.);
#6816 = DIRECTION('',(0.,1.,0.));
#6817 = ORIENTED_EDGE('',*,*,#6780,.F.);
#6818 = ORIENTED_EDGE('',*,*,#6819,.F.);
#6819 = EDGE_CURVE('',#6803,#6781,#6820,.T.);
#6820 = LINE('',#6821,#6822);
#6821 = CARTESIAN_POINT('',(2.79,1.306666666667,3.95));
#6822 = VECTOR('',#6823,1.);
#6823 = DIRECTION('',(0.,1.,0.));
#6824 = PLANE('',#6825);
#6825 = AXIS2_PLACEMENT_3D('',#6826,#6827,#6828);
#6826 = CARTESIAN_POINT('',(2.79,1.306666666667,3.95));
#6827 = DIRECTION('',(-1.,0.,0.));
#6828 = DIRECTION('',(0.,1.,0.));
#6829 = ADVANCED_FACE('',(#6830),#6855,.F.);
#6830 = FACE_BOUND('',#6831,.F.);
#6831 = EDGE_LOOP('',(#6832,#6833,#6841,#6849));
#6832 = ORIENTED_EDGE('',*,*,#6802,.T.);
#6833 = ORIENTED_EDGE('',*,*,#6834,.T.);
#6834 = EDGE_CURVE('',#6805,#6835,#6837,.T.);
#6835 = VERTEX_POINT('',#6836);
#6836 = CARTESIAN_POINT('',(0.991666666667,1.306666666667,4.));
#6837 = LINE('',#6838,#6839);
#6838 = CARTESIAN_POINT('',(2.79,1.306666666667,4.));
#6839 = VECTOR('',#6840,1.);
#6840 = DIRECTION('',(-1.,0.,0.));
#6841 = ORIENTED_EDGE('',*,*,#6842,.F.);
#6842 = EDGE_CURVE('',#6843,#6835,#6845,.T.);
#6843 = VERTEX_POINT('',#6844);
#6844 = CARTESIAN_POINT('',(0.991666666667,1.306666666667,3.95));
#6845 = LINE('',#6846,#6847);
#6846 = CARTESIAN_POINT('',(0.991666666667,1.306666666667,3.95));
#6847 = VECTOR('',#6848,1.);
#6848 = DIRECTION('',(0.,0.,1.));
#6849 = ORIENTED_EDGE('',*,*,#6850,.F.);
#6850 = EDGE_CURVE('',#6803,#6843,#6851,.T.);
#6851 = LINE('',#6852,#6853);
#6852 = CARTESIAN_POINT('',(2.79,1.306666666667,3.95));
#6853 = VECTOR('',#6854,1.);
#6854 = DIRECTION('',(-1.,0.,0.));
#6855 = PLANE('',#6856);
#6856 = AXIS2_PLACEMENT_3D('',#6857,#6858,#6859);
#6857 = CARTESIAN_POINT('',(2.79,1.306666666667,3.95));
#6858 = DIRECTION('',(0.,-1.,0.));
#6859 = DIRECTION('',(-1.,0.,0.));
#6860 = ADVANCED_FACE('',(#6861),#6886,.F.);
#6861 = FACE_BOUND('',#6862,.F.);
#6862 = EDGE_LOOP('',(#6863,#6864,#6872,#6880));
#6863 = ORIENTED_EDGE('',*,*,#6842,.T.);
#6864 = ORIENTED_EDGE('',*,*,#6865,.T.);
#6865 = EDGE_CURVE('',#6835,#6866,#6868,.T.);
#6866 = VERTEX_POINT('',#6867);
#6867 = CARTESIAN_POINT('',(0.991666666667,1.206666666667,4.));
#6868 = LINE('',#6869,#6870);
#6869 = CARTESIAN_POINT('',(0.991666666667,1.306666666667,4.));
#6870 = VECTOR('',#6871,1.);
#6871 = DIRECTION('',(0.,-1.,0.));
#6872 = ORIENTED_EDGE('',*,*,#6873,.F.);
#6873 = EDGE_CURVE('',#6874,#6866,#6876,.T.);
#6874 = VERTEX_POINT('',#6875);
#6875 = CARTESIAN_POINT('',(0.991666666667,1.206666666667,3.95));
#6876 = LINE('',#6877,#6878);
#6877 = CARTESIAN_POINT('',(0.991666666667,1.206666666667,3.95));
#6878 = VECTOR('',#6879,1.);
#6879 = DIRECTION('',(0.,0.,1.));
#6880 = ORIENTED_EDGE('',*,*,#6881,.F.);
#6881 = EDGE_CURVE('',#6843,#6874,#6882,.T.);
#6882 = LINE('',#6883,#6884);
#6883 = CARTESIAN_POINT('',(0.991666666667,1.306666666667,3.95));
#6884 = VECTOR('',#6885,1.);
#6885 = DIRECTION('',(0.,-1.,0.));
#6886 = PLANE('',#6887);
#6887 = AXIS2_PLACEMENT_3D('',#6888,#6889,#6890);
#6888 = CARTESIAN_POINT('',(0.991666666667,1.306666666667,3.95));
#6889 = DIRECTION('',(1.,0.,0.));
#6890 = DIRECTION('',(0.,-1.,0.));
#6891 = ADVANCED_FACE('',(#6892),#6917,.F.);
#6892 = FACE_BOUND('',#6893,.F.);
#6893 = EDGE_LOOP('',(#6894,#6895,#6903,#6911));
#6894 = ORIENTED_EDGE('',*,*,#6873,.T.);
#6895 = ORIENTED_EDGE('',*,*,#6896,.T.);
#6896 = EDGE_CURVE('',#6866,#6897,#6899,.T.);
#6897 = VERTEX_POINT('',#6898);
#6898 = CARTESIAN_POINT('',(0.991666666667,0.578333333333,4.));
#6899 = LINE('',#6900,#6901);
#6900 = CARTESIAN_POINT('',(0.991666666667,1.206666666667,4.));
#6901 = VECTOR('',#6902,1.);
#6902 = DIRECTION('',(0.,-1.,0.));
#6903 = ORIENTED_EDGE('',*,*,#6904,.F.);
#6904 = EDGE_CURVE('',#6905,#6897,#6907,.T.);
#6905 = VERTEX_POINT('',#6906);
#6906 = CARTESIAN_POINT('',(0.991666666667,0.578333333333,3.95));
#6907 = LINE('',#6908,#6909);
#6908 = CARTESIAN_POINT('',(0.991666666667,0.578333333333,3.95));
#6909 = VECTOR('',#6910,1.);
#6910 = DIRECTION('',(0.,0.,1.));
#6911 = ORIENTED_EDGE('',*,*,#6912,.F.);
#6912 = EDGE_CURVE('',#6874,#6905,#6913,.T.);
#6913 = LINE('',#6914,#6915);
#6914 = CARTESIAN_POINT('',(0.991666666667,1.206666666667,3.95));
#6915 = VECTOR('',#6916,1.);
#6916 = DIRECTION('',(0.,-1.,0.));
#6917 = PLANE('',#6918);
#6918 = AXIS2_PLACEMENT_3D('',#6919,#6920,#6921);
#6919 = CARTESIAN_POINT('',(0.991666666667,1.206666666667,3.95));
#6920 = DIRECTION('',(1.,0.,0.));
#6921 = DIRECTION('',(0.,-1.,0.));
#6922 = ADVANCED_FACE('',(#6923),#6948,.F.);
#6923 = FACE_BOUND('',#6924,.F.);
#6924 = EDGE_LOOP('',(#6925,#6926,#6934,#6942));
#6925 = ORIENTED_EDGE('',*,*,#6904,.T.);
#6926 = ORIENTED_EDGE('',*,*,#6927,.T.);
#6927 = EDGE_CURVE('',#6897,#6928,#6930,.T.);
#6928 = VERTEX_POINT('',#6929);
#6929 = CARTESIAN_POINT('',(1.091666666667,0.578333333333,4.));
#6930 = LINE('',#6931,#6932);
#6931 = CARTESIAN_POINT('',(0.991666666667,0.578333333333,4.));
#6932 = VECTOR('',#6933,1.);
#6933 = DIRECTION('',(1.,0.,0.));
#6934 = ORIENTED_EDGE('',*,*,#6935,.F.);
#6935 = EDGE_CURVE('',#6936,#6928,#6938,.T.);
#6936 = VERTEX_POINT('',#6937);
#6937 = CARTESIAN_POINT('',(1.091666666667,0.578333333333,3.95));
#6938 = LINE('',#6939,#6940);
#6939 = CARTESIAN_POINT('',(1.091666666667,0.578333333333,3.95));
#6940 = VECTOR('',#6941,1.);
#6941 = DIRECTION('',(0.,0.,1.));
#6942 = ORIENTED_EDGE('',*,*,#6943,.F.);
#6943 = EDGE_CURVE('',#6905,#6936,#6944,.T.);
#6944 = LINE('',#6945,#6946);
#6945 = CARTESIAN_POINT('',(0.991666666667,0.578333333333,3.95));
#6946 = VECTOR('',#6947,1.);
#6947 = DIRECTION('',(1.,0.,0.));
#6948 = PLANE('',#6949);
#6949 = AXIS2_PLACEMENT_3D('',#6950,#6951,#6952);
#6950 = CARTESIAN_POINT('',(0.991666666667,0.578333333333,3.95));
#6951 = DIRECTION('',(0.,1.,0.));
#6952 = DIRECTION('',(1.,0.,0.));
#6953 = ADVANCED_FACE('',(#6954),#6979,.T.);
#6954 = FACE_BOUND('',#6955,.T.);
#6955 = EDGE_LOOP('',(#6956,#6966,#6972,#6973));
#6956 = ORIENTED_EDGE('',*,*,#6957,.T.);
#6957 = EDGE_CURVE('',#6958,#6960,#6962,.T.);
#6958 = VERTEX_POINT('',#6959);
#6959 = CARTESIAN_POINT('',(2.308333333333,0.578333333333,3.95));
#6960 = VERTEX_POINT('',#6961);
#6961 = CARTESIAN_POINT('',(2.308333333333,0.578333333333,4.));
#6962 = LINE('',#6963,#6964);
#6963 = CARTESIAN_POINT('',(2.308333333333,0.578333333333,3.95));
#6964 = VECTOR('',#6965,1.);
#6965 = DIRECTION('',(0.,0.,1.));
#6966 = ORIENTED_EDGE('',*,*,#6967,.T.);
#6967 = EDGE_CURVE('',#6960,#6928,#6968,.T.);
#6968 = LINE('',#6969,#6970);
#6969 = CARTESIAN_POINT('',(2.308333333333,0.578333333333,4.));
#6970 = VECTOR('',#6971,1.);
#6971 = DIRECTION('',(-1.,0.,0.));
#6972 = ORIENTED_EDGE('',*,*,#6935,.F.);
#6973 = ORIENTED_EDGE('',*,*,#6974,.F.);
#6974 = EDGE_CURVE('',#6958,#6936,#6975,.T.);
#6975 = LINE('',#6976,#6977);
#6976 = CARTESIAN_POINT('',(2.308333333333,0.578333333333,3.95));
#6977 = VECTOR('',#6978,1.);
#6978 = DIRECTION('',(-1.,0.,0.));
#6979 = PLANE('',#6980);
#6980 = AXIS2_PLACEMENT_3D('',#6981,#6982,#6983);
#6981 = CARTESIAN_POINT('',(2.308333333333,0.578333333333,3.95));
#6982 = DIRECTION('',(0.,-1.,0.));
#6983 = DIRECTION('',(-1.,0.,0.));
#6984 = ADVANCED_FACE('',(#6985),#7010,.F.);
#6985 = FACE_BOUND('',#6986,.F.);
#6986 = EDGE_LOOP('',(#6987,#6988,#6996,#7004));
#6987 = ORIENTED_EDGE('',*,*,#6957,.T.);
#6988 = ORIENTED_EDGE('',*,*,#6989,.T.);
#6989 = EDGE_CURVE('',#6960,#6990,#6992,.T.);
#6990 = VERTEX_POINT('',#6991);
#6991 = CARTESIAN_POINT('',(2.308333333333,5.E-02,4.));
#6992 = LINE('',#6993,#6994);
#6993 = CARTESIAN_POINT('',(2.308333333333,0.578333333333,4.));
#6994 = VECTOR('',#6995,1.);
#6995 = DIRECTION('',(0.,-1.,0.));
#6996 = ORIENTED_EDGE('',*,*,#6997,.F.);
#6997 = EDGE_CURVE('',#6998,#6990,#7000,.T.);
#6998 = VERTEX_POINT('',#6999);
#6999 = CARTESIAN_POINT('',(2.308333333333,5.E-02,3.95));
#7000 = LINE('',#7001,#7002);
#7001 = CARTESIAN_POINT('',(2.308333333333,5.E-02,3.95));
#7002 = VECTOR('',#7003,1.);
#7003 = DIRECTION('',(0.,0.,1.));
#7004 = ORIENTED_EDGE('',*,*,#7005,.F.);
#7005 = EDGE_CURVE('',#6958,#6998,#7006,.T.);
#7006 = LINE('',#7007,#7008);
#7007 = CARTESIAN_POINT('',(2.308333333333,0.578333333333,3.95));
#7008 = VECTOR('',#7009,1.);
#7009 = DIRECTION('',(0.,-1.,0.));
#7010 = PLANE('',#7011);
#7011 = AXIS2_PLACEMENT_3D('',#7012,#7013,#7014);
#7012 = CARTESIAN_POINT('',(2.308333333333,0.578333333333,3.95));
#7013 = DIRECTION('',(1.,0.,0.));
#7014 = DIRECTION('',(0.,-1.,0.));
#7015 = ADVANCED_FACE('',(#7016),#7041,.F.);
#7016 = FACE_BOUND('',#7017,.F.);
#7017 = EDGE_LOOP('',(#7018,#7019,#7027,#7035));
#7018 = ORIENTED_EDGE('',*,*,#6997,.T.);
#7019 = ORIENTED_EDGE('',*,*,#7020,.T.);
#7020 = EDGE_CURVE('',#6990,#7021,#7023,.T.);
#7021 = VERTEX_POINT('',#7022);
#7022 = CARTESIAN_POINT('',(0.991666666667,5.E-02,4.));
#7023 = LINE('',#7024,#7025);
#7024 = CARTESIAN_POINT('',(2.308333333333,5.E-02,4.));
#7025 = VECTOR('',#7026,1.);
#7026 = DIRECTION('',(-1.,0.,0.));
#7027 = ORIENTED_EDGE('',*,*,#7028,.F.);
#7028 = EDGE_CURVE('',#7029,#7021,#7031,.T.);
#7029 = VERTEX_POINT('',#7030);
#7030 = CARTESIAN_POINT('',(0.991666666667,5.E-02,3.95));
#7031 = LINE('',#7032,#7033);
#7032 = CARTESIAN_POINT('',(0.991666666667,5.E-02,3.95));
#7033 = VECTOR('',#7034,1.);
#7034 = DIRECTION('',(0.,0.,1.));
#7035 = ORIENTED_EDGE('',*,*,#7036,.F.);
#7036 = EDGE_CURVE('',#6998,#7029,#7037,.T.);
#7037 = LINE('',#7038,#7039);
#7038 = CARTESIAN_POINT('',(2.308333333333,5.E-02,3.95));
#7039 = VECTOR('',#7040,1.);
#7040 = DIRECTION('',(-1.,0.,0.));
#7041 = PLANE('',#7042);
#7042 = AXIS2_PLACEMENT_3D('',#7043,#7044,#7045);
#7043 = CARTESIAN_POINT('',(2.308333333333,5.E-02,3.95));
#7044 = DIRECTION('',(0.,-1.,0.));
#7045 = DIRECTION('',(-1.,0.,0.));
#7046 = ADVANCED_FACE('',(#7047),#7072,.F.);
#7047 = FACE_BOUND('',#7048,.F.);
#7048 = EDGE_LOOP('',(#7049,#7050,#7058,#7066));
#7049 = ORIENTED_EDGE('',*,*,#7028,.T.);
#7050 = ORIENTED_EDGE('',*,*,#7051,.T.);
#7051 = EDGE_CURVE('',#7021,#7052,#7054,.T.);
#7052 = VERTEX_POINT('',#7053);
#7053 = CARTESIAN_POINT('',(0.991666666667,-5.E-02,4.));
#7054 = LINE('',#7055,#7056);
#7055 = CARTESIAN_POINT('',(0.991666666667,5.E-02,4.));
#7056 = VECTOR('',#7057,1.);
#7057 = DIRECTION('',(0.,-1.,0.));
#7058 = ORIENTED_EDGE('',*,*,#7059,.F.);
#7059 = EDGE_CURVE('',#7060,#7052,#7062,.T.);
#7060 = VERTEX_POINT('',#7061);
#7061 = CARTESIAN_POINT('',(0.991666666667,-5.E-02,3.95));
#7062 = LINE('',#7063,#7064);
#7063 = CARTESIAN_POINT('',(0.991666666667,-5.E-02,3.95));
#7064 = VECTOR('',#7065,1.);
#7065 = DIRECTION('',(0.,0.,1.));
#7066 = ORIENTED_EDGE('',*,*,#7067,.F.);
#7067 = EDGE_CURVE('',#7029,#7060,#7068,.T.);
#7068 = LINE('',#7069,#7070);
#7069 = CARTESIAN_POINT('',(0.991666666667,5.E-02,3.95));
#7070 = VECTOR('',#7071,1.);
#7071 = DIRECTION('',(0.,-1.,0.));
#7072 = PLANE('',#7073);
#7073 = AXIS2_PLACEMENT_3D('',#7074,#7075,#7076);
#7074 = CARTESIAN_POINT('',(0.991666666667,5.E-02,3.95));
#7075 = DIRECTION('',(1.,0.,0.));
#7076 = DIRECTION('',(0.,-1.,0.));
#7077 = ADVANCED_FACE('',(#7078),#7103,.F.);
#7078 = FACE_BOUND('',#7079,.F.);
#7079 = EDGE_LOOP('',(#7080,#7081,#7089,#7097));
#7080 = ORIENTED_EDGE('',*,*,#7059,.T.);
#7081 = ORIENTED_EDGE('',*,*,#7082,.T.);
#7082 = EDGE_CURVE('',#7052,#7083,#7085,.T.);
#7083 = VERTEX_POINT('',#7084);
#7084 = CARTESIAN_POINT('',(0.991666666667,-0.678333333333,4.));
#7085 = LINE('',#7086,#7087);
#7086 = CARTESIAN_POINT('',(0.991666666667,-5.E-02,4.));
#7087 = VECTOR('',#7088,1.);
#7088 = DIRECTION('',(0.,-1.,0.));
#7089 = ORIENTED_EDGE('',*,*,#7090,.F.);
#7090 = EDGE_CURVE('',#7091,#7083,#7093,.T.);
#7091 = VERTEX_POINT('',#7092);
#7092 = CARTESIAN_POINT('',(0.991666666667,-0.678333333333,3.95));
#7093 = LINE('',#7094,#7095);
#7094 = CARTESIAN_POINT('',(0.991666666667,-0.678333333333,3.95));
#7095 = VECTOR('',#7096,1.);
#7096 = DIRECTION('',(0.,0.,1.));
#7097 = ORIENTED_EDGE('',*,*,#7098,.F.);
#7098 = EDGE_CURVE('',#7060,#7091,#7099,.T.);
#7099 = LINE('',#7100,#7101);
#7100 = CARTESIAN_POINT('',(0.991666666667,-5.E-02,3.95));
#7101 = VECTOR('',#7102,1.);
#7102 = DIRECTION('',(0.,-1.,0.));
#7103 = PLANE('',#7104);
#7104 = AXIS2_PLACEMENT_3D('',#7105,#7106,#7107);
#7105 = CARTESIAN_POINT('',(0.991666666667,-5.E-02,3.95));
#7106 = DIRECTION('',(1.,0.,0.));
#7107 = DIRECTION('',(0.,-1.,0.));
#7108 = ADVANCED_FACE('',(#7109),#7134,.F.);
#7109 = FACE_BOUND('',#7110,.F.);
#7110 = EDGE_LOOP('',(#7111,#7112,#7120,#7128));
#7111 = ORIENTED_EDGE('',*,*,#7090,.T.);
#7112 = ORIENTED_EDGE('',*,*,#7113,.T.);
#7113 = EDGE_CURVE('',#7083,#7114,#7116,.T.);
#7114 = VERTEX_POINT('',#7115);
#7115 = CARTESIAN_POINT('',(1.091666666667,-0.678333333333,4.));
#7116 = LINE('',#7117,#7118);
#7117 = CARTESIAN_POINT('',(0.991666666667,-0.678333333333,4.));
#7118 = VECTOR('',#7119,1.);
#7119 = DIRECTION('',(1.,0.,0.));
#7120 = ORIENTED_EDGE('',*,*,#7121,.F.);
#7121 = EDGE_CURVE('',#7122,#7114,#7124,.T.);
#7122 = VERTEX_POINT('',#7123);
#7123 = CARTESIAN_POINT('',(1.091666666667,-0.678333333333,3.95));
#7124 = LINE('',#7125,#7126);
#7125 = CARTESIAN_POINT('',(1.091666666667,-0.678333333333,3.95));
#7126 = VECTOR('',#7127,1.);
#7127 = DIRECTION('',(0.,0.,1.));
#7128 = ORIENTED_EDGE('',*,*,#7129,.F.);
#7129 = EDGE_CURVE('',#7091,#7122,#7130,.T.);
#7130 = LINE('',#7131,#7132);
#7131 = CARTESIAN_POINT('',(0.991666666667,-0.678333333333,3.95));
#7132 = VECTOR('',#7133,1.);
#7133 = DIRECTION('',(1.,0.,0.));
#7134 = PLANE('',#7135);
#7135 = AXIS2_PLACEMENT_3D('',#7136,#7137,#7138);
#7136 = CARTESIAN_POINT('',(0.991666666667,-0.678333333333,3.95));
#7137 = DIRECTION('',(0.,1.,0.));
#7138 = DIRECTION('',(1.,0.,0.));
#7139 = ADVANCED_FACE('',(#7140),#7165,.T.);
#7140 = FACE_BOUND('',#7141,.T.);
#7141 = EDGE_LOOP('',(#7142,#7152,#7158,#7159));
#7142 = ORIENTED_EDGE('',*,*,#7143,.T.);
#7143 = EDGE_CURVE('',#7144,#7146,#7148,.T.);
#7144 = VERTEX_POINT('',#7145);
#7145 = CARTESIAN_POINT('',(2.308333333333,-0.678333333333,3.95));
#7146 = VERTEX_POINT('',#7147);
#7147 = CARTESIAN_POINT('',(2.308333333333,-0.678333333333,4.));
#7148 = LINE('',#7149,#7150);
#7149 = CARTESIAN_POINT('',(2.308333333333,-0.678333333333,3.95));
#7150 = VECTOR('',#7151,1.);
#7151 = DIRECTION('',(0.,0.,1.));
#7152 = ORIENTED_EDGE('',*,*,#7153,.T.);
#7153 = EDGE_CURVE('',#7146,#7114,#7154,.T.);
#7154 = LINE('',#7155,#7156);
#7155 = CARTESIAN_POINT('',(2.308333333333,-0.678333333333,4.));
#7156 = VECTOR('',#7157,1.);
#7157 = DIRECTION('',(-1.,0.,0.));
#7158 = ORIENTED_EDGE('',*,*,#7121,.F.);
#7159 = ORIENTED_EDGE('',*,*,#7160,.F.);
#7160 = EDGE_CURVE('',#7144,#7122,#7161,.T.);
#7161 = LINE('',#7162,#7163);
#7162 = CARTESIAN_POINT('',(2.308333333333,-0.678333333333,3.95));
#7163 = VECTOR('',#7164,1.);
#7164 = DIRECTION('',(-1.,0.,0.));
#7165 = PLANE('',#7166);
#7166 = AXIS2_PLACEMENT_3D('',#7167,#7168,#7169);
#7167 = CARTESIAN_POINT('',(2.308333333333,-0.678333333333,3.95));
#7168 = DIRECTION('',(0.,-1.,0.));
#7169 = DIRECTION('',(-1.,0.,0.));
#7170 = ADVANCED_FACE('',(#7171),#7196,.T.);
#7171 = FACE_BOUND('',#7172,.T.);
#7172 = EDGE_LOOP('',(#7173,#7183,#7189,#7190));
#7173 = ORIENTED_EDGE('',*,*,#7174,.T.);
#7174 = EDGE_CURVE('',#7175,#7177,#7179,.T.);
#7175 = VERTEX_POINT('',#7176);
#7176 = CARTESIAN_POINT('',(2.308333333333,-1.206666666667,3.95));
#7177 = VERTEX_POINT('',#7178);
#7178 = CARTESIAN_POINT('',(2.308333333333,-1.206666666667,4.));
#7179 = LINE('',#7180,#7181);
#7180 = CARTESIAN_POINT('',(2.308333333333,-1.206666666667,3.95));
#7181 = VECTOR('',#7182,1.);
#7182 = DIRECTION('',(0.,0.,1.));
#7183 = ORIENTED_EDGE('',*,*,#7184,.T.);
#7184 = EDGE_CURVE('',#7177,#7146,#7185,.T.);
#7185 = LINE('',#7186,#7187);
#7186 = CARTESIAN_POINT('',(2.308333333333,-1.206666666667,4.));
#7187 = VECTOR('',#7188,1.);
#7188 = DIRECTION('',(0.,1.,0.));
#7189 = ORIENTED_EDGE('',*,*,#7143,.F.);
#7190 = ORIENTED_EDGE('',*,*,#7191,.F.);
#7191 = EDGE_CURVE('',#7175,#7144,#7192,.T.);
#7192 = LINE('',#7193,#7194);
#7193 = CARTESIAN_POINT('',(2.308333333333,-1.206666666667,3.95));
#7194 = VECTOR('',#7195,1.);
#7195 = DIRECTION('',(0.,1.,0.));
#7196 = PLANE('',#7197);
#7197 = AXIS2_PLACEMENT_3D('',#7198,#7199,#7200);
#7198 = CARTESIAN_POINT('',(2.308333333333,-1.206666666667,3.95));
#7199 = DIRECTION('',(-1.,0.,0.));
#7200 = DIRECTION('',(0.,1.,0.));
#7201 = ADVANCED_FACE('',(#7202),#7227,.F.);
#7202 = FACE_BOUND('',#7203,.F.);
#7203 = EDGE_LOOP('',(#7204,#7205,#7213,#7221));
#7204 = ORIENTED_EDGE('',*,*,#7174,.T.);
#7205 = ORIENTED_EDGE('',*,*,#7206,.T.);
#7206 = EDGE_CURVE('',#7177,#7207,#7209,.T.);
#7207 = VERTEX_POINT('',#7208);
#7208 = CARTESIAN_POINT('',(0.51,-1.206666666667,4.));
#7209 = LINE('',#7210,#7211);
#7210 = CARTESIAN_POINT('',(2.308333333333,-1.206666666667,4.));
#7211 = VECTOR('',#7212,1.);
#7212 = DIRECTION('',(-1.,0.,0.));
#7213 = ORIENTED_EDGE('',*,*,#7214,.F.);
#7214 = EDGE_CURVE('',#7215,#7207,#7217,.T.);
#7215 = VERTEX_POINT('',#7216);
#7216 = CARTESIAN_POINT('',(0.51,-1.206666666667,3.95));
#7217 = LINE('',#7218,#7219);
#7218 = CARTESIAN_POINT('',(0.51,-1.206666666667,3.95));
#7219 = VECTOR('',#7220,1.);
#7220 = DIRECTION('',(0.,0.,1.));
#7221 = ORIENTED_EDGE('',*,*,#7222,.F.);
#7222 = EDGE_CURVE('',#7175,#7215,#7223,.T.);
#7223 = LINE('',#7224,#7225);
#7224 = CARTESIAN_POINT('',(2.308333333333,-1.206666666667,3.95));
#7225 = VECTOR('',#7226,1.);
#7226 = DIRECTION('',(-1.,0.,0.));
#7227 = PLANE('',#7228);
#7228 = AXIS2_PLACEMENT_3D('',#7229,#7230,#7231);
#7229 = CARTESIAN_POINT('',(2.308333333333,-1.206666666667,3.95));
#7230 = DIRECTION('',(0.,-1.,0.));
#7231 = DIRECTION('',(-1.,0.,0.));
#7232 = ADVANCED_FACE('',(#7233),#7258,.F.);
#7233 = FACE_BOUND('',#7234,.F.);
#7234 = EDGE_LOOP('',(#7235,#7236,#7244,#7252));
#7235 = ORIENTED_EDGE('',*,*,#7214,.T.);
#7236 = ORIENTED_EDGE('',*,*,#7237,.T.);
#7237 = EDGE_CURVE('',#7207,#7238,#7240,.T.);
#7238 = VERTEX_POINT('',#7239);
#7239 = CARTESIAN_POINT('',(0.51,-1.306666666667,4.));
#7240 = LINE('',#7241,#7242);
#7241 = CARTESIAN_POINT('',(0.51,-1.206666666667,4.));
#7242 = VECTOR('',#7243,1.);
#7243 = DIRECTION('',(0.,-1.,0.));
#7244 = ORIENTED_EDGE('',*,*,#7245,.F.);
#7245 = EDGE_CURVE('',#7246,#7238,#7248,.T.);
#7246 = VERTEX_POINT('',#7247);
#7247 = CARTESIAN_POINT('',(0.51,-1.306666666667,3.95));
#7248 = LINE('',#7249,#7250);
#7249 = CARTESIAN_POINT('',(0.51,-1.306666666667,3.95));
#7250 = VECTOR('',#7251,1.);
#7251 = DIRECTION('',(0.,0.,1.));
#7252 = ORIENTED_EDGE('',*,*,#7253,.F.);
#7253 = EDGE_CURVE('',#7215,#7246,#7254,.T.);
#7254 = LINE('',#7255,#7256);
#7255 = CARTESIAN_POINT('',(0.51,-1.206666666667,3.95));
#7256 = VECTOR('',#7257,1.);
#7257 = DIRECTION('',(0.,-1.,0.));
#7258 = PLANE('',#7259);
#7259 = AXIS2_PLACEMENT_3D('',#7260,#7261,#7262);
#7260 = CARTESIAN_POINT('',(0.51,-1.206666666667,3.95));
#7261 = DIRECTION('',(1.,0.,0.));
#7262 = DIRECTION('',(0.,-1.,0.));
#7263 = ADVANCED_FACE('',(#7264),#7289,.F.);
#7264 = FACE_BOUND('',#7265,.F.);
#7265 = EDGE_LOOP('',(#7266,#7267,#7275,#7283));
#7266 = ORIENTED_EDGE('',*,*,#7245,.T.);
#7267 = ORIENTED_EDGE('',*,*,#7268,.T.);
#7268 = EDGE_CURVE('',#7238,#7269,#7271,.T.);
#7269 = VERTEX_POINT('',#7270);
#7270 = CARTESIAN_POINT('',(0.51,-1.935,4.));
#7271 = LINE('',#7272,#7273);
#7272 = CARTESIAN_POINT('',(0.51,-1.306666666667,4.));
#7273 = VECTOR('',#7274,1.);
#7274 = DIRECTION('',(0.,-1.,0.));
#7275 = ORIENTED_EDGE('',*,*,#7276,.F.);
#7276 = EDGE_CURVE('',#7277,#7269,#7279,.T.);
#7277 = VERTEX_POINT('',#7278);
#7278 = CARTESIAN_POINT('',(0.51,-1.935,3.95));
#7279 = LINE('',#7280,#7281);
#7280 = CARTESIAN_POINT('',(0.51,-1.935,3.95));
#7281 = VECTOR('',#7282,1.);
#7282 = DIRECTION('',(0.,0.,1.));
#7283 = ORIENTED_EDGE('',*,*,#7284,.F.);
#7284 = EDGE_CURVE('',#7246,#7277,#7285,.T.);
#7285 = LINE('',#7286,#7287);
#7286 = CARTESIAN_POINT('',(0.51,-1.306666666667,3.95));
#7287 = VECTOR('',#7288,1.);
#7288 = DIRECTION('',(0.,-1.,0.));
#7289 = PLANE('',#7290);
#7290 = AXIS2_PLACEMENT_3D('',#7291,#7292,#7293);
#7291 = CARTESIAN_POINT('',(0.51,-1.306666666667,3.95));
#7292 = DIRECTION('',(1.,0.,0.));
#7293 = DIRECTION('',(0.,-1.,0.));
#7294 = ADVANCED_FACE('',(#7295),#7320,.F.);
#7295 = FACE_BOUND('',#7296,.F.);
#7296 = EDGE_LOOP('',(#7297,#7298,#7306,#7314));
#7297 = ORIENTED_EDGE('',*,*,#7276,.T.);
#7298 = ORIENTED_EDGE('',*,*,#7299,.T.);
#7299 = EDGE_CURVE('',#7269,#7300,#7302,.T.);
#7300 = VERTEX_POINT('',#7301);
#7301 = CARTESIAN_POINT('',(0.61,-1.935,4.));
#7302 = LINE('',#7303,#7304);
#7303 = CARTESIAN_POINT('',(0.51,-1.935,4.));
#7304 = VECTOR('',#7305,1.);
#7305 = DIRECTION('',(1.,0.,0.));
#7306 = ORIENTED_EDGE('',*,*,#7307,.F.);
#7307 = EDGE_CURVE('',#7308,#7300,#7310,.T.);
#7308 = VERTEX_POINT('',#7309);
#7309 = CARTESIAN_POINT('',(0.61,-1.935,3.95));
#7310 = LINE('',#7311,#7312);
#7311 = CARTESIAN_POINT('',(0.61,-1.935,3.95));
#7312 = VECTOR('',#7313,1.);
#7313 = DIRECTION('',(0.,0.,1.));
#7314 = ORIENTED_EDGE('',*,*,#7315,.F.);
#7315 = EDGE_CURVE('',#7277,#7308,#7316,.T.);
#7316 = LINE('',#7317,#7318);
#7317 = CARTESIAN_POINT('',(0.51,-1.935,3.95));
#7318 = VECTOR('',#7319,1.);
#7319 = DIRECTION('',(1.,0.,0.));
#7320 = PLANE('',#7321);
#7321 = AXIS2_PLACEMENT_3D('',#7322,#7323,#7324);
#7322 = CARTESIAN_POINT('',(0.51,-1.935,3.95));
#7323 = DIRECTION('',(0.,1.,0.));
#7324 = DIRECTION('',(1.,0.,0.));
#7325 = ADVANCED_FACE('',(#7326),#7351,.T.);
#7326 = FACE_BOUND('',#7327,.T.);
#7327 = EDGE_LOOP('',(#7328,#7338,#7344,#7345));
#7328 = ORIENTED_EDGE('',*,*,#7329,.T.);
#7329 = EDGE_CURVE('',#7330,#7332,#7334,.T.);
#7330 = VERTEX_POINT('',#7331);
#7331 = CARTESIAN_POINT('',(2.975,-1.935,3.95));
#7332 = VERTEX_POINT('',#7333);
#7333 = CARTESIAN_POINT('',(2.975,-1.935,4.));
#7334 = LINE('',#7335,#7336);
#7335 = CARTESIAN_POINT('',(2.975,-1.935,3.95));
#7336 = VECTOR('',#7337,1.);
#7337 = DIRECTION('',(0.,0.,1.));
#7338 = ORIENTED_EDGE('',*,*,#7339,.T.);
#7339 = EDGE_CURVE('',#7332,#7300,#7340,.T.);
#7340 = LINE('',#7341,#7342);
#7341 = CARTESIAN_POINT('',(2.975,-1.935,4.));
#7342 = VECTOR('',#7343,1.);
#7343 = DIRECTION('',(-1.,0.,0.));
#7344 = ORIENTED_EDGE('',*,*,#7307,.F.);
#7345 = ORIENTED_EDGE('',*,*,#7346,.F.);
#7346 = EDGE_CURVE('',#7330,#7308,#7347,.T.);
#7347 = LINE('',#7348,#7349);
#7348 = CARTESIAN_POINT('',(2.975,-1.935,3.95));
#7349 = VECTOR('',#7350,1.);
#7350 = DIRECTION('',(-1.,0.,0.));
#7351 = PLANE('',#7352);
#7352 = AXIS2_PLACEMENT_3D('',#7353,#7354,#7355);
#7353 = CARTESIAN_POINT('',(2.975,-1.935,3.95));
#7354 = DIRECTION('',(0.,-1.,0.));
#7355 = DIRECTION('',(-1.,0.,0.));
#7356 = ADVANCED_FACE('',(#7357),#7382,.T.);
#7357 = FACE_BOUND('',#7358,.T.);
#7358 = EDGE_LOOP('',(#7359,#7369,#7375,#7376));
#7359 = ORIENTED_EDGE('',*,*,#7360,.T.);
#7360 = EDGE_CURVE('',#7361,#7363,#7365,.T.);
#7361 = VERTEX_POINT('',#7362);
#7362 = CARTESIAN_POINT('',(2.975,-1.835,3.95));
#7363 = VERTEX_POINT('',#7364);
#7364 = CARTESIAN_POINT('',(2.975,-1.835,4.));
#7365 = LINE('',#7366,#7367);
#7366 = CARTESIAN_POINT('',(2.975,-1.835,3.95));
#7367 = VECTOR('',#7368,1.);
#7368 = DIRECTION('',(0.,0.,1.));
#7369 = ORIENTED_EDGE('',*,*,#7370,.T.);
#7370 = EDGE_CURVE('',#7363,#7332,#7371,.T.);
#7371 = LINE('',#7372,#7373);
#7372 = CARTESIAN_POINT('',(2.975,-1.835,4.));
#7373 = VECTOR('',#7374,1.);
#7374 = DIRECTION('',(0.,-1.,0.));
#7375 = ORIENTED_EDGE('',*,*,#7329,.F.);
#7376 = ORIENTED_EDGE('',*,*,#7377,.F.);
#7377 = EDGE_CURVE('',#7361,#7330,#7378,.T.);
#7378 = LINE('',#7379,#7380);
#7379 = CARTESIAN_POINT('',(2.975,-1.835,3.95));
#7380 = VECTOR('',#7381,1.);
#7381 = DIRECTION('',(0.,-1.,0.));
#7382 = PLANE('',#7383);
#7383 = AXIS2_PLACEMENT_3D('',#7384,#7385,#7386);
#7384 = CARTESIAN_POINT('',(2.975,-1.835,3.95));
#7385 = DIRECTION('',(1.,0.,0.));
#7386 = DIRECTION('',(0.,-1.,0.));
#7387 = ADVANCED_FACE('',(#7388),#7413,.T.);
#7388 = FACE_BOUND('',#7389,.T.);
#7389 = EDGE_LOOP('',(#7390,#7400,#7406,#7407));
#7390 = ORIENTED_EDGE('',*,*,#7391,.T.);
#7391 = EDGE_CURVE('',#7392,#7394,#7396,.T.);
#7392 = VERTEX_POINT('',#7393);
#7393 = CARTESIAN_POINT('',(0.61,-1.835,3.95));
#7394 = VERTEX_POINT('',#7395);
#7395 = CARTESIAN_POINT('',(0.61,-1.835,4.));
#7396 = LINE('',#7397,#7398);
#7397 = CARTESIAN_POINT('',(0.61,-1.835,3.95));
#7398 = VECTOR('',#7399,1.);
#7399 = DIRECTION('',(0.,0.,1.));
#7400 = ORIENTED_EDGE('',*,*,#7401,.T.);
#7401 = EDGE_CURVE('',#7394,#7363,#7402,.T.);
#7402 = LINE('',#7403,#7404);
#7403 = CARTESIAN_POINT('',(0.61,-1.835,4.));
#7404 = VECTOR('',#7405,1.);
#7405 = DIRECTION('',(1.,0.,0.));
#7406 = ORIENTED_EDGE('',*,*,#7360,.F.);
#7407 = ORIENTED_EDGE('',*,*,#7408,.F.);
#7408 = EDGE_CURVE('',#7392,#7361,#7409,.T.);
#7409 = LINE('',#7410,#7411);
#7410 = CARTESIAN_POINT('',(0.61,-1.835,3.95));
#7411 = VECTOR('',#7412,1.);
#7412 = DIRECTION('',(1.,0.,0.));
#7413 = PLANE('',#7414);
#7414 = AXIS2_PLACEMENT_3D('',#7415,#7416,#7417);
#7415 = CARTESIAN_POINT('',(0.61,-1.835,3.95));
#7416 = DIRECTION('',(0.,1.,0.));
#7417 = DIRECTION('',(1.,0.,0.));
#7418 = ADVANCED_FACE('',(#7419),#7444,.F.);
#7419 = FACE_BOUND('',#7420,.F.);
#7420 = EDGE_LOOP('',(#7421,#7422,#7430,#7438));
#7421 = ORIENTED_EDGE('',*,*,#7391,.T.);
#7422 = ORIENTED_EDGE('',*,*,#7423,.T.);
#7423 = EDGE_CURVE('',#7394,#7424,#7426,.T.);
#7424 = VERTEX_POINT('',#7425);
#7425 = CARTESIAN_POINT('',(0.61,-1.306666666667,4.));
#7426 = LINE('',#7427,#7428);
#7427 = CARTESIAN_POINT('',(0.61,-1.835,4.));
#7428 = VECTOR('',#7429,1.);
#7429 = DIRECTION('',(0.,1.,0.));
#7430 = ORIENTED_EDGE('',*,*,#7431,.F.);
#7431 = EDGE_CURVE('',#7432,#7424,#7434,.T.);
#7432 = VERTEX_POINT('',#7433);
#7433 = CARTESIAN_POINT('',(0.61,-1.306666666667,3.95));
#7434 = LINE('',#7435,#7436);
#7435 = CARTESIAN_POINT('',(0.61,-1.306666666667,3.95));
#7436 = VECTOR('',#7437,1.);
#7437 = DIRECTION('',(0.,0.,1.));
#7438 = ORIENTED_EDGE('',*,*,#7439,.F.);
#7439 = EDGE_CURVE('',#7392,#7432,#7440,.T.);
#7440 = LINE('',#7441,#7442);
#7441 = CARTESIAN_POINT('',(0.61,-1.835,3.95));
#7442 = VECTOR('',#7443,1.);
#7443 = DIRECTION('',(0.,1.,0.));
#7444 = PLANE('',#7445);
#7445 = AXIS2_PLACEMENT_3D('',#7446,#7447,#7448);
#7446 = CARTESIAN_POINT('',(0.61,-1.835,3.95));
#7447 = DIRECTION('',(-1.,0.,0.));
#7448 = DIRECTION('',(0.,1.,0.));
#7449 = ADVANCED_FACE('',(#7450),#7475,.F.);
#7450 = FACE_BOUND('',#7451,.F.);
#7451 = EDGE_LOOP('',(#7452,#7453,#7461,#7469));
#7452 = ORIENTED_EDGE('',*,*,#7431,.T.);
#7453 = ORIENTED_EDGE('',*,*,#7454,.T.);
#7454 = EDGE_CURVE('',#7424,#7455,#7457,.T.);
#7455 = VERTEX_POINT('',#7456);
#7456 = CARTESIAN_POINT('',(2.308333333333,-1.306666666667,4.));
#7457 = LINE('',#7458,#7459);
#7458 = CARTESIAN_POINT('',(0.61,-1.306666666667,4.));
#7459 = VECTOR('',#7460,1.);
#7460 = DIRECTION('',(1.,0.,0.));
#7461 = ORIENTED_EDGE('',*,*,#7462,.F.);
#7462 = EDGE_CURVE('',#7463,#7455,#7465,.T.);
#7463 = VERTEX_POINT('',#7464);
#7464 = CARTESIAN_POINT('',(2.308333333333,-1.306666666667,3.95));
#7465 = LINE('',#7466,#7467);
#7466 = CARTESIAN_POINT('',(2.308333333333,-1.306666666667,3.95));
#7467 = VECTOR('',#7468,1.);
#7468 = DIRECTION('',(0.,0.,1.));
#7469 = ORIENTED_EDGE('',*,*,#7470,.F.);
#7470 = EDGE_CURVE('',#7432,#7463,#7471,.T.);
#7471 = LINE('',#7472,#7473);
#7472 = CARTESIAN_POINT('',(0.61,-1.306666666667,3.95));
#7473 = VECTOR('',#7474,1.);
#7474 = DIRECTION('',(1.,0.,0.));
#7475 = PLANE('',#7476);
#7476 = AXIS2_PLACEMENT_3D('',#7477,#7478,#7479);
#7477 = CARTESIAN_POINT('',(0.61,-1.306666666667,3.95));
#7478 = DIRECTION('',(0.,1.,0.));
#7479 = DIRECTION('',(1.,0.,0.));
#7480 = ADVANCED_FACE('',(#7481),#7506,.T.);
#7481 = FACE_BOUND('',#7482,.T.);
#7482 = EDGE_LOOP('',(#7483,#7493,#7499,#7500));
#7483 = ORIENTED_EDGE('',*,*,#7484,.T.);
#7484 = EDGE_CURVE('',#7485,#7487,#7489,.T.);
#7485 = VERTEX_POINT('',#7486);
#7486 = CARTESIAN_POINT('',(2.408333333333,-1.306666666667,3.95));
#7487 = VERTEX_POINT('',#7488);
#7488 = CARTESIAN_POINT('',(2.408333333333,-1.306666666667,4.));
#7489 = LINE('',#7490,#7491);
#7490 = CARTESIAN_POINT('',(2.408333333333,-1.306666666667,3.95));
#7491 = VECTOR('',#7492,1.);
#7492 = DIRECTION('',(0.,0.,1.));
#7493 = ORIENTED_EDGE('',*,*,#7494,.T.);
#7494 = EDGE_CURVE('',#7487,#7455,#7495,.T.);
#7495 = LINE('',#7496,#7497);
#7496 = CARTESIAN_POINT('',(2.408333333333,-1.306666666667,4.));
#7497 = VECTOR('',#7498,1.);
#7498 = DIRECTION('',(-1.,0.,0.));
#7499 = ORIENTED_EDGE('',*,*,#7462,.F.);
#7500 = ORIENTED_EDGE('',*,*,#7501,.F.);
#7501 = EDGE_CURVE('',#7485,#7463,#7502,.T.);
#7502 = LINE('',#7503,#7504);
#7503 = CARTESIAN_POINT('',(2.408333333333,-1.306666666667,3.95));
#7504 = VECTOR('',#7505,1.);
#7505 = DIRECTION('',(-1.,0.,0.));
#7506 = PLANE('',#7507);
#7507 = AXIS2_PLACEMENT_3D('',#7508,#7509,#7510);
#7508 = CARTESIAN_POINT('',(2.408333333333,-1.306666666667,3.95));
#7509 = DIRECTION('',(0.,-1.,0.));
#7510 = DIRECTION('',(-1.,0.,0.));
#7511 = ADVANCED_FACE('',(#7512),#7537,.T.);
#7512 = FACE_BOUND('',#7513,.T.);
#7513 = EDGE_LOOP('',(#7514,#7524,#7530,#7531));
#7514 = ORIENTED_EDGE('',*,*,#7515,.T.);
#7515 = EDGE_CURVE('',#7516,#7518,#7520,.T.);
#7516 = VERTEX_POINT('',#7517);
#7517 = CARTESIAN_POINT('',(2.408333333333,-0.678333333333,3.95));
#7518 = VERTEX_POINT('',#7519);
#7519 = CARTESIAN_POINT('',(2.408333333333,-0.678333333333,4.));
#7520 = LINE('',#7521,#7522);
#7521 = CARTESIAN_POINT('',(2.408333333333,-0.678333333333,3.95));
#7522 = VECTOR('',#7523,1.);
#7523 = DIRECTION('',(0.,0.,1.));
#7524 = ORIENTED_EDGE('',*,*,#7525,.T.);
#7525 = EDGE_CURVE('',#7518,#7487,#7526,.T.);
#7526 = LINE('',#7527,#7528);
#7527 = CARTESIAN_POINT('',(2.408333333333,-0.678333333333,4.));
#7528 = VECTOR('',#7529,1.);
#7529 = DIRECTION('',(0.,-1.,0.));
#7530 = ORIENTED_EDGE('',*,*,#7484,.F.);
#7531 = ORIENTED_EDGE('',*,*,#7532,.F.);
#7532 = EDGE_CURVE('',#7516,#7485,#7533,.T.);
#7533 = LINE('',#7534,#7535);
#7534 = CARTESIAN_POINT('',(2.408333333333,-0.678333333333,3.95));
#7535 = VECTOR('',#7536,1.);
#7536 = DIRECTION('',(0.,-1.,0.));
#7537 = PLANE('',#7538);
#7538 = AXIS2_PLACEMENT_3D('',#7539,#7540,#7541);
#7539 = CARTESIAN_POINT('',(2.408333333333,-0.678333333333,3.95));
#7540 = DIRECTION('',(1.,0.,0.));
#7541 = DIRECTION('',(0.,-1.,0.));
#7542 = ADVANCED_FACE('',(#7543),#7568,.T.);
#7543 = FACE_BOUND('',#7544,.T.);
#7544 = EDGE_LOOP('',(#7545,#7555,#7561,#7562));
#7545 = ORIENTED_EDGE('',*,*,#7546,.T.);
#7546 = EDGE_CURVE('',#7547,#7549,#7551,.T.);
#7547 = VERTEX_POINT('',#7548);
#7548 = CARTESIAN_POINT('',(2.408333333333,-0.578333333333,3.95));
#7549 = VERTEX_POINT('',#7550);
#7550 = CARTESIAN_POINT('',(2.408333333333,-0.578333333333,4.));
#7551 = LINE('',#7552,#7553);
#7552 = CARTESIAN_POINT('',(2.408333333333,-0.578333333333,3.95));
#7553 = VECTOR('',#7554,1.);
#7554 = DIRECTION('',(0.,0.,1.));
#7555 = ORIENTED_EDGE('',*,*,#7556,.T.);
#7556 = EDGE_CURVE('',#7549,#7518,#7557,.T.);
#7557 = LINE('',#7558,#7559);
#7558 = CARTESIAN_POINT('',(2.408333333333,-0.578333333333,4.));
#7559 = VECTOR('',#7560,1.);
#7560 = DIRECTION('',(0.,-1.,0.));
#7561 = ORIENTED_EDGE('',*,*,#7515,.F.);
#7562 = ORIENTED_EDGE('',*,*,#7563,.F.);
#7563 = EDGE_CURVE('',#7547,#7516,#7564,.T.);
#7564 = LINE('',#7565,#7566);
#7565 = CARTESIAN_POINT('',(2.408333333333,-0.578333333333,3.95));
#7566 = VECTOR('',#7567,1.);
#7567 = DIRECTION('',(0.,-1.,0.));
#7568 = PLANE('',#7569);
#7569 = AXIS2_PLACEMENT_3D('',#7570,#7571,#7572);
#7570 = CARTESIAN_POINT('',(2.408333333333,-0.578333333333,3.95));
#7571 = DIRECTION('',(1.,0.,0.));
#7572 = DIRECTION('',(0.,-1.,0.));
#7573 = ADVANCED_FACE('',(#7574),#7599,.T.);
#7574 = FACE_BOUND('',#7575,.T.);
#7575 = EDGE_LOOP('',(#7576,#7586,#7592,#7593));
#7576 = ORIENTED_EDGE('',*,*,#7577,.T.);
#7577 = EDGE_CURVE('',#7578,#7580,#7582,.T.);
#7578 = VERTEX_POINT('',#7579);
#7579 = CARTESIAN_POINT('',(1.091666666667,-0.578333333333,3.95));
#7580 = VERTEX_POINT('',#7581);
#7581 = CARTESIAN_POINT('',(1.091666666667,-0.578333333333,4.));
#7582 = LINE('',#7583,#7584);
#7583 = CARTESIAN_POINT('',(1.091666666667,-0.578333333333,3.95));
#7584 = VECTOR('',#7585,1.);
#7585 = DIRECTION('',(0.,0.,1.));
#7586 = ORIENTED_EDGE('',*,*,#7587,.T.);
#7587 = EDGE_CURVE('',#7580,#7549,#7588,.T.);
#7588 = LINE('',#7589,#7590);
#7589 = CARTESIAN_POINT('',(1.091666666667,-0.578333333333,4.));
#7590 = VECTOR('',#7591,1.);
#7591 = DIRECTION('',(1.,0.,0.));
#7592 = ORIENTED_EDGE('',*,*,#7546,.F.);
#7593 = ORIENTED_EDGE('',*,*,#7594,.F.);
#7594 = EDGE_CURVE('',#7578,#7547,#7595,.T.);
#7595 = LINE('',#7596,#7597);
#7596 = CARTESIAN_POINT('',(1.091666666667,-0.578333333333,3.95));
#7597 = VECTOR('',#7598,1.);
#7598 = DIRECTION('',(1.,0.,0.));
#7599 = PLANE('',#7600);
#7600 = AXIS2_PLACEMENT_3D('',#7601,#7602,#7603);
#7601 = CARTESIAN_POINT('',(1.091666666667,-0.578333333333,3.95));
#7602 = DIRECTION('',(0.,1.,0.));
#7603 = DIRECTION('',(1.,0.,0.));
#7604 = ADVANCED_FACE('',(#7605),#7630,.F.);
#7605 = FACE_BOUND('',#7606,.F.);
#7606 = EDGE_LOOP('',(#7607,#7608,#7616,#7624));
#7607 = ORIENTED_EDGE('',*,*,#7577,.T.);
#7608 = ORIENTED_EDGE('',*,*,#7609,.T.);
#7609 = EDGE_CURVE('',#7580,#7610,#7612,.T.);
#7610 = VERTEX_POINT('',#7611);
#7611 = CARTESIAN_POINT('',(1.091666666667,-5.E-02,4.));
#7612 = LINE('',#7613,#7614);
#7613 = CARTESIAN_POINT('',(1.091666666667,-0.578333333333,4.));
#7614 = VECTOR('',#7615,1.);
#7615 = DIRECTION('',(0.,1.,0.));
#7616 = ORIENTED_EDGE('',*,*,#7617,.F.);
#7617 = EDGE_CURVE('',#7618,#7610,#7620,.T.);
#7618 = VERTEX_POINT('',#7619);
#7619 = CARTESIAN_POINT('',(1.091666666667,-5.E-02,3.95));
#7620 = LINE('',#7621,#7622);
#7621 = CARTESIAN_POINT('',(1.091666666667,-5.E-02,3.95));
#7622 = VECTOR('',#7623,1.);
#7623 = DIRECTION('',(0.,0.,1.));
#7624 = ORIENTED_EDGE('',*,*,#7625,.F.);
#7625 = EDGE_CURVE('',#7578,#7618,#7626,.T.);
#7626 = LINE('',#7627,#7628);
#7627 = CARTESIAN_POINT('',(1.091666666667,-0.578333333333,3.95));
#7628 = VECTOR('',#7629,1.);
#7629 = DIRECTION('',(0.,1.,0.));
#7630 = PLANE('',#7631);
#7631 = AXIS2_PLACEMENT_3D('',#7632,#7633,#7634);
#7632 = CARTESIAN_POINT('',(1.091666666667,-0.578333333333,3.95));
#7633 = DIRECTION('',(-1.,0.,0.));
#7634 = DIRECTION('',(0.,1.,0.));
#7635 = ADVANCED_FACE('',(#7636),#7661,.F.);
#7636 = FACE_BOUND('',#7637,.F.);
#7637 = EDGE_LOOP('',(#7638,#7639,#7647,#7655));
#7638 = ORIENTED_EDGE('',*,*,#7617,.T.);
#7639 = ORIENTED_EDGE('',*,*,#7640,.T.);
#7640 = EDGE_CURVE('',#7610,#7641,#7643,.T.);
#7641 = VERTEX_POINT('',#7642);
#7642 = CARTESIAN_POINT('',(2.308333333333,-5.E-02,4.));
#7643 = LINE('',#7644,#7645);
#7644 = CARTESIAN_POINT('',(1.091666666667,-5.E-02,4.));
#7645 = VECTOR('',#7646,1.);
#7646 = DIRECTION('',(1.,0.,0.));
#7647 = ORIENTED_EDGE('',*,*,#7648,.F.);
#7648 = EDGE_CURVE('',#7649,#7641,#7651,.T.);
#7649 = VERTEX_POINT('',#7650);
#7650 = CARTESIAN_POINT('',(2.308333333333,-5.E-02,3.95));
#7651 = LINE('',#7652,#7653);
#7652 = CARTESIAN_POINT('',(2.308333333333,-5.E-02,3.95));
#7653 = VECTOR('',#7654,1.);
#7654 = DIRECTION('',(0.,0.,1.));
#7655 = ORIENTED_EDGE('',*,*,#7656,.F.);
#7656 = EDGE_CURVE('',#7618,#7649,#7657,.T.);
#7657 = LINE('',#7658,#7659);
#7658 = CARTESIAN_POINT('',(1.091666666667,-5.E-02,3.95));
#7659 = VECTOR('',#7660,1.);
#7660 = DIRECTION('',(1.,0.,0.));
#7661 = PLANE('',#7662);
#7662 = AXIS2_PLACEMENT_3D('',#7663,#7664,#7665);
#7663 = CARTESIAN_POINT('',(1.091666666667,-5.E-02,3.95));
#7664 = DIRECTION('',(0.,1.,0.));
#7665 = DIRECTION('',(1.,0.,0.));
#7666 = ADVANCED_FACE('',(#7667),#7692,.T.);
#7667 = FACE_BOUND('',#7668,.T.);
#7668 = EDGE_LOOP('',(#7669,#7679,#7685,#7686));
#7669 = ORIENTED_EDGE('',*,*,#7670,.T.);
#7670 = EDGE_CURVE('',#7671,#7673,#7675,.T.);
#7671 = VERTEX_POINT('',#7672);
#7672 = CARTESIAN_POINT('',(2.408333333333,-5.E-02,3.95));
#7673 = VERTEX_POINT('',#7674);
#7674 = CARTESIAN_POINT('',(2.408333333333,-5.E-02,4.));
#7675 = LINE('',#7676,#7677);
#7676 = CARTESIAN_POINT('',(2.408333333333,-5.E-02,3.95));
#7677 = VECTOR('',#7678,1.);
#7678 = DIRECTION('',(0.,0.,1.));
#7679 = ORIENTED_EDGE('',*,*,#7680,.T.);
#7680 = EDGE_CURVE('',#7673,#7641,#7681,.T.);
#7681 = LINE('',#7682,#7683);
#7682 = CARTESIAN_POINT('',(2.408333333333,-5.E-02,4.));
#7683 = VECTOR('',#7684,1.);
#7684 = DIRECTION('',(-1.,0.,0.));
#7685 = ORIENTED_EDGE('',*,*,#7648,.F.);
#7686 = ORIENTED_EDGE('',*,*,#7687,.F.);
#7687 = EDGE_CURVE('',#7671,#7649,#7688,.T.);
#7688 = LINE('',#7689,#7690);
#7689 = CARTESIAN_POINT('',(2.408333333333,-5.E-02,3.95));
#7690 = VECTOR('',#7691,1.);
#7691 = DIRECTION('',(-1.,0.,0.));
#7692 = PLANE('',#7693);
#7693 = AXIS2_PLACEMENT_3D('',#7694,#7695,#7696);
#7694 = CARTESIAN_POINT('',(2.408333333333,-5.E-02,3.95));
#7695 = DIRECTION('',(0.,-1.,0.));
#7696 = DIRECTION('',(-1.,0.,0.));
#7697 = ADVANCED_FACE('',(#7698),#7723,.T.);
#7698 = FACE_BOUND('',#7699,.T.);
#7699 = EDGE_LOOP('',(#7700,#7710,#7716,#7717));
#7700 = ORIENTED_EDGE('',*,*,#7701,.T.);
#7701 = EDGE_CURVE('',#7702,#7704,#7706,.T.);
#7702 = VERTEX_POINT('',#7703);
#7703 = CARTESIAN_POINT('',(2.408333333333,0.578333333333,3.95));
#7704 = VERTEX_POINT('',#7705);
#7705 = CARTESIAN_POINT('',(2.408333333333,0.578333333333,4.));
#7706 = LINE('',#7707,#7708);
#7707 = CARTESIAN_POINT('',(2.408333333333,0.578333333333,3.95));
#7708 = VECTOR('',#7709,1.);
#7709 = DIRECTION('',(0.,0.,1.));
#7710 = ORIENTED_EDGE('',*,*,#7711,.T.);
#7711 = EDGE_CURVE('',#7704,#7673,#7712,.T.);
#7712 = LINE('',#7713,#7714);
#7713 = CARTESIAN_POINT('',(2.408333333333,0.578333333333,4.));
#7714 = VECTOR('',#7715,1.);
#7715 = DIRECTION('',(0.,-1.,0.));
#7716 = ORIENTED_EDGE('',*,*,#7670,.F.);
#7717 = ORIENTED_EDGE('',*,*,#7718,.F.);
#7718 = EDGE_CURVE('',#7702,#7671,#7719,.T.);
#7719 = LINE('',#7720,#7721);
#7720 = CARTESIAN_POINT('',(2.408333333333,0.578333333333,3.95));
#7721 = VECTOR('',#7722,1.);
#7722 = DIRECTION('',(0.,-1.,0.));
#7723 = PLANE('',#7724);
#7724 = AXIS2_PLACEMENT_3D('',#7725,#7726,#7727);
#7725 = CARTESIAN_POINT('',(2.408333333333,0.578333333333,3.95));
#7726 = DIRECTION('',(1.,0.,0.));
#7727 = DIRECTION('',(0.,-1.,0.));
#7728 = ADVANCED_FACE('',(#7729),#7754,.T.);
#7729 = FACE_BOUND('',#7730,.T.);
#7730 = EDGE_LOOP('',(#7731,#7741,#7747,#7748));
#7731 = ORIENTED_EDGE('',*,*,#7732,.T.);
#7732 = EDGE_CURVE('',#7733,#7735,#7737,.T.);
#7733 = VERTEX_POINT('',#7734);
#7734 = CARTESIAN_POINT('',(2.408333333333,0.678333333333,3.95));
#7735 = VERTEX_POINT('',#7736);
#7736 = CARTESIAN_POINT('',(2.408333333333,0.678333333333,4.));
#7737 = LINE('',#7738,#7739);
#7738 = CARTESIAN_POINT('',(2.408333333333,0.678333333333,3.95));
#7739 = VECTOR('',#7740,1.);
#7740 = DIRECTION('',(0.,0.,1.));
#7741 = ORIENTED_EDGE('',*,*,#7742,.T.);
#7742 = EDGE_CURVE('',#7735,#7704,#7743,.T.);
#7743 = LINE('',#7744,#7745);
#7744 = CARTESIAN_POINT('',(2.408333333333,0.678333333333,4.));
#7745 = VECTOR('',#7746,1.);
#7746 = DIRECTION('',(0.,-1.,0.));
#7747 = ORIENTED_EDGE('',*,*,#7701,.F.);
#7748 = ORIENTED_EDGE('',*,*,#7749,.F.);
#7749 = EDGE_CURVE('',#7733,#7702,#7750,.T.);
#7750 = LINE('',#7751,#7752);
#7751 = CARTESIAN_POINT('',(2.408333333333,0.678333333333,3.95));
#7752 = VECTOR('',#7753,1.);
#7753 = DIRECTION('',(0.,-1.,0.));
#7754 = PLANE('',#7755);
#7755 = AXIS2_PLACEMENT_3D('',#7756,#7757,#7758);
#7756 = CARTESIAN_POINT('',(2.408333333333,0.678333333333,3.95));
#7757 = DIRECTION('',(1.,0.,0.));
#7758 = DIRECTION('',(0.,-1.,0.));
#7759 = ADVANCED_FACE('',(#7760),#7785,.T.);
#7760 = FACE_BOUND('',#7761,.T.);
#7761 = EDGE_LOOP('',(#7762,#7772,#7778,#7779));
#7762 = ORIENTED_EDGE('',*,*,#7763,.T.);
#7763 = EDGE_CURVE('',#7764,#7766,#7768,.T.);
#7764 = VERTEX_POINT('',#7765);
#7765 = CARTESIAN_POINT('',(1.091666666667,0.678333333333,3.95));
#7766 = VERTEX_POINT('',#7767);
#7767 = CARTESIAN_POINT('',(1.091666666667,0.678333333333,4.));
#7768 = LINE('',#7769,#7770);
#7769 = CARTESIAN_POINT('',(1.091666666667,0.678333333333,3.95));
#7770 = VECTOR('',#7771,1.);
#7771 = DIRECTION('',(0.,0.,1.));
#7772 = ORIENTED_EDGE('',*,*,#7773,.T.);
#7773 = EDGE_CURVE('',#7766,#7735,#7774,.T.);
#7774 = LINE('',#7775,#7776);
#7775 = CARTESIAN_POINT('',(1.091666666667,0.678333333333,4.));
#7776 = VECTOR('',#7777,1.);
#7777 = DIRECTION('',(1.,0.,0.));
#7778 = ORIENTED_EDGE('',*,*,#7732,.F.);
#7779 = ORIENTED_EDGE('',*,*,#7780,.F.);
#7780 = EDGE_CURVE('',#7764,#7733,#7781,.T.);
#7781 = LINE('',#7782,#7783);
#7782 = CARTESIAN_POINT('',(1.091666666667,0.678333333333,3.95));
#7783 = VECTOR('',#7784,1.);
#7784 = DIRECTION('',(1.,0.,0.));
#7785 = PLANE('',#7786);
#7786 = AXIS2_PLACEMENT_3D('',#7787,#7788,#7789);
#7787 = CARTESIAN_POINT('',(1.091666666667,0.678333333333,3.95));
#7788 = DIRECTION('',(0.,1.,0.));
#7789 = DIRECTION('',(1.,0.,0.));
#7790 = ADVANCED_FACE('',(#7791),#7816,.F.);
#7791 = FACE_BOUND('',#7792,.F.);
#7792 = EDGE_LOOP('',(#7793,#7794,#7802,#7810));
#7793 = ORIENTED_EDGE('',*,*,#7763,.T.);
#7794 = ORIENTED_EDGE('',*,*,#7795,.T.);
#7795 = EDGE_CURVE('',#7766,#7796,#7798,.T.);
#7796 = VERTEX_POINT('',#7797);
#7797 = CARTESIAN_POINT('',(1.091666666667,1.206666666667,4.));
#7798 = LINE('',#7799,#7800);
#7799 = CARTESIAN_POINT('',(1.091666666667,0.678333333333,4.));
#7800 = VECTOR('',#7801,1.);
#7801 = DIRECTION('',(0.,1.,0.));
#7802 = ORIENTED_EDGE('',*,*,#7803,.F.);
#7803 = EDGE_CURVE('',#7804,#7796,#7806,.T.);
#7804 = VERTEX_POINT('',#7805);
#7805 = CARTESIAN_POINT('',(1.091666666667,1.206666666667,3.95));
#7806 = LINE('',#7807,#7808);
#7807 = CARTESIAN_POINT('',(1.091666666667,1.206666666667,3.95));
#7808 = VECTOR('',#7809,1.);
#7809 = DIRECTION('',(0.,0.,1.));
#7810 = ORIENTED_EDGE('',*,*,#7811,.F.);
#7811 = EDGE_CURVE('',#7764,#7804,#7812,.T.);
#7812 = LINE('',#7813,#7814);
#7813 = CARTESIAN_POINT('',(1.091666666667,0.678333333333,3.95));
#7814 = VECTOR('',#7815,1.);
#7815 = DIRECTION('',(0.,1.,0.));
#7816 = PLANE('',#7817);
#7817 = AXIS2_PLACEMENT_3D('',#7818,#7819,#7820);
#7818 = CARTESIAN_POINT('',(1.091666666667,0.678333333333,3.95));
#7819 = DIRECTION('',(-1.,0.,0.));
#7820 = DIRECTION('',(0.,1.,0.));
#7821 = ADVANCED_FACE('',(#7822),#7847,.F.);
#7822 = FACE_BOUND('',#7823,.F.);
#7823 = EDGE_LOOP('',(#7824,#7825,#7833,#7841));
#7824 = ORIENTED_EDGE('',*,*,#7803,.T.);
#7825 = ORIENTED_EDGE('',*,*,#7826,.T.);
#7826 = EDGE_CURVE('',#7796,#7827,#7829,.T.);
#7827 = VERTEX_POINT('',#7828);
#7828 = CARTESIAN_POINT('',(2.79,1.206666666667,4.));
#7829 = LINE('',#7830,#7831);
#7830 = CARTESIAN_POINT('',(1.091666666667,1.206666666667,4.));
#7831 = VECTOR('',#7832,1.);
#7832 = DIRECTION('',(1.,0.,0.));
#7833 = ORIENTED_EDGE('',*,*,#7834,.F.);
#7834 = EDGE_CURVE('',#7835,#7827,#7837,.T.);
#7835 = VERTEX_POINT('',#7836);
#7836 = CARTESIAN_POINT('',(2.79,1.206666666667,3.95));
#7837 = LINE('',#7838,#7839);
#7838 = CARTESIAN_POINT('',(2.79,1.206666666667,3.95));
#7839 = VECTOR('',#7840,1.);
#7840 = DIRECTION('',(0.,0.,1.));
#7841 = ORIENTED_EDGE('',*,*,#7842,.F.);
#7842 = EDGE_CURVE('',#7804,#7835,#7843,.T.);
#7843 = LINE('',#7844,#7845);
#7844 = CARTESIAN_POINT('',(1.091666666667,1.206666666667,3.95));
#7845 = VECTOR('',#7846,1.);
#7846 = DIRECTION('',(1.,0.,0.));
#7847 = PLANE('',#7848);
#7848 = AXIS2_PLACEMENT_3D('',#7849,#7850,#7851);
#7849 = CARTESIAN_POINT('',(1.091666666667,1.206666666667,3.95));
#7850 = DIRECTION('',(0.,1.,0.));
#7851 = DIRECTION('',(1.,0.,0.));
#7852 = ADVANCED_FACE('',(#7853),#7878,.T.);
#7853 = FACE_BOUND('',#7854,.T.);
#7854 = EDGE_LOOP('',(#7855,#7865,#7871,#7872));
#7855 = ORIENTED_EDGE('',*,*,#7856,.T.);
#7856 = EDGE_CURVE('',#7857,#7859,#7861,.T.);
#7857 = VERTEX_POINT('',#7858);
#7858 = CARTESIAN_POINT('',(2.89,1.206666666667,3.95));
#7859 = VERTEX_POINT('',#7860);
#7860 = CARTESIAN_POINT('',(2.89,1.206666666667,4.));
#7861 = LINE('',#7862,#7863);
#7862 = CARTESIAN_POINT('',(2.89,1.206666666667,3.95));
#7863 = VECTOR('',#7864,1.);
#7864 = DIRECTION('',(0.,0.,1.));
#7865 = ORIENTED_EDGE('',*,*,#7866,.T.);
#7866 = EDGE_CURVE('',#7859,#7827,#7867,.T.);
#7867 = LINE('',#7868,#7869);
#7868 = CARTESIAN_POINT('',(2.89,1.206666666667,4.));
#7869 = VECTOR('',#7870,1.);
#7870 = DIRECTION('',(-1.,0.,0.));
#7871 = ORIENTED_EDGE('',*,*,#7834,.F.);
#7872 = ORIENTED_EDGE('',*,*,#7873,.F.);
#7873 = EDGE_CURVE('',#7857,#7835,#7874,.T.);
#7874 = LINE('',#7875,#7876);
#7875 = CARTESIAN_POINT('',(2.89,1.206666666667,3.95));
#7876 = VECTOR('',#7877,1.);
#7877 = DIRECTION('',(-1.,0.,0.));
#7878 = PLANE('',#7879);
#7879 = AXIS2_PLACEMENT_3D('',#7880,#7881,#7882);
#7880 = CARTESIAN_POINT('',(2.89,1.206666666667,3.95));
#7881 = DIRECTION('',(0.,-1.,0.));
#7882 = DIRECTION('',(-1.,0.,0.));
#7883 = ADVANCED_FACE('',(#7884),#7900,.T.);
#7884 = FACE_BOUND('',#7885,.T.);
#7885 = EDGE_LOOP('',(#7886,#7887,#7893,#7894));
#7886 = ORIENTED_EDGE('',*,*,#6669,.T.);
#7887 = ORIENTED_EDGE('',*,*,#7888,.T.);
#7888 = EDGE_CURVE('',#6672,#7859,#7889,.T.);
#7889 = LINE('',#7890,#7891);
#7890 = CARTESIAN_POINT('',(2.89,1.835,4.));
#7891 = VECTOR('',#7892,1.);
#7892 = DIRECTION('',(0.,-1.,0.));
#7893 = ORIENTED_EDGE('',*,*,#7856,.F.);
#7894 = ORIENTED_EDGE('',*,*,#7895,.F.);
#7895 = EDGE_CURVE('',#6670,#7857,#7896,.T.);
#7896 = LINE('',#7897,#7898);
#7897 = CARTESIAN_POINT('',(2.89,1.835,3.95));
#7898 = VECTOR('',#7899,1.);
#7899 = DIRECTION('',(0.,-1.,0.));
#7900 = PLANE('',#7901);
#7901 = AXIS2_PLACEMENT_3D('',#7902,#7903,#7904);
#7902 = CARTESIAN_POINT('',(2.89,1.835,3.95));
#7903 = DIRECTION('',(1.,0.,0.));
#7904 = DIRECTION('',(0.,-1.,0.));
#7905 = ADVANCED_FACE('',(#7906),#7948,.T.);
#7906 = FACE_BOUND('',#7907,.F.);
#7907 = EDGE_LOOP('',(#7908,#7909,#7910,#7911,#7912,#7913,#7914,#7915,
    #7916,#7917,#7918,#7919,#7920,#7921,#7922,#7923,#7924,#7925,#7926,
    #7927,#7928,#7929,#7930,#7931,#7932,#7933,#7934,#7935,#7936,#7937,
    #7938,#7939,#7940,#7941,#7942,#7943,#7944,#7945,#7946,#7947));
#7908 = ORIENTED_EDGE('',*,*,#6695,.T.);
#7909 = ORIENTED_EDGE('',*,*,#6726,.T.);
#7910 = ORIENTED_EDGE('',*,*,#6757,.T.);
#7911 = ORIENTED_EDGE('',*,*,#6788,.T.);
#7912 = ORIENTED_EDGE('',*,*,#6819,.F.);
#7913 = ORIENTED_EDGE('',*,*,#6850,.T.);
#7914 = ORIENTED_EDGE('',*,*,#6881,.T.);
#7915 = ORIENTED_EDGE('',*,*,#6912,.T.);
#7916 = ORIENTED_EDGE('',*,*,#6943,.T.);
#7917 = ORIENTED_EDGE('',*,*,#6974,.F.);
#7918 = ORIENTED_EDGE('',*,*,#7005,.T.);
#7919 = ORIENTED_EDGE('',*,*,#7036,.T.);
#7920 = ORIENTED_EDGE('',*,*,#7067,.T.);
#7921 = ORIENTED_EDGE('',*,*,#7098,.T.);
#7922 = ORIENTED_EDGE('',*,*,#7129,.T.);
#7923 = ORIENTED_EDGE('',*,*,#7160,.F.);
#7924 = ORIENTED_EDGE('',*,*,#7191,.F.);
#7925 = ORIENTED_EDGE('',*,*,#7222,.T.);
#7926 = ORIENTED_EDGE('',*,*,#7253,.T.);
#7927 = ORIENTED_EDGE('',*,*,#7284,.T.);
#7928 = ORIENTED_EDGE('',*,*,#7315,.T.);
#7929 = ORIENTED_EDGE('',*,*,#7346,.F.);
#7930 = ORIENTED_EDGE('',*,*,#7377,.F.);
#7931 = ORIENTED_EDGE('',*,*,#7408,.F.);
#7932 = ORIENTED_EDGE('',*,*,#7439,.T.);
#7933 = ORIENTED_EDGE('',*,*,#7470,.T.);
#7934 = ORIENTED_EDGE('',*,*,#7501,.F.);
#7935 = ORIENTED_EDGE('',*,*,#7532,.F.);
#7936 = ORIENTED_EDGE('',*,*,#7563,.F.);
#7937 = ORIENTED_EDGE('',*,*,#7594,.F.);
#7938 = ORIENTED_EDGE('',*,*,#7625,.T.);
#7939 = ORIENTED_EDGE('',*,*,#7656,.T.);
#7940 = ORIENTED_EDGE('',*,*,#7687,.F.);
#7941 = ORIENTED_EDGE('',*,*,#7718,.F.);
#7942 = ORIENTED_EDGE('',*,*,#7749,.F.);
#7943 = ORIENTED_EDGE('',*,*,#7780,.F.);
#7944 = ORIENTED_EDGE('',*,*,#7811,.T.);
#7945 = ORIENTED_EDGE('',*,*,#7842,.T.);
#7946 = ORIENTED_EDGE('',*,*,#7873,.F.);
#7947 = ORIENTED_EDGE('',*,*,#7895,.F.);
#7948 = PLANE('',#7949);
#7949 = AXIS2_PLACEMENT_3D('',#7950,#7951,#7952);
#7950 = CARTESIAN_POINT('',(2.89,1.835,3.95));
#7951 = DIRECTION('',(0.,0.,-1.));
#7952 = DIRECTION('',(-1.,0.,0.));
#7953 = ADVANCED_FACE('',(#7954),#7996,.F.);
#7954 = FACE_BOUND('',#7955,.T.);
#7955 = EDGE_LOOP('',(#7956,#7957,#7958,#7959,#7960,#7961,#7962,#7963,
    #7964,#7965,#7966,#7967,#7968,#7969,#7970,#7971,#7972,#7973,#7974,
    #7975,#7976,#7977,#7978,#7979,#7980,#7981,#7982,#7983,#7984,#7985,
    #7986,#7987,#7988,#7989,#7990,#7991,#7992,#7993,#7994,#7995));
#7956 = ORIENTED_EDGE('',*,*,#6679,.T.);
#7957 = ORIENTED_EDGE('',*,*,#6710,.T.);
#7958 = ORIENTED_EDGE('',*,*,#6741,.T.);
#7959 = ORIENTED_EDGE('',*,*,#6772,.T.);
#7960 = ORIENTED_EDGE('',*,*,#6812,.F.);
#7961 = ORIENTED_EDGE('',*,*,#6834,.T.);
#7962 = ORIENTED_EDGE('',*,*,#6865,.T.);
#7963 = ORIENTED_EDGE('',*,*,#6896,.T.);
#7964 = ORIENTED_EDGE('',*,*,#6927,.T.);
#7965 = ORIENTED_EDGE('',*,*,#6967,.F.);
#7966 = ORIENTED_EDGE('',*,*,#6989,.T.);
#7967 = ORIENTED_EDGE('',*,*,#7020,.T.);
#7968 = ORIENTED_EDGE('',*,*,#7051,.T.);
#7969 = ORIENTED_EDGE('',*,*,#7082,.T.);
#7970 = ORIENTED_EDGE('',*,*,#7113,.T.);
#7971 = ORIENTED_EDGE('',*,*,#7153,.F.);
#7972 = ORIENTED_EDGE('',*,*,#7184,.F.);
#7973 = ORIENTED_EDGE('',*,*,#7206,.T.);
#7974 = ORIENTED_EDGE('',*,*,#7237,.T.);
#7975 = ORIENTED_EDGE('',*,*,#7268,.T.);
#7976 = ORIENTED_EDGE('',*,*,#7299,.T.);
#7977 = ORIENTED_EDGE('',*,*,#7339,.F.);
#7978 = ORIENTED_EDGE('',*,*,#7370,.F.);
#7979 = ORIENTED_EDGE('',*,*,#7401,.F.);
#7980 = ORIENTED_EDGE('',*,*,#7423,.T.);
#7981 = ORIENTED_EDGE('',*,*,#7454,.T.);
#7982 = ORIENTED_EDGE('',*,*,#7494,.F.);
#7983 = ORIENTED_EDGE('',*,*,#7525,.F.);
#7984 = ORIENTED_EDGE('',*,*,#7556,.F.);
#7985 = ORIENTED_EDGE('',*,*,#7587,.F.);
#7986 = ORIENTED_EDGE('',*,*,#7609,.T.);
#7987 = ORIENTED_EDGE('',*,*,#7640,.T.);
#7988 = ORIENTED_EDGE('',*,*,#7680,.F.);
#7989 = ORIENTED_EDGE('',*,*,#7711,.F.);
#7990 = ORIENTED_EDGE('',*,*,#7742,.F.);
#7991 = ORIENTED_EDGE('',*,*,#7773,.F.);
#7992 = ORIENTED_EDGE('',*,*,#7795,.T.);
#7993 = ORIENTED_EDGE('',*,*,#7826,.T.);
#7994 = ORIENTED_EDGE('',*,*,#7866,.F.);
#7995 = ORIENTED_EDGE('',*,*,#7888,.F.);
#7996 = PLANE('',#7997);
#7997 = AXIS2_PLACEMENT_3D('',#7998,#7999,#8000);
#7998 = CARTESIAN_POINT('',(2.89,1.835,4.));
#7999 = DIRECTION('',(0.,0.,-1.));
#8000 = DIRECTION('',(-1.,0.,0.));
#8001 = ( GEOMETRIC_REPRESENTATION_CONTEXT(3) 
GLOBAL_UNCERTAINTY_ASSIGNED_CONTEXT((#8005)) 
GLOBAL_UNIT_ASSIGNED_CONTEXT((#8002,#8003,#8004)) REPRESENTATION_CONTEXT
('Context #1','3D Context with UNIT and UNCERTAINTY') );
#8002 = ( LENGTH_UNIT() NAMED_UNIT(*) SI_UNIT(.MILLI.,.METRE.) );
#8003 = ( NAMED_UNIT(*) PLANE_ANGLE_UNIT() SI_UNIT($,.RADIAN.) );
#8004 = ( NAMED_UNIT(*) SI_UNIT($,.STERADIAN.) SOLID_ANGLE_UNIT() );
#8005 = UNCERTAINTY_MEASURE_WITH_UNIT(LENGTH_MEASURE(1.E-07),#8002,
  'distance_accuracy_value','confusion accuracy');
#8006 = CONTEXT_DEPENDENT_SHAPE_REPRESENTATION(#8007,#8009);
#8007 = ( REPRESENTATION_RELATIONSHIP('','',#6328,#10) 
REPRESENTATION_RELATIONSHIP_WITH_TRANSFORMATION(#8008) 
SHAPE_REPRESENTATION_RELATIONSHIP() );
#8008 = ITEM_DEFINED_TRANSFORMATION('','',#11,#23);
#8009 = PRODUCT_DEFINITION_SHAPE('Placement','Placement of an item',
  #8010);
#8010 = NEXT_ASSEMBLY_USAGE_OCCURRENCE('3','R1','',#5,#6323,$);
#8011 = PRODUCT_RELATED_PRODUCT_CATEGORY('part',$,(#6325));
#8012 = SHAPE_DEFINITION_REPRESENTATION(#8013,#8019);
#8013 = PRODUCT_DEFINITION_SHAPE('','',#8014);
#8014 = PRODUCT_DEFINITION('design','',#8015,#8018);
#8015 = PRODUCT_DEFINITION_FORMATION('','',#8016);
#8016 = PRODUCT('C_1206_3216Metric','C_1206_3216Metric','',(#8017));
#8017 = PRODUCT_CONTEXT('',#2,'mechanical');
#8018 = PRODUCT_DEFINITION_CONTEXT('part definition',#2,'design');
#8019 = ADVANCED_BREP_SHAPE_REPRESENTATION('',(#11,#8020),#8874);
#8020 = MANIFOLD_SOLID_BREP('',#8021);
#8021 = CLOSED_SHELL('',(#8022,#8098,#8129,#8154,#8179,#8203,#8227,#8252
    ,#8277,#8294,#8380,#8412,#8436,#8461,#8485,#8510,#8534,#8559,#8576,
    #8662,#8693,#8718,#8743,#8767,#8791,#8816,#8841,#8858));
#8022 = ADVANCED_FACE('',(#8023),#8093,.F.);
#8023 = FACE_BOUND('',#8024,.F.);
#8024 = EDGE_LOOP('',(#8025,#8035,#8044,#8052,#8061,#8069,#8078,#8086));
#8025 = ORIENTED_EDGE('',*,*,#8026,.F.);
#8026 = EDGE_CURVE('',#8027,#8029,#8031,.T.);
#8027 = VERTEX_POINT('',#8028);
#8028 = CARTESIAN_POINT('',(-1.6,-0.8,4.E-02));
#8029 = VERTEX_POINT('',#8030);
#8030 = CARTESIAN_POINT('',(-1.6,-0.8,1.56));
#8031 = LINE('',#8032,#8033);
#8032 = CARTESIAN_POINT('',(-1.6,-0.8,0.));
#8033 = VECTOR('',#8034,1.);
#8034 = DIRECTION('',(0.,0.,1.));
#8035 = ORIENTED_EDGE('',*,*,#8036,.T.);
#8036 = EDGE_CURVE('',#8027,#8037,#8039,.T.);
#8037 = VERTEX_POINT('',#8038);
#8038 = CARTESIAN_POINT('',(-1.6,-0.76,0.));
#8039 = CIRCLE('',#8040,4.E-02);
#8040 = AXIS2_PLACEMENT_3D('',#8041,#8042,#8043);
#8041 = CARTESIAN_POINT('',(-1.6,-0.76,4.E-02));
#8042 = DIRECTION('',(1.,0.,-0.));
#8043 = DIRECTION('',(0.,0.,1.));
#8044 = ORIENTED_EDGE('',*,*,#8045,.T.);
#8045 = EDGE_CURVE('',#8037,#8046,#8048,.T.);
#8046 = VERTEX_POINT('',#8047);
#8047 = CARTESIAN_POINT('',(-1.6,0.76,0.));
#8048 = LINE('',#8049,#8050);
#8049 = CARTESIAN_POINT('',(-1.6,-0.8,0.));
#8050 = VECTOR('',#8051,1.);
#8051 = DIRECTION('',(0.,1.,0.));
#8052 = ORIENTED_EDGE('',*,*,#8053,.F.);
#8053 = EDGE_CURVE('',#8054,#8046,#8056,.T.);
#8054 = VERTEX_POINT('',#8055);
#8055 = CARTESIAN_POINT('',(-1.6,0.8,4.E-02));
#8056 = CIRCLE('',#8057,4.E-02);
#8057 = AXIS2_PLACEMENT_3D('',#8058,#8059,#8060);
#8058 = CARTESIAN_POINT('',(-1.6,0.76,4.E-02));
#8059 = DIRECTION('',(-1.,0.,0.));
#8060 = DIRECTION('',(0.,0.,1.));
#8061 = ORIENTED_EDGE('',*,*,#8062,.T.);
#8062 = EDGE_CURVE('',#8054,#8063,#8065,.T.);
#8063 = VERTEX_POINT('',#8064);
#8064 = CARTESIAN_POINT('',(-1.6,0.8,1.56));
#8065 = LINE('',#8066,#8067);
#8066 = CARTESIAN_POINT('',(-1.6,0.8,0.));
#8067 = VECTOR('',#8068,1.);
#8068 = DIRECTION('',(0.,0.,1.));
#8069 = ORIENTED_EDGE('',*,*,#8070,.T.);
#8070 = EDGE_CURVE('',#8063,#8071,#8073,.T.);
#8071 = VERTEX_POINT('',#8072);
#8072 = CARTESIAN_POINT('',(-1.6,0.76,1.6));
#8073 = CIRCLE('',#8074,4.E-02);
#8074 = AXIS2_PLACEMENT_3D('',#8075,#8076,#8077);
#8075 = CARTESIAN_POINT('',(-1.6,0.76,1.56));
#8076 = DIRECTION('',(1.,0.,-0.));
#8077 = DIRECTION('',(0.,0.,1.));
#8078 = ORIENTED_EDGE('',*,*,#8079,.F.);
#8079 = EDGE_CURVE('',#8080,#8071,#8082,.T.);
#8080 = VERTEX_POINT('',#8081);
#8081 = CARTESIAN_POINT('',(-1.6,-0.76,1.6));
#8082 = LINE('',#8083,#8084);
#8083 = CARTESIAN_POINT('',(-1.6,-0.8,1.6));
#8084 = VECTOR('',#8085,1.);
#8085 = DIRECTION('',(0.,1.,0.));
#8086 = ORIENTED_EDGE('',*,*,#8087,.F.);
#8087 = EDGE_CURVE('',#8029,#8080,#8088,.T.);
#8088 = CIRCLE('',#8089,4.E-02);
#8089 = AXIS2_PLACEMENT_3D('',#8090,#8091,#8092);
#8090 = CARTESIAN_POINT('',(-1.6,-0.76,1.56));
#8091 = DIRECTION('',(-1.,0.,0.));
#8092 = DIRECTION('',(0.,0.,1.));
#8093 = PLANE('',#8094);
#8094 = AXIS2_PLACEMENT_3D('',#8095,#8096,#8097);
#8095 = CARTESIAN_POINT('',(-1.6,-0.8,0.));
#8096 = DIRECTION('',(1.,0.,0.));
#8097 = DIRECTION('',(0.,0.,1.));
#8098 = ADVANCED_FACE('',(#8099),#8124,.F.);
#8099 = FACE_BOUND('',#8100,.F.);
#8100 = EDGE_LOOP('',(#8101,#8111,#8117,#8118));
#8101 = ORIENTED_EDGE('',*,*,#8102,.F.);
#8102 = EDGE_CURVE('',#8103,#8105,#8107,.T.);
#8103 = VERTEX_POINT('',#8104);
#8104 = CARTESIAN_POINT('',(-1.2,-0.8,4.E-02));
#8105 = VERTEX_POINT('',#8106);
#8106 = CARTESIAN_POINT('',(-1.2,-0.8,1.56));
#8107 = LINE('',#8108,#8109);
#8108 = CARTESIAN_POINT('',(-1.2,-0.8,0.));
#8109 = VECTOR('',#8110,1.);
#8110 = DIRECTION('',(0.,0.,1.));
#8111 = ORIENTED_EDGE('',*,*,#8112,.F.);
#8112 = EDGE_CURVE('',#8027,#8103,#8113,.T.);
#8113 = LINE('',#8114,#8115);
#8114 = CARTESIAN_POINT('',(-1.6,-0.8,4.E-02));
#8115 = VECTOR('',#8116,1.);
#8116 = DIRECTION('',(1.,0.,0.));
#8117 = ORIENTED_EDGE('',*,*,#8026,.T.);
#8118 = ORIENTED_EDGE('',*,*,#8119,.T.);
#8119 = EDGE_CURVE('',#8029,#8105,#8120,.T.);
#8120 = LINE('',#8121,#8122);
#8121 = CARTESIAN_POINT('',(-1.6,-0.8,1.56));
#8122 = VECTOR('',#8123,1.);
#8123 = DIRECTION('',(1.,0.,0.));
#8124 = PLANE('',#8125);
#8125 = AXIS2_PLACEMENT_3D('',#8126,#8127,#8128);
#8126 = CARTESIAN_POINT('',(-1.6,-0.8,0.));
#8127 = DIRECTION('',(0.,1.,0.));
#8128 = DIRECTION('',(0.,-0.,1.));
#8129 = ADVANCED_FACE('',(#8130),#8149,.T.);
#8130 = FACE_BOUND('',#8131,.T.);
#8131 = EDGE_LOOP('',(#8132,#8133,#8141,#8148));
#8132 = ORIENTED_EDGE('',*,*,#8036,.T.);
#8133 = ORIENTED_EDGE('',*,*,#8134,.T.);
#8134 = EDGE_CURVE('',#8037,#8135,#8137,.T.);
#8135 = VERTEX_POINT('',#8136);
#8136 = CARTESIAN_POINT('',(-1.2,-0.76,0.));
#8137 = LINE('',#8138,#8139);
#8138 = CARTESIAN_POINT('',(-1.6,-0.76,0.));
#8139 = VECTOR('',#8140,1.);
#8140 = DIRECTION('',(1.,0.,0.));
#8141 = ORIENTED_EDGE('',*,*,#8142,.F.);
#8142 = EDGE_CURVE('',#8103,#8135,#8143,.T.);
#8143 = CIRCLE('',#8144,4.E-02);
#8144 = AXIS2_PLACEMENT_3D('',#8145,#8146,#8147);
#8145 = CARTESIAN_POINT('',(-1.2,-0.76,4.E-02));
#8146 = DIRECTION('',(1.,0.,-0.));
#8147 = DIRECTION('',(0.,0.,1.));
#8148 = ORIENTED_EDGE('',*,*,#8112,.F.);
#8149 = CYLINDRICAL_SURFACE('',#8150,4.E-02);
#8150 = AXIS2_PLACEMENT_3D('',#8151,#8152,#8153);
#8151 = CARTESIAN_POINT('',(-1.6,-0.76,4.E-02));
#8152 = DIRECTION('',(1.,0.,0.));
#8153 = DIRECTION('',(0.,-1.,0.));
#8154 = ADVANCED_FACE('',(#8155),#8174,.T.);
#8155 = FACE_BOUND('',#8156,.T.);
#8156 = EDGE_LOOP('',(#8157,#8158,#8167,#8173));
#8157 = ORIENTED_EDGE('',*,*,#8119,.T.);
#8158 = ORIENTED_EDGE('',*,*,#8159,.T.);
#8159 = EDGE_CURVE('',#8105,#8160,#8162,.T.);
#8160 = VERTEX_POINT('',#8161);
#8161 = CARTESIAN_POINT('',(-1.2,-0.76,1.6));
#8162 = CIRCLE('',#8163,4.E-02);
#8163 = AXIS2_PLACEMENT_3D('',#8164,#8165,#8166);
#8164 = CARTESIAN_POINT('',(-1.2,-0.76,1.56));
#8165 = DIRECTION('',(-1.,0.,0.));
#8166 = DIRECTION('',(0.,0.,1.));
#8167 = ORIENTED_EDGE('',*,*,#8168,.F.);
#8168 = EDGE_CURVE('',#8080,#8160,#8169,.T.);
#8169 = LINE('',#8170,#8171);
#8170 = CARTESIAN_POINT('',(-1.6,-0.76,1.6));
#8171 = VECTOR('',#8172,1.);
#8172 = DIRECTION('',(1.,0.,0.));
#8173 = ORIENTED_EDGE('',*,*,#8087,.F.);
#8174 = CYLINDRICAL_SURFACE('',#8175,4.E-02);
#8175 = AXIS2_PLACEMENT_3D('',#8176,#8177,#8178);
#8176 = CARTESIAN_POINT('',(-1.6,-0.76,1.56));
#8177 = DIRECTION('',(1.,0.,0.));
#8178 = DIRECTION('',(0.,-1.,0.));
#8179 = ADVANCED_FACE('',(#8180),#8198,.F.);
#8180 = FACE_BOUND('',#8181,.F.);
#8181 = EDGE_LOOP('',(#8182,#8183,#8184,#8192));
#8182 = ORIENTED_EDGE('',*,*,#8045,.F.);
#8183 = ORIENTED_EDGE('',*,*,#8134,.T.);
#8184 = ORIENTED_EDGE('',*,*,#8185,.T.);
#8185 = EDGE_CURVE('',#8135,#8186,#8188,.T.);
#8186 = VERTEX_POINT('',#8187);
#8187 = CARTESIAN_POINT('',(-1.2,0.76,0.));
#8188 = LINE('',#8189,#8190);
#8189 = CARTESIAN_POINT('',(-1.2,-0.8,0.));
#8190 = VECTOR('',#8191,1.);
#8191 = DIRECTION('',(0.,1.,0.));
#8192 = ORIENTED_EDGE('',*,*,#8193,.F.);
#8193 = EDGE_CURVE('',#8046,#8186,#8194,.T.);
#8194 = LINE('',#8195,#8196);
#8195 = CARTESIAN_POINT('',(-1.6,0.76,0.));
#8196 = VECTOR('',#8197,1.);
#8197 = DIRECTION('',(1.,0.,0.));
#8198 = PLANE('',#8199);
#8199 = AXIS2_PLACEMENT_3D('',#8200,#8201,#8202);
#8200 = CARTESIAN_POINT('',(-1.6,-0.8,0.));
#8201 = DIRECTION('',(0.,0.,1.));
#8202 = DIRECTION('',(1.,0.,-0.));
#8203 = ADVANCED_FACE('',(#8204),#8222,.T.);
#8204 = FACE_BOUND('',#8205,.T.);
#8205 = EDGE_LOOP('',(#8206,#8207,#8208,#8216));
#8206 = ORIENTED_EDGE('',*,*,#8079,.F.);
#8207 = ORIENTED_EDGE('',*,*,#8168,.T.);
#8208 = ORIENTED_EDGE('',*,*,#8209,.T.);
#8209 = EDGE_CURVE('',#8160,#8210,#8212,.T.);
#8210 = VERTEX_POINT('',#8211);
#8211 = CARTESIAN_POINT('',(-1.2,0.76,1.6));
#8212 = LINE('',#8213,#8214);
#8213 = CARTESIAN_POINT('',(-1.2,-0.8,1.6));
#8214 = VECTOR('',#8215,1.);
#8215 = DIRECTION('',(0.,1.,0.));
#8216 = ORIENTED_EDGE('',*,*,#8217,.F.);
#8217 = EDGE_CURVE('',#8071,#8210,#8218,.T.);
#8218 = LINE('',#8219,#8220);
#8219 = CARTESIAN_POINT('',(-1.6,0.76,1.6));
#8220 = VECTOR('',#8221,1.);
#8221 = DIRECTION('',(1.,0.,0.));
#8222 = PLANE('',#8223);
#8223 = AXIS2_PLACEMENT_3D('',#8224,#8225,#8226);
#8224 = CARTESIAN_POINT('',(-1.6,-0.8,1.6));
#8225 = DIRECTION('',(0.,0.,1.));
#8226 = DIRECTION('',(1.,0.,-0.));
#8227 = ADVANCED_FACE('',(#8228),#8247,.T.);
#8228 = FACE_BOUND('',#8229,.T.);
#8229 = EDGE_LOOP('',(#8230,#8238,#8245,#8246));
#8230 = ORIENTED_EDGE('',*,*,#8231,.T.);
#8231 = EDGE_CURVE('',#8054,#8232,#8234,.T.);
#8232 = VERTEX_POINT('',#8233);
#8233 = CARTESIAN_POINT('',(-1.2,0.8,4.E-02));
#8234 = LINE('',#8235,#8236);
#8235 = CARTESIAN_POINT('',(-1.6,0.8,4.E-02));
#8236 = VECTOR('',#8237,1.);
#8237 = DIRECTION('',(1.,0.,0.));
#8238 = ORIENTED_EDGE('',*,*,#8239,.T.);
#8239 = EDGE_CURVE('',#8232,#8186,#8240,.T.);
#8240 = CIRCLE('',#8241,4.E-02);
#8241 = AXIS2_PLACEMENT_3D('',#8242,#8243,#8244);
#8242 = CARTESIAN_POINT('',(-1.2,0.76,4.E-02));
#8243 = DIRECTION('',(-1.,0.,0.));
#8244 = DIRECTION('',(0.,0.,1.));
#8245 = ORIENTED_EDGE('',*,*,#8193,.F.);
#8246 = ORIENTED_EDGE('',*,*,#8053,.F.);
#8247 = CYLINDRICAL_SURFACE('',#8248,4.E-02);
#8248 = AXIS2_PLACEMENT_3D('',#8249,#8250,#8251);
#8249 = CARTESIAN_POINT('',(-1.6,0.76,4.E-02));
#8250 = DIRECTION('',(1.,0.,0.));
#8251 = DIRECTION('',(-0.,1.,0.));
#8252 = ADVANCED_FACE('',(#8253),#8272,.T.);
#8253 = FACE_BOUND('',#8254,.T.);
#8254 = EDGE_LOOP('',(#8255,#8256,#8257,#8266));
#8255 = ORIENTED_EDGE('',*,*,#8070,.T.);
#8256 = ORIENTED_EDGE('',*,*,#8217,.T.);
#8257 = ORIENTED_EDGE('',*,*,#8258,.F.);
#8258 = EDGE_CURVE('',#8259,#8210,#8261,.T.);
#8259 = VERTEX_POINT('',#8260);
#8260 = CARTESIAN_POINT('',(-1.2,0.8,1.56));
#8261 = CIRCLE('',#8262,4.E-02);
#8262 = AXIS2_PLACEMENT_3D('',#8263,#8264,#8265);
#8263 = CARTESIAN_POINT('',(-1.2,0.76,1.56));
#8264 = DIRECTION('',(1.,0.,-0.));
#8265 = DIRECTION('',(0.,0.,1.));
#8266 = ORIENTED_EDGE('',*,*,#8267,.F.);
#8267 = EDGE_CURVE('',#8063,#8259,#8268,.T.);
#8268 = LINE('',#8269,#8270);
#8269 = CARTESIAN_POINT('',(-1.6,0.8,1.56));
#8270 = VECTOR('',#8271,1.);
#8271 = DIRECTION('',(1.,0.,0.));
#8272 = CYLINDRICAL_SURFACE('',#8273,4.E-02);
#8273 = AXIS2_PLACEMENT_3D('',#8274,#8275,#8276);
#8274 = CARTESIAN_POINT('',(-1.6,0.76,1.56));
#8275 = DIRECTION('',(1.,0.,0.));
#8276 = DIRECTION('',(-0.,1.,0.));
#8277 = ADVANCED_FACE('',(#8278),#8289,.T.);
#8278 = FACE_BOUND('',#8279,.T.);
#8279 = EDGE_LOOP('',(#8280,#8286,#8287,#8288));
#8280 = ORIENTED_EDGE('',*,*,#8281,.F.);
#8281 = EDGE_CURVE('',#8232,#8259,#8282,.T.);
#8282 = LINE('',#8283,#8284);
#8283 = CARTESIAN_POINT('',(-1.2,0.8,0.));
#8284 = VECTOR('',#8285,1.);
#8285 = DIRECTION('',(0.,0.,1.));
#8286 = ORIENTED_EDGE('',*,*,#8231,.F.);
#8287 = ORIENTED_EDGE('',*,*,#8062,.T.);
#8288 = ORIENTED_EDGE('',*,*,#8267,.T.);
#8289 = PLANE('',#8290);
#8290 = AXIS2_PLACEMENT_3D('',#8291,#8292,#8293);
#8291 = CARTESIAN_POINT('',(-1.6,0.8,0.));
#8292 = DIRECTION('',(0.,1.,0.));
#8293 = DIRECTION('',(0.,-0.,1.));
#8294 = ADVANCED_FACE('',(#8295,#8305),#8375,.T.);
#8295 = FACE_BOUND('',#8296,.T.);
#8296 = EDGE_LOOP('',(#8297,#8298,#8299,#8300,#8301,#8302,#8303,#8304));
#8297 = ORIENTED_EDGE('',*,*,#8102,.F.);
#8298 = ORIENTED_EDGE('',*,*,#8142,.T.);
#8299 = ORIENTED_EDGE('',*,*,#8185,.T.);
#8300 = ORIENTED_EDGE('',*,*,#8239,.F.);
#8301 = ORIENTED_EDGE('',*,*,#8281,.T.);
#8302 = ORIENTED_EDGE('',*,*,#8258,.T.);
#8303 = ORIENTED_EDGE('',*,*,#8209,.F.);
#8304 = ORIENTED_EDGE('',*,*,#8159,.F.);
#8305 = FACE_BOUND('',#8306,.T.);
#8306 = EDGE_LOOP('',(#8307,#8318,#8326,#8335,#8343,#8352,#8360,#8369));
#8307 = ORIENTED_EDGE('',*,*,#8308,.F.);
#8308 = EDGE_CURVE('',#8309,#8311,#8313,.T.);
#8309 = VERTEX_POINT('',#8310);
#8310 = CARTESIAN_POINT('',(-1.2,-0.76,8.E-02));
#8311 = VERTEX_POINT('',#8312);
#8312 = CARTESIAN_POINT('',(-1.2,-0.72,4.E-02));
#8313 = CIRCLE('',#8314,4.E-02);
#8314 = AXIS2_PLACEMENT_3D('',#8315,#8316,#8317);
#8315 = CARTESIAN_POINT('',(-1.2,-0.72,8.E-02));
#8316 = DIRECTION('',(1.,0.,-0.));
#8317 = DIRECTION('',(0.,0.,1.));
#8318 = ORIENTED_EDGE('',*,*,#8319,.T.);
#8319 = EDGE_CURVE('',#8309,#8320,#8322,.T.);
#8320 = VERTEX_POINT('',#8321);
#8321 = CARTESIAN_POINT('',(-1.2,-0.76,1.52));
#8322 = LINE('',#8323,#8324);
#8323 = CARTESIAN_POINT('',(-1.2,-0.76,4.E-02));
#8324 = VECTOR('',#8325,1.);
#8325 = DIRECTION('',(0.,0.,1.));
#8326 = ORIENTED_EDGE('',*,*,#8327,.T.);
#8327 = EDGE_CURVE('',#8320,#8328,#8330,.T.);
#8328 = VERTEX_POINT('',#8329);
#8329 = CARTESIAN_POINT('',(-1.2,-0.72,1.56));
#8330 = CIRCLE('',#8331,4.E-02);
#8331 = AXIS2_PLACEMENT_3D('',#8332,#8333,#8334);
#8332 = CARTESIAN_POINT('',(-1.2,-0.72,1.52));
#8333 = DIRECTION('',(-1.,0.,0.));
#8334 = DIRECTION('',(0.,0.,1.));
#8335 = ORIENTED_EDGE('',*,*,#8336,.T.);
#8336 = EDGE_CURVE('',#8328,#8337,#8339,.T.);
#8337 = VERTEX_POINT('',#8338);
#8338 = CARTESIAN_POINT('',(-1.2,0.72,1.56));
#8339 = LINE('',#8340,#8341);
#8340 = CARTESIAN_POINT('',(-1.2,-0.76,1.56));
#8341 = VECTOR('',#8342,1.);
#8342 = DIRECTION('',(0.,1.,0.));
#8343 = ORIENTED_EDGE('',*,*,#8344,.F.);
#8344 = EDGE_CURVE('',#8345,#8337,#8347,.T.);
#8345 = VERTEX_POINT('',#8346);
#8346 = CARTESIAN_POINT('',(-1.2,0.76,1.52));
#8347 = CIRCLE('',#8348,4.E-02);
#8348 = AXIS2_PLACEMENT_3D('',#8349,#8350,#8351);
#8349 = CARTESIAN_POINT('',(-1.2,0.72,1.52));
#8350 = DIRECTION('',(1.,0.,-0.));
#8351 = DIRECTION('',(0.,0.,1.));
#8352 = ORIENTED_EDGE('',*,*,#8353,.F.);
#8353 = EDGE_CURVE('',#8354,#8345,#8356,.T.);
#8354 = VERTEX_POINT('',#8355);
#8355 = CARTESIAN_POINT('',(-1.2,0.76,8.E-02));
#8356 = LINE('',#8357,#8358);
#8357 = CARTESIAN_POINT('',(-1.2,0.76,4.E-02));
#8358 = VECTOR('',#8359,1.);
#8359 = DIRECTION('',(0.,0.,1.));
#8360 = ORIENTED_EDGE('',*,*,#8361,.T.);
#8361 = EDGE_CURVE('',#8354,#8362,#8364,.T.);
#8362 = VERTEX_POINT('',#8363);
#8363 = CARTESIAN_POINT('',(-1.2,0.72,4.E-02));
#8364 = CIRCLE('',#8365,4.E-02);
#8365 = AXIS2_PLACEMENT_3D('',#8366,#8367,#8368);
#8366 = CARTESIAN_POINT('',(-1.2,0.72,8.E-02));
#8367 = DIRECTION('',(-1.,0.,0.));
#8368 = DIRECTION('',(0.,0.,1.));
#8369 = ORIENTED_EDGE('',*,*,#8370,.F.);
#8370 = EDGE_CURVE('',#8311,#8362,#8371,.T.);
#8371 = LINE('',#8372,#8373);
#8372 = CARTESIAN_POINT('',(-1.2,-0.76,4.E-02));
#8373 = VECTOR('',#8374,1.);
#8374 = DIRECTION('',(0.,1.,0.));
#8375 = PLANE('',#8376);
#8376 = AXIS2_PLACEMENT_3D('',#8377,#8378,#8379);
#8377 = CARTESIAN_POINT('',(-1.2,-0.8,0.));
#8378 = DIRECTION('',(1.,0.,0.));
#8379 = DIRECTION('',(0.,0.,1.));
#8380 = ADVANCED_FACE('',(#8381),#8407,.T.);
#8381 = FACE_BOUND('',#8382,.T.);
#8382 = EDGE_LOOP('',(#8383,#8384,#8392,#8401));
#8383 = ORIENTED_EDGE('',*,*,#8308,.T.);
#8384 = ORIENTED_EDGE('',*,*,#8385,.T.);
#8385 = EDGE_CURVE('',#8311,#8386,#8388,.T.);
#8386 = VERTEX_POINT('',#8387);
#8387 = CARTESIAN_POINT('',(1.2,-0.72,4.E-02));
#8388 = LINE('',#8389,#8390);
#8389 = CARTESIAN_POINT('',(-1.2,-0.72,4.E-02));
#8390 = VECTOR('',#8391,1.);
#8391 = DIRECTION('',(1.,0.,0.));
#8392 = ORIENTED_EDGE('',*,*,#8393,.F.);
#8393 = EDGE_CURVE('',#8394,#8386,#8396,.T.);
#8394 = VERTEX_POINT('',#8395);
#8395 = CARTESIAN_POINT('',(1.2,-0.76,8.E-02));
#8396 = CIRCLE('',#8397,4.E-02);
#8397 = AXIS2_PLACEMENT_3D('',#8398,#8399,#8400);
#8398 = CARTESIAN_POINT('',(1.2,-0.72,8.E-02));
#8399 = DIRECTION('',(1.,0.,-0.));
#8400 = DIRECTION('',(0.,0.,1.));
#8401 = ORIENTED_EDGE('',*,*,#8402,.F.);
#8402 = EDGE_CURVE('',#8309,#8394,#8403,.T.);
#8403 = LINE('',#8404,#8405);
#8404 = CARTESIAN_POINT('',(-1.2,-0.76,8.E-02));
#8405 = VECTOR('',#8406,1.);
#8406 = DIRECTION('',(1.,0.,0.));
#8407 = CYLINDRICAL_SURFACE('',#8408,4.E-02);
#8408 = AXIS2_PLACEMENT_3D('',#8409,#8410,#8411);
#8409 = CARTESIAN_POINT('',(-1.2,-0.72,8.E-02));
#8410 = DIRECTION('',(1.,0.,0.));
#8411 = DIRECTION('',(0.,-1.,0.));
#8412 = ADVANCED_FACE('',(#8413),#8431,.F.);
#8413 = FACE_BOUND('',#8414,.F.);
#8414 = EDGE_LOOP('',(#8415,#8416,#8417,#8425));
#8415 = ORIENTED_EDGE('',*,*,#8370,.F.);
#8416 = ORIENTED_EDGE('',*,*,#8385,.T.);
#8417 = ORIENTED_EDGE('',*,*,#8418,.T.);
#8418 = EDGE_CURVE('',#8386,#8419,#8421,.T.);
#8419 = VERTEX_POINT('',#8420);
#8420 = CARTESIAN_POINT('',(1.2,0.72,4.E-02));
#8421 = LINE('',#8422,#8423);
#8422 = CARTESIAN_POINT('',(1.2,-0.76,4.E-02));
#8423 = VECTOR('',#8424,1.);
#8424 = DIRECTION('',(0.,1.,0.));
#8425 = ORIENTED_EDGE('',*,*,#8426,.F.);
#8426 = EDGE_CURVE('',#8362,#8419,#8427,.T.);
#8427 = LINE('',#8428,#8429);
#8428 = CARTESIAN_POINT('',(-1.2,0.72,4.E-02));
#8429 = VECTOR('',#8430,1.);
#8430 = DIRECTION('',(1.,0.,0.));
#8431 = PLANE('',#8432);
#8432 = AXIS2_PLACEMENT_3D('',#8433,#8434,#8435);
#8433 = CARTESIAN_POINT('',(-1.2,-0.76,4.E-02));
#8434 = DIRECTION('',(0.,0.,1.));
#8435 = DIRECTION('',(1.,0.,-0.));
#8436 = ADVANCED_FACE('',(#8437),#8456,.T.);
#8437 = FACE_BOUND('',#8438,.T.);
#8438 = EDGE_LOOP('',(#8439,#8447,#8454,#8455));
#8439 = ORIENTED_EDGE('',*,*,#8440,.T.);
#8440 = EDGE_CURVE('',#8354,#8441,#8443,.T.);
#8441 = VERTEX_POINT('',#8442);
#8442 = CARTESIAN_POINT('',(1.2,0.76,8.E-02));
#8443 = LINE('',#8444,#8445);
#8444 = CARTESIAN_POINT('',(-1.2,0.76,8.E-02));
#8445 = VECTOR('',#8446,1.);
#8446 = DIRECTION('',(1.,0.,0.));
#8447 = ORIENTED_EDGE('',*,*,#8448,.T.);
#8448 = EDGE_CURVE('',#8441,#8419,#8449,.T.);
#8449 = CIRCLE('',#8450,4.E-02);
#8450 = AXIS2_PLACEMENT_3D('',#8451,#8452,#8453);
#8451 = CARTESIAN_POINT('',(1.2,0.72,8.E-02));
#8452 = DIRECTION('',(-1.,0.,0.));
#8453 = DIRECTION('',(0.,0.,1.));
#8454 = ORIENTED_EDGE('',*,*,#8426,.F.);
#8455 = ORIENTED_EDGE('',*,*,#8361,.F.);
#8456 = CYLINDRICAL_SURFACE('',#8457,4.E-02);
#8457 = AXIS2_PLACEMENT_3D('',#8458,#8459,#8460);
#8458 = CARTESIAN_POINT('',(-1.2,0.72,8.E-02));
#8459 = DIRECTION('',(1.,0.,0.));
#8460 = DIRECTION('',(-0.,1.,0.));
#8461 = ADVANCED_FACE('',(#8462),#8480,.T.);
#8462 = FACE_BOUND('',#8463,.T.);
#8463 = EDGE_LOOP('',(#8464,#8472,#8473,#8474));
#8464 = ORIENTED_EDGE('',*,*,#8465,.F.);
#8465 = EDGE_CURVE('',#8441,#8466,#8468,.T.);
#8466 = VERTEX_POINT('',#8467);
#8467 = CARTESIAN_POINT('',(1.2,0.76,1.52));
#8468 = LINE('',#8469,#8470);
#8469 = CARTESIAN_POINT('',(1.2,0.76,4.E-02));
#8470 = VECTOR('',#8471,1.);
#8471 = DIRECTION('',(0.,0.,1.));
#8472 = ORIENTED_EDGE('',*,*,#8440,.F.);
#8473 = ORIENTED_EDGE('',*,*,#8353,.T.);
#8474 = ORIENTED_EDGE('',*,*,#8475,.T.);
#8475 = EDGE_CURVE('',#8345,#8466,#8476,.T.);
#8476 = LINE('',#8477,#8478);
#8477 = CARTESIAN_POINT('',(-1.2,0.76,1.52));
#8478 = VECTOR('',#8479,1.);
#8479 = DIRECTION('',(1.,0.,0.));
#8480 = PLANE('',#8481);
#8481 = AXIS2_PLACEMENT_3D('',#8482,#8483,#8484);
#8482 = CARTESIAN_POINT('',(-1.2,0.76,4.E-02));
#8483 = DIRECTION('',(0.,1.,0.));
#8484 = DIRECTION('',(0.,-0.,1.));
#8485 = ADVANCED_FACE('',(#8486),#8505,.T.);
#8486 = FACE_BOUND('',#8487,.T.);
#8487 = EDGE_LOOP('',(#8488,#8489,#8497,#8504));
#8488 = ORIENTED_EDGE('',*,*,#8344,.T.);
#8489 = ORIENTED_EDGE('',*,*,#8490,.T.);
#8490 = EDGE_CURVE('',#8337,#8491,#8493,.T.);
#8491 = VERTEX_POINT('',#8492);
#8492 = CARTESIAN_POINT('',(1.2,0.72,1.56));
#8493 = LINE('',#8494,#8495);
#8494 = CARTESIAN_POINT('',(-1.2,0.72,1.56));
#8495 = VECTOR('',#8496,1.);
#8496 = DIRECTION('',(1.,0.,0.));
#8497 = ORIENTED_EDGE('',*,*,#8498,.F.);
#8498 = EDGE_CURVE('',#8466,#8491,#8499,.T.);
#8499 = CIRCLE('',#8500,4.E-02);
#8500 = AXIS2_PLACEMENT_3D('',#8501,#8502,#8503);
#8501 = CARTESIAN_POINT('',(1.2,0.72,1.52));
#8502 = DIRECTION('',(1.,0.,-0.));
#8503 = DIRECTION('',(0.,0.,1.));
#8504 = ORIENTED_EDGE('',*,*,#8475,.F.);
#8505 = CYLINDRICAL_SURFACE('',#8506,4.E-02);
#8506 = AXIS2_PLACEMENT_3D('',#8507,#8508,#8509);
#8507 = CARTESIAN_POINT('',(-1.2,0.72,1.52));
#8508 = DIRECTION('',(1.,0.,0.));
#8509 = DIRECTION('',(-0.,1.,0.));
#8510 = ADVANCED_FACE('',(#8511),#8529,.T.);
#8511 = FACE_BOUND('',#8512,.T.);
#8512 = EDGE_LOOP('',(#8513,#8514,#8522,#8528));
#8513 = ORIENTED_EDGE('',*,*,#8336,.F.);
#8514 = ORIENTED_EDGE('',*,*,#8515,.T.);
#8515 = EDGE_CURVE('',#8328,#8516,#8518,.T.);
#8516 = VERTEX_POINT('',#8517);
#8517 = CARTESIAN_POINT('',(1.2,-0.72,1.56));
#8518 = LINE('',#8519,#8520);
#8519 = CARTESIAN_POINT('',(-1.2,-0.72,1.56));
#8520 = VECTOR('',#8521,1.);
#8521 = DIRECTION('',(1.,0.,0.));
#8522 = ORIENTED_EDGE('',*,*,#8523,.T.);
#8523 = EDGE_CURVE('',#8516,#8491,#8524,.T.);
#8524 = LINE('',#8525,#8526);
#8525 = CARTESIAN_POINT('',(1.2,-0.76,1.56));
#8526 = VECTOR('',#8527,1.);
#8527 = DIRECTION('',(0.,1.,0.));
#8528 = ORIENTED_EDGE('',*,*,#8490,.F.);
#8529 = PLANE('',#8530);
#8530 = AXIS2_PLACEMENT_3D('',#8531,#8532,#8533);
#8531 = CARTESIAN_POINT('',(-1.2,-0.76,1.56));
#8532 = DIRECTION('',(0.,0.,1.));
#8533 = DIRECTION('',(1.,0.,-0.));
#8534 = ADVANCED_FACE('',(#8535),#8554,.T.);
#8535 = FACE_BOUND('',#8536,.T.);
#8536 = EDGE_LOOP('',(#8537,#8545,#8552,#8553));
#8537 = ORIENTED_EDGE('',*,*,#8538,.T.);
#8538 = EDGE_CURVE('',#8320,#8539,#8541,.T.);
#8539 = VERTEX_POINT('',#8540);
#8540 = CARTESIAN_POINT('',(1.2,-0.76,1.52));
#8541 = LINE('',#8542,#8543);
#8542 = CARTESIAN_POINT('',(-1.2,-0.76,1.52));
#8543 = VECTOR('',#8544,1.);
#8544 = DIRECTION('',(1.,0.,0.));
#8545 = ORIENTED_EDGE('',*,*,#8546,.T.);
#8546 = EDGE_CURVE('',#8539,#8516,#8547,.T.);
#8547 = CIRCLE('',#8548,4.E-02);
#8548 = AXIS2_PLACEMENT_3D('',#8549,#8550,#8551);
#8549 = CARTESIAN_POINT('',(1.2,-0.72,1.52));
#8550 = DIRECTION('',(-1.,0.,0.));
#8551 = DIRECTION('',(0.,0.,1.));
#8552 = ORIENTED_EDGE('',*,*,#8515,.F.);
#8553 = ORIENTED_EDGE('',*,*,#8327,.F.);
#8554 = CYLINDRICAL_SURFACE('',#8555,4.E-02);
#8555 = AXIS2_PLACEMENT_3D('',#8556,#8557,#8558);
#8556 = CARTESIAN_POINT('',(-1.2,-0.72,1.52));
#8557 = DIRECTION('',(1.,0.,0.));
#8558 = DIRECTION('',(0.,-1.,0.));
#8559 = ADVANCED_FACE('',(#8560),#8571,.F.);
#8560 = FACE_BOUND('',#8561,.F.);
#8561 = EDGE_LOOP('',(#8562,#8568,#8569,#8570));
#8562 = ORIENTED_EDGE('',*,*,#8563,.F.);
#8563 = EDGE_CURVE('',#8394,#8539,#8564,.T.);
#8564 = LINE('',#8565,#8566);
#8565 = CARTESIAN_POINT('',(1.2,-0.76,4.E-02));
#8566 = VECTOR('',#8567,1.);
#8567 = DIRECTION('',(0.,0.,1.));
#8568 = ORIENTED_EDGE('',*,*,#8402,.F.);
#8569 = ORIENTED_EDGE('',*,*,#8319,.T.);
#8570 = ORIENTED_EDGE('',*,*,#8538,.T.);
#8571 = PLANE('',#8572);
#8572 = AXIS2_PLACEMENT_3D('',#8573,#8574,#8575);
#8573 = CARTESIAN_POINT('',(-1.2,-0.76,4.E-02));
#8574 = DIRECTION('',(0.,1.,0.));
#8575 = DIRECTION('',(0.,-0.,1.));
#8576 = ADVANCED_FACE('',(#8577,#8647),#8657,.F.);
#8577 = FACE_BOUND('',#8578,.F.);
#8578 = EDGE_LOOP('',(#8579,#8589,#8598,#8606,#8615,#8623,#8632,#8640));
#8579 = ORIENTED_EDGE('',*,*,#8580,.F.);
#8580 = EDGE_CURVE('',#8581,#8583,#8585,.T.);
#8581 = VERTEX_POINT('',#8582);
#8582 = CARTESIAN_POINT('',(1.2,-0.8,4.E-02));
#8583 = VERTEX_POINT('',#8584);
#8584 = CARTESIAN_POINT('',(1.2,-0.8,1.56));
#8585 = LINE('',#8586,#8587);
#8586 = CARTESIAN_POINT('',(1.2,-0.8,0.));
#8587 = VECTOR('',#8588,1.);
#8588 = DIRECTION('',(0.,0.,1.));
#8589 = ORIENTED_EDGE('',*,*,#8590,.T.);
#8590 = EDGE_CURVE('',#8581,#8591,#8593,.T.);
#8591 = VERTEX_POINT('',#8592);
#8592 = CARTESIAN_POINT('',(1.2,-0.76,0.));
#8593 = CIRCLE('',#8594,4.E-02);
#8594 = AXIS2_PLACEMENT_3D('',#8595,#8596,#8597);
#8595 = CARTESIAN_POINT('',(1.2,-0.76,4.E-02));
#8596 = DIRECTION('',(1.,0.,-0.));
#8597 = DIRECTION('',(0.,0.,1.));
#8598 = ORIENTED_EDGE('',*,*,#8599,.T.);
#8599 = EDGE_CURVE('',#8591,#8600,#8602,.T.);
#8600 = VERTEX_POINT('',#8601);
#8601 = CARTESIAN_POINT('',(1.2,0.76,0.));
#8602 = LINE('',#8603,#8604);
#8603 = CARTESIAN_POINT('',(1.2,-0.8,0.));
#8604 = VECTOR('',#8605,1.);
#8605 = DIRECTION('',(0.,1.,0.));
#8606 = ORIENTED_EDGE('',*,*,#8607,.F.);
#8607 = EDGE_CURVE('',#8608,#8600,#8610,.T.);
#8608 = VERTEX_POINT('',#8609);
#8609 = CARTESIAN_POINT('',(1.2,0.8,4.E-02));
#8610 = CIRCLE('',#8611,4.E-02);
#8611 = AXIS2_PLACEMENT_3D('',#8612,#8613,#8614);
#8612 = CARTESIAN_POINT('',(1.2,0.76,4.E-02));
#8613 = DIRECTION('',(-1.,0.,0.));
#8614 = DIRECTION('',(0.,0.,1.));
#8615 = ORIENTED_EDGE('',*,*,#8616,.T.);
#8616 = EDGE_CURVE('',#8608,#8617,#8619,.T.);
#8617 = VERTEX_POINT('',#8618);
#8618 = CARTESIAN_POINT('',(1.2,0.8,1.56));
#8619 = LINE('',#8620,#8621);
#8620 = CARTESIAN_POINT('',(1.2,0.8,0.));
#8621 = VECTOR('',#8622,1.);
#8622 = DIRECTION('',(0.,0.,1.));
#8623 = ORIENTED_EDGE('',*,*,#8624,.T.);
#8624 = EDGE_CURVE('',#8617,#8625,#8627,.T.);
#8625 = VERTEX_POINT('',#8626);
#8626 = CARTESIAN_POINT('',(1.2,0.76,1.6));
#8627 = CIRCLE('',#8628,4.E-02);
#8628 = AXIS2_PLACEMENT_3D('',#8629,#8630,#8631);
#8629 = CARTESIAN_POINT('',(1.2,0.76,1.56));
#8630 = DIRECTION('',(1.,0.,-0.));
#8631 = DIRECTION('',(0.,0.,1.));
#8632 = ORIENTED_EDGE('',*,*,#8633,.F.);
#8633 = EDGE_CURVE('',#8634,#8625,#8636,.T.);
#8634 = VERTEX_POINT('',#8635);
#8635 = CARTESIAN_POINT('',(1.2,-0.76,1.6));
#8636 = LINE('',#8637,#8638);
#8637 = CARTESIAN_POINT('',(1.2,-0.8,1.6));
#8638 = VECTOR('',#8639,1.);
#8639 = DIRECTION('',(0.,1.,0.));
#8640 = ORIENTED_EDGE('',*,*,#8641,.F.);
#8641 = EDGE_CURVE('',#8583,#8634,#8642,.T.);
#8642 = CIRCLE('',#8643,4.E-02);
#8643 = AXIS2_PLACEMENT_3D('',#8644,#8645,#8646);
#8644 = CARTESIAN_POINT('',(1.2,-0.76,1.56));
#8645 = DIRECTION('',(-1.,0.,0.));
#8646 = DIRECTION('',(0.,0.,1.));
#8647 = FACE_BOUND('',#8648,.F.);
#8648 = EDGE_LOOP('',(#8649,#8650,#8651,#8652,#8653,#8654,#8655,#8656));
#8649 = ORIENTED_EDGE('',*,*,#8393,.F.);
#8650 = ORIENTED_EDGE('',*,*,#8563,.T.);
#8651 = ORIENTED_EDGE('',*,*,#8546,.T.);
#8652 = ORIENTED_EDGE('',*,*,#8523,.T.);
#8653 = ORIENTED_EDGE('',*,*,#8498,.F.);
#8654 = ORIENTED_EDGE('',*,*,#8465,.F.);
#8655 = ORIENTED_EDGE('',*,*,#8448,.T.);
#8656 = ORIENTED_EDGE('',*,*,#8418,.F.);
#8657 = PLANE('',#8658);
#8658 = AXIS2_PLACEMENT_3D('',#8659,#8660,#8661);
#8659 = CARTESIAN_POINT('',(1.2,-0.8,0.));
#8660 = DIRECTION('',(1.,0.,0.));
#8661 = DIRECTION('',(0.,0.,1.));
#8662 = ADVANCED_FACE('',(#8663),#8688,.F.);
#8663 = FACE_BOUND('',#8664,.F.);
#8664 = EDGE_LOOP('',(#8665,#8675,#8681,#8682));
#8665 = ORIENTED_EDGE('',*,*,#8666,.F.);
#8666 = EDGE_CURVE('',#8667,#8669,#8671,.T.);
#8667 = VERTEX_POINT('',#8668);
#8668 = CARTESIAN_POINT('',(1.6,-0.8,4.E-02));
#8669 = VERTEX_POINT('',#8670);
#8670 = CARTESIAN_POINT('',(1.6,-0.8,1.56));
#8671 = LINE('',#8672,#8673);
#8672 = CARTESIAN_POINT('',(1.6,-0.8,0.));
#8673 = VECTOR('',#8674,1.);
#8674 = DIRECTION('',(0.,0.,1.));
#8675 = ORIENTED_EDGE('',*,*,#8676,.F.);
#8676 = EDGE_CURVE('',#8581,#8667,#8677,.T.);
#8677 = LINE('',#8678,#8679);
#8678 = CARTESIAN_POINT('',(1.2,-0.8,4.E-02));
#8679 = VECTOR('',#8680,1.);
#8680 = DIRECTION('',(1.,0.,0.));
#8681 = ORIENTED_EDGE('',*,*,#8580,.T.);
#8682 = ORIENTED_EDGE('',*,*,#8683,.T.);
#8683 = EDGE_CURVE('',#8583,#8669,#8684,.T.);
#8684 = LINE('',#8685,#8686);
#8685 = CARTESIAN_POINT('',(1.2,-0.8,1.56));
#8686 = VECTOR('',#8687,1.);
#8687 = DIRECTION('',(1.,0.,0.));
#8688 = PLANE('',#8689);
#8689 = AXIS2_PLACEMENT_3D('',#8690,#8691,#8692);
#8690 = CARTESIAN_POINT('',(1.2,-0.8,0.));
#8691 = DIRECTION('',(0.,1.,0.));
#8692 = DIRECTION('',(0.,-0.,1.));
#8693 = ADVANCED_FACE('',(#8694),#8713,.T.);
#8694 = FACE_BOUND('',#8695,.T.);
#8695 = EDGE_LOOP('',(#8696,#8697,#8705,#8712));
#8696 = ORIENTED_EDGE('',*,*,#8590,.T.);
#8697 = ORIENTED_EDGE('',*,*,#8698,.T.);
#8698 = EDGE_CURVE('',#8591,#8699,#8701,.T.);
#8699 = VERTEX_POINT('',#8700);
#8700 = CARTESIAN_POINT('',(1.6,-0.76,0.));
#8701 = LINE('',#8702,#8703);
#8702 = CARTESIAN_POINT('',(1.2,-0.76,0.));
#8703 = VECTOR('',#8704,1.);
#8704 = DIRECTION('',(1.,0.,0.));
#8705 = ORIENTED_EDGE('',*,*,#8706,.F.);
#8706 = EDGE_CURVE('',#8667,#8699,#8707,.T.);
#8707 = CIRCLE('',#8708,4.E-02);
#8708 = AXIS2_PLACEMENT_3D('',#8709,#8710,#8711);
#8709 = CARTESIAN_POINT('',(1.6,-0.76,4.E-02));
#8710 = DIRECTION('',(1.,0.,-0.));
#8711 = DIRECTION('',(0.,0.,1.));
#8712 = ORIENTED_EDGE('',*,*,#8676,.F.);
#8713 = CYLINDRICAL_SURFACE('',#8714,4.E-02);
#8714 = AXIS2_PLACEMENT_3D('',#8715,#8716,#8717);
#8715 = CARTESIAN_POINT('',(1.2,-0.76,4.E-02));
#8716 = DIRECTION('',(1.,0.,0.));
#8717 = DIRECTION('',(0.,-1.,0.));
#8718 = ADVANCED_FACE('',(#8719),#8738,.T.);
#8719 = FACE_BOUND('',#8720,.T.);
#8720 = EDGE_LOOP('',(#8721,#8722,#8731,#8737));
#8721 = ORIENTED_EDGE('',*,*,#8683,.T.);
#8722 = ORIENTED_EDGE('',*,*,#8723,.T.);
#8723 = EDGE_CURVE('',#8669,#8724,#8726,.T.);
#8724 = VERTEX_POINT('',#8725);
#8725 = CARTESIAN_POINT('',(1.6,-0.76,1.6));
#8726 = CIRCLE('',#8727,4.E-02);
#8727 = AXIS2_PLACEMENT_3D('',#8728,#8729,#8730);
#8728 = CARTESIAN_POINT('',(1.6,-0.76,1.56));
#8729 = DIRECTION('',(-1.,0.,0.));
#8730 = DIRECTION('',(0.,0.,1.));
#8731 = ORIENTED_EDGE('',*,*,#8732,.F.);
#8732 = EDGE_CURVE('',#8634,#8724,#8733,.T.);
#8733 = LINE('',#8734,#8735);
#8734 = CARTESIAN_POINT('',(1.2,-0.76,1.6));
#8735 = VECTOR('',#8736,1.);
#8736 = DIRECTION('',(1.,0.,0.));
#8737 = ORIENTED_EDGE('',*,*,#8641,.F.);
#8738 = CYLINDRICAL_SURFACE('',#8739,4.E-02);
#8739 = AXIS2_PLACEMENT_3D('',#8740,#8741,#8742);
#8740 = CARTESIAN_POINT('',(1.2,-0.76,1.56));
#8741 = DIRECTION('',(1.,0.,0.));
#8742 = DIRECTION('',(0.,-1.,0.));
#8743 = ADVANCED_FACE('',(#8744),#8762,.F.);
#8744 = FACE_BOUND('',#8745,.F.);
#8745 = EDGE_LOOP('',(#8746,#8747,#8748,#8756));
#8746 = ORIENTED_EDGE('',*,*,#8599,.F.);
#8747 = ORIENTED_EDGE('',*,*,#8698,.T.);
#8748 = ORIENTED_EDGE('',*,*,#8749,.T.);
#8749 = EDGE_CURVE('',#8699,#8750,#8752,.T.);
#8750 = VERTEX_POINT('',#8751);
#8751 = CARTESIAN_POINT('',(1.6,0.76,0.));
#8752 = LINE('',#8753,#8754);
#8753 = CARTESIAN_POINT('',(1.6,-0.8,0.));
#8754 = VECTOR('',#8755,1.);
#8755 = DIRECTION('',(0.,1.,0.));
#8756 = ORIENTED_EDGE('',*,*,#8757,.F.);
#8757 = EDGE_CURVE('',#8600,#8750,#8758,.T.);
#8758 = LINE('',#8759,#8760);
#8759 = CARTESIAN_POINT('',(1.2,0.76,0.));
#8760 = VECTOR('',#8761,1.);
#8761 = DIRECTION('',(1.,0.,0.));
#8762 = PLANE('',#8763);
#8763 = AXIS2_PLACEMENT_3D('',#8764,#8765,#8766);
#8764 = CARTESIAN_POINT('',(1.2,-0.8,0.));
#8765 = DIRECTION('',(0.,0.,1.));
#8766 = DIRECTION('',(1.,0.,-0.));
#8767 = ADVANCED_FACE('',(#8768),#8786,.T.);
#8768 = FACE_BOUND('',#8769,.T.);
#8769 = EDGE_LOOP('',(#8770,#8771,#8772,#8780));
#8770 = ORIENTED_EDGE('',*,*,#8633,.F.);
#8771 = ORIENTED_EDGE('',*,*,#8732,.T.);
#8772 = ORIENTED_EDGE('',*,*,#8773,.T.);
#8773 = EDGE_CURVE('',#8724,#8774,#8776,.T.);
#8774 = VERTEX_POINT('',#8775);
#8775 = CARTESIAN_POINT('',(1.6,0.76,1.6));
#8776 = LINE('',#8777,#8778);
#8777 = CARTESIAN_POINT('',(1.6,-0.8,1.6));
#8778 = VECTOR('',#8779,1.);
#8779 = DIRECTION('',(0.,1.,0.));
#8780 = ORIENTED_EDGE('',*,*,#8781,.F.);
#8781 = EDGE_CURVE('',#8625,#8774,#8782,.T.);
#8782 = LINE('',#8783,#8784);
#8783 = CARTESIAN_POINT('',(1.2,0.76,1.6));
#8784 = VECTOR('',#8785,1.);
#8785 = DIRECTION('',(1.,0.,0.));
#8786 = PLANE('',#8787);
#8787 = AXIS2_PLACEMENT_3D('',#8788,#8789,#8790);
#8788 = CARTESIAN_POINT('',(1.2,-0.8,1.6));
#8789 = DIRECTION('',(0.,0.,1.));
#8790 = DIRECTION('',(1.,0.,-0.));
#8791 = ADVANCED_FACE('',(#8792),#8811,.T.);
#8792 = FACE_BOUND('',#8793,.T.);
#8793 = EDGE_LOOP('',(#8794,#8802,#8809,#8810));
#8794 = ORIENTED_EDGE('',*,*,#8795,.T.);
#8795 = EDGE_CURVE('',#8608,#8796,#8798,.T.);
#8796 = VERTEX_POINT('',#8797);
#8797 = CARTESIAN_POINT('',(1.6,0.8,4.E-02));
#8798 = LINE('',#8799,#8800);
#8799 = CARTESIAN_POINT('',(1.2,0.8,4.E-02));
#8800 = VECTOR('',#8801,1.);
#8801 = DIRECTION('',(1.,0.,0.));
#8802 = ORIENTED_EDGE('',*,*,#8803,.T.);
#8803 = EDGE_CURVE('',#8796,#8750,#8804,.T.);
#8804 = CIRCLE('',#8805,4.E-02);
#8805 = AXIS2_PLACEMENT_3D('',#8806,#8807,#8808);
#8806 = CARTESIAN_POINT('',(1.6,0.76,4.E-02));
#8807 = DIRECTION('',(-1.,0.,0.));
#8808 = DIRECTION('',(0.,0.,1.));
#8809 = ORIENTED_EDGE('',*,*,#8757,.F.);
#8810 = ORIENTED_EDGE('',*,*,#8607,.F.);
#8811 = CYLINDRICAL_SURFACE('',#8812,4.E-02);
#8812 = AXIS2_PLACEMENT_3D('',#8813,#8814,#8815);
#8813 = CARTESIAN_POINT('',(1.2,0.76,4.E-02));
#8814 = DIRECTION('',(1.,0.,0.));
#8815 = DIRECTION('',(-0.,1.,0.));
#8816 = ADVANCED_FACE('',(#8817),#8836,.T.);
#8817 = FACE_BOUND('',#8818,.T.);
#8818 = EDGE_LOOP('',(#8819,#8820,#8821,#8830));
#8819 = ORIENTED_EDGE('',*,*,#8624,.T.);
#8820 = ORIENTED_EDGE('',*,*,#8781,.T.);
#8821 = ORIENTED_EDGE('',*,*,#8822,.F.);
#8822 = EDGE_CURVE('',#8823,#8774,#8825,.T.);
#8823 = VERTEX_POINT('',#8824);
#8824 = CARTESIAN_POINT('',(1.6,0.8,1.56));
#8825 = CIRCLE('',#8826,4.E-02);
#8826 = AXIS2_PLACEMENT_3D('',#8827,#8828,#8829);
#8827 = CARTESIAN_POINT('',(1.6,0.76,1.56));
#8828 = DIRECTION('',(1.,0.,-0.));
#8829 = DIRECTION('',(0.,0.,1.));
#8830 = ORIENTED_EDGE('',*,*,#8831,.F.);
#8831 = EDGE_CURVE('',#8617,#8823,#8832,.T.);
#8832 = LINE('',#8833,#8834);
#8833 = CARTESIAN_POINT('',(1.2,0.8,1.56));
#8834 = VECTOR('',#8835,1.);
#8835 = DIRECTION('',(1.,0.,0.));
#8836 = CYLINDRICAL_SURFACE('',#8837,4.E-02);
#8837 = AXIS2_PLACEMENT_3D('',#8838,#8839,#8840);
#8838 = CARTESIAN_POINT('',(1.2,0.76,1.56));
#8839 = DIRECTION('',(1.,0.,0.));
#8840 = DIRECTION('',(-0.,1.,0.));
#8841 = ADVANCED_FACE('',(#8842),#8853,.T.);
#8842 = FACE_BOUND('',#8843,.T.);
#8843 = EDGE_LOOP('',(#8844,#8850,#8851,#8852));
#8844 = ORIENTED_EDGE('',*,*,#8845,.F.);
#8845 = EDGE_CURVE('',#8796,#8823,#8846,.T.);
#8846 = LINE('',#8847,#8848);
#8847 = CARTESIAN_POINT('',(1.6,0.8,0.));
#8848 = VECTOR('',#8849,1.);
#8849 = DIRECTION('',(0.,0.,1.));
#8850 = ORIENTED_EDGE('',*,*,#8795,.F.);
#8851 = ORIENTED_EDGE('',*,*,#8616,.T.);
#8852 = ORIENTED_EDGE('',*,*,#8831,.T.);
#8853 = PLANE('',#8854);
#8854 = AXIS2_PLACEMENT_3D('',#8855,#8856,#8857);
#8855 = CARTESIAN_POINT('',(1.2,0.8,0.));
#8856 = DIRECTION('',(0.,1.,0.));
#8857 = DIRECTION('',(0.,-0.,1.));
#8858 = ADVANCED_FACE('',(#8859),#8869,.T.);
#8859 = FACE_BOUND('',#8860,.T.);
#8860 = EDGE_LOOP('',(#8861,#8862,#8863,#8864,#8865,#8866,#8867,#8868));
#8861 = ORIENTED_EDGE('',*,*,#8666,.F.);
#8862 = ORIENTED_EDGE('',*,*,#8706,.T.);
#8863 = ORIENTED_EDGE('',*,*,#8749,.T.);
#8864 = ORIENTED_EDGE('',*,*,#8803,.F.);
#8865 = ORIENTED_EDGE('',*,*,#8845,.T.);
#8866 = ORIENTED_EDGE('',*,*,#8822,.T.);
#8867 = ORIENTED_EDGE('',*,*,#8773,.F.);
#8868 = ORIENTED_EDGE('',*,*,#8723,.F.);
#8869 = PLANE('',#8870);
#8870 = AXIS2_PLACEMENT_3D('',#8871,#8872,#8873);
#8871 = CARTESIAN_POINT('',(1.6,-0.8,0.));
#8872 = DIRECTION('',(1.,0.,0.));
#8873 = DIRECTION('',(0.,0.,1.));
#8874 = ( GEOMETRIC_REPRESENTATION_CONTEXT(3) 
GLOBAL_UNCERTAINTY_ASSIGNED_CONTEXT((#8878)) 
GLOBAL_UNIT_ASSIGNED_CONTEXT((#8875,#8876,#8877)) REPRESENTATION_CONTEXT
('Context #1','3D Context with UNIT and UNCERTAINTY') );
#8875 = ( LENGTH_UNIT() NAMED_UNIT(*) SI_UNIT(.MILLI.,.METRE.) );
#8876 = ( NAMED_UNIT(*) PLANE_ANGLE_UNIT() SI_UNIT($,.RADIAN.) );
#8877 = ( NAMED_UNIT(*) SI_UNIT($,.STERADIAN.) SOLID_ANGLE_UNIT() );
#8878 = UNCERTAINTY_MEASURE_WITH_UNIT(LENGTH_MEASURE(1.E-07),#8875,
  'distance_accuracy_value','confusion accuracy');
#8879 = CONTEXT_DEPENDENT_SHAPE_REPRESENTATION(#8880,#8882);
#8880 = ( REPRESENTATION_RELATIONSHIP('','',#8019,#10) 
REPRESENTATION_RELATIONSHIP_WITH_TRANSFORMATION(#8881) 
SHAPE_REPRESENTATION_RELATIONSHIP() );
#8881 = ITEM_DEFINED_TRANSFORMATION('','',#11,#27);
#8882 = PRODUCT_DEFINITION_SHAPE('Placement','Placement of an item',
  #8883);
#8883 = NEXT_ASSEMBLY_USAGE_OCCURRENCE('4','C1','',#5,#8014,$);
#8884 = PRODUCT_RELATED_PRODUCT_CATEGORY('part',$,(#8016));
#8885 = SHAPE_DEFINITION_REPRESENTATION(#8886,#8892);
#8886 = PRODUCT_DEFINITION_SHAPE('','',#8887);
#8887 = PRODUCT_DEFINITION('design','',#8888,#8891);
#8888 = PRODUCT_DEFINITION_FORMATION('','',#8889);
#8889 = PRODUCT('SOIC-8_3.9x4.9mm_P1.27mm','SOIC-8_3.9x4.9mm_P1.27mm',''
  ,(#8890));
#8890 = PRODUCT_CONTEXT('',#2,'mechanical');
#8891 = PRODUCT_DEFINITION_CONTEXT('part definition',#2,'design');
#8892 = ADVANCED_BREP_SHAPE_REPRESENTATION('',(#11,#8893),#13361);
#8893 = MANIFOLD_SOLID_BREP('',#8894);
#8894 = CLOSED_SHELL('',(#8895,#8933,#8996,#9019,#9048,#9071,#9158,#9245
    ,#9268,#9291,#9308,#9331,#9419,#9435,#9465,#9496,#9527,#9558,#9589,
    #9620,#9651,#9682,#9699,#9716,#9747,#9778,#9809,#9840,#9871,#9902,
    #9933,#9963,#9986,#10009,#10026,#10071,#10157,#10180,#10203,#10226,
    #10313,#10351,#10400,#10492,#10517,#10601,#10623,#10715,#10740,
    #10824,#10846,#10938,#10963,#11047,#11064,#11149,#11174,#11251,
    #11336,#11361,#11438,#11455,#11547,#11572,#11656,#11678,#11770,
    #11795,#11879,#11901,#11993,#12018,#12102,#12119,#12138,#12157,
    #12176,#12222,#12238,#12257,#12276,#12295,#12311,#12328,#12340,
    #12357,#12374,#12391,#12408,#12425,#12442,#12459,#12471,#12488,
    #12505,#12522,#12539,#12556,#12573,#12590,#12602,#12619,#12636,
    #12653,#12670,#12687,#12704,#12721,#12733,#12750,#12767,#12784,
    #12801,#12818,#12835,#12847,#12864,#12881,#12898,#12915,#12932,
    #12949,#12961,#12978,#12995,#13012,#13029,#13046,#13063,#13080,
    #13092,#13109,#13126,#13143,#13160,#13177,#13194,#13211,#13223,
    #13240,#13257,#13274,#13291,#13308,#13325,#13342,#13354));
#8895 = ADVANCED_FACE('',(#8896),#8928,.F.);
#8896 = FACE_BOUND('',#8897,.F.);
#8897 = EDGE_LOOP('',(#8898,#8908,#8915,#8923));
#8898 = ORIENTED_EDGE('',*,*,#8899,.T.);
#8899 = EDGE_CURVE('',#8900,#8902,#8904,.T.);
#8900 = VERTEX_POINT('',#8901);
#8901 = CARTESIAN_POINT('',(-1.717585640382,2.335171280765,0.1));
#8902 = VERTEX_POINT('',#8903);
#8903 = CARTESIAN_POINT('',(1.717585640382,2.335171280765,0.1));
#8904 = LINE('',#8905,#8906);
#8905 = CARTESIAN_POINT('',(-1.717585640382,2.335171280765,0.1));
#8906 = VECTOR('',#8907,1.);
#8907 = DIRECTION('',(1.,1.110223024625E-16,0.));
#8908 = ORIENTED_EDGE('',*,*,#8909,.T.);
#8909 = EDGE_CURVE('',#8902,#8910,#8912,.T.);
#8910 = VERTEX_POINT('',#8911);
#8911 = CARTESIAN_POINT('',(1.775,2.45,0.825));
#8912 = B_SPLINE_CURVE_WITH_KNOTS('',1,(#8913,#8914),.UNSPECIFIED.,.F.,
  .F.,(2,2),(0.,1.),.PIECEWISE_BEZIER_KNOTS.);
#8913 = CARTESIAN_POINT('',(1.717585640382,2.335171280765,0.1));
#8914 = CARTESIAN_POINT('',(1.775,2.45,0.825));
#8915 = ORIENTED_EDGE('',*,*,#8916,.F.);
#8916 = EDGE_CURVE('',#8917,#8910,#8919,.T.);
#8917 = VERTEX_POINT('',#8918);
#8918 = CARTESIAN_POINT('',(-1.775,2.45,0.825));
#8919 = LINE('',#8920,#8921);
#8920 = CARTESIAN_POINT('',(-1.775,2.45,0.825));
#8921 = VECTOR('',#8922,1.);
#8922 = DIRECTION('',(1.,1.110223024625E-16,0.));
#8923 = ORIENTED_EDGE('',*,*,#8924,.F.);
#8924 = EDGE_CURVE('',#8900,#8917,#8925,.T.);
#8925 = B_SPLINE_CURVE_WITH_KNOTS('',1,(#8926,#8927),.UNSPECIFIED.,.F.,
  .F.,(2,2),(0.,1.),.PIECEWISE_BEZIER_KNOTS.);
#8926 = CARTESIAN_POINT('',(-1.717585640382,2.335171280765,0.1));
#8927 = CARTESIAN_POINT('',(-1.775,2.45,0.825));
#8928 = B_SPLINE_SURFACE_WITH_KNOTS('',1,1,(
    (#8929,#8930)
    ,(#8931,#8932
    )),.UNSPECIFIED.,.F.,.F.,.F.,(2,2),(2,2),(0.,3.55),(0.,1.),
  .PIECEWISE_BEZIER_KNOTS.);
#8929 = CARTESIAN_POINT('',(-1.717585640382,2.335171280765,0.1));
#8930 = CARTESIAN_POINT('',(-1.775,2.45,0.825));
#8931 = CARTESIAN_POINT('',(1.717585640382,2.335171280765,0.1));
#8932 = CARTESIAN_POINT('',(1.775,2.45,0.825));
#8933 = ADVANCED_FACE('',(#8934),#8991,.F.);
#8934 = FACE_BOUND('',#8935,.T.);
#8935 = EDGE_LOOP('',(#8936,#8937,#8945,#8953,#8961,#8969,#8977,#8985));
#8936 = ORIENTED_EDGE('',*,*,#8899,.T.);
#8937 = ORIENTED_EDGE('',*,*,#8938,.T.);
#8938 = EDGE_CURVE('',#8902,#8939,#8941,.T.);
#8939 = VERTEX_POINT('',#8940);
#8940 = CARTESIAN_POINT('',(1.835171280765,2.217585640382,0.1));
#8941 = LINE('',#8942,#8943);
#8942 = CARTESIAN_POINT('',(1.717585640382,2.335171280765,0.1));
#8943 = VECTOR('',#8944,1.);
#8944 = DIRECTION('',(0.707106781187,-0.707106781187,0.));
#8945 = ORIENTED_EDGE('',*,*,#8946,.T.);
#8946 = EDGE_CURVE('',#8939,#8947,#8949,.T.);
#8947 = VERTEX_POINT('',#8948);
#8948 = CARTESIAN_POINT('',(1.835171280765,-2.217585640382,0.1));
#8949 = LINE('',#8950,#8951);
#8950 = CARTESIAN_POINT('',(1.835171280765,2.217585640382,0.1));
#8951 = VECTOR('',#8952,1.);
#8952 = DIRECTION('',(1.110223024625E-16,-1.,0.));
#8953 = ORIENTED_EDGE('',*,*,#8954,.T.);
#8954 = EDGE_CURVE('',#8947,#8955,#8957,.T.);
#8955 = VERTEX_POINT('',#8956);
#8956 = CARTESIAN_POINT('',(1.717585640382,-2.335171280765,0.1));
#8957 = LINE('',#8958,#8959);
#8958 = CARTESIAN_POINT('',(1.835171280765,-2.217585640382,0.1));
#8959 = VECTOR('',#8960,1.);
#8960 = DIRECTION('',(-0.707106781187,-0.707106781187,0.));
#8961 = ORIENTED_EDGE('',*,*,#8962,.T.);
#8962 = EDGE_CURVE('',#8955,#8963,#8965,.T.);
#8963 = VERTEX_POINT('',#8964);
#8964 = CARTESIAN_POINT('',(-1.717585640382,-2.335171280765,0.1));
#8965 = LINE('',#8966,#8967);
#8966 = CARTESIAN_POINT('',(1.717585640382,-2.335171280765,0.1));
#8967 = VECTOR('',#8968,1.);
#8968 = DIRECTION('',(-1.,-1.110223024625E-16,0.));
#8969 = ORIENTED_EDGE('',*,*,#8970,.T.);
#8970 = EDGE_CURVE('',#8963,#8971,#8973,.T.);
#8971 = VERTEX_POINT('',#8972);
#8972 = CARTESIAN_POINT('',(-1.835171280765,-2.217585640382,0.1));
#8973 = LINE('',#8974,#8975);
#8974 = CARTESIAN_POINT('',(-1.717585640382,-2.335171280765,0.1));
#8975 = VECTOR('',#8976,1.);
#8976 = DIRECTION('',(-0.707106781187,0.707106781187,0.));
#8977 = ORIENTED_EDGE('',*,*,#8978,.T.);
#8978 = EDGE_CURVE('',#8971,#8979,#8981,.T.);
#8979 = VERTEX_POINT('',#8980);
#8980 = CARTESIAN_POINT('',(-1.835171280765,2.217585640382,0.1));
#8981 = LINE('',#8982,#8983);
#8982 = CARTESIAN_POINT('',(-1.835171280765,-2.217585640382,0.1));
#8983 = VECTOR('',#8984,1.);
#8984 = DIRECTION('',(-1.110223024625E-16,1.,0.));
#8985 = ORIENTED_EDGE('',*,*,#8986,.T.);
#8986 = EDGE_CURVE('',#8979,#8900,#8987,.T.);
#8987 = LINE('',#8988,#8989);
#8988 = CARTESIAN_POINT('',(-1.835171280765,2.217585640382,0.1));
#8989 = VECTOR('',#8990,1.);
#8990 = DIRECTION('',(0.707106781187,0.707106781187,0.));
#8991 = PLANE('',#8992);
#8992 = AXIS2_PLACEMENT_3D('',#8993,#8994,#8995);
#8993 = CARTESIAN_POINT('',(-1.717585640382,2.335171280765,0.1));
#8994 = DIRECTION('',(0.,0.,1.));
#8995 = DIRECTION('',(0.592513131498,-0.805560791625,0.));
#8996 = ADVANCED_FACE('',(#8997),#9014,.F.);
#8997 = FACE_BOUND('',#8998,.F.);
#8998 = EDGE_LOOP('',(#8999,#9000,#9007,#9013));
#8999 = ORIENTED_EDGE('',*,*,#8938,.T.);
#9000 = ORIENTED_EDGE('',*,*,#9001,.T.);
#9001 = EDGE_CURVE('',#8939,#9002,#9004,.T.);
#9002 = VERTEX_POINT('',#9003);
#9003 = CARTESIAN_POINT('',(1.95,2.275,0.825));
#9004 = B_SPLINE_CURVE_WITH_KNOTS('',1,(#9005,#9006),.UNSPECIFIED.,.F.,
  .F.,(2,2),(0.,1.),.PIECEWISE_BEZIER_KNOTS.);
#9005 = CARTESIAN_POINT('',(1.835171280765,2.217585640382,0.1));
#9006 = CARTESIAN_POINT('',(1.95,2.275,0.825));
#9007 = ORIENTED_EDGE('',*,*,#9008,.F.);
#9008 = EDGE_CURVE('',#8910,#9002,#9009,.T.);
#9009 = LINE('',#9010,#9011);
#9010 = CARTESIAN_POINT('',(1.775,2.45,0.825));
#9011 = VECTOR('',#9012,1.);
#9012 = DIRECTION('',(0.707106781187,-0.707106781187,0.));
#9013 = ORIENTED_EDGE('',*,*,#8909,.F.);
#9014 = B_SPLINE_SURFACE_WITH_KNOTS('',1,1,(
    (#9015,#9016)
    ,(#9017,#9018
    )),.UNSPECIFIED.,.F.,.F.,.F.,(2,2),(2,2),(0.,0.247487373415),(0.,1.)
  ,.PIECEWISE_BEZIER_KNOTS.);
#9015 = CARTESIAN_POINT('',(1.717585640382,2.335171280765,0.1));
#9016 = CARTESIAN_POINT('',(1.775,2.45,0.825));
#9017 = CARTESIAN_POINT('',(1.835171280765,2.217585640382,0.1));
#9018 = CARTESIAN_POINT('',(1.95,2.275,0.825));
#9019 = ADVANCED_FACE('',(#9020),#9043,.F.);
#9020 = FACE_BOUND('',#9021,.F.);
#9021 = EDGE_LOOP('',(#9022,#9023,#9030,#9038));
#9022 = ORIENTED_EDGE('',*,*,#8916,.T.);
#9023 = ORIENTED_EDGE('',*,*,#9024,.T.);
#9024 = EDGE_CURVE('',#8910,#9025,#9027,.T.);
#9025 = VERTEX_POINT('',#9026);
#9026 = CARTESIAN_POINT('',(1.775,2.45,1.025));
#9027 = B_SPLINE_CURVE_WITH_KNOTS('',1,(#9028,#9029),.UNSPECIFIED.,.F.,
  .F.,(2,2),(0.,1.),.PIECEWISE_BEZIER_KNOTS.);
#9028 = CARTESIAN_POINT('',(1.775,2.45,0.825));
#9029 = CARTESIAN_POINT('',(1.775,2.45,1.025));
#9030 = ORIENTED_EDGE('',*,*,#9031,.F.);
#9031 = EDGE_CURVE('',#9032,#9025,#9034,.T.);
#9032 = VERTEX_POINT('',#9033);
#9033 = CARTESIAN_POINT('',(-1.775,2.45,1.025));
#9034 = LINE('',#9035,#9036);
#9035 = CARTESIAN_POINT('',(-1.775,2.45,1.025));
#9036 = VECTOR('',#9037,1.);
#9037 = DIRECTION('',(1.,1.110223024625E-16,0.));
#9038 = ORIENTED_EDGE('',*,*,#9039,.F.);
#9039 = EDGE_CURVE('',#8917,#9032,#9040,.T.);
#9040 = B_SPLINE_CURVE_WITH_KNOTS('',1,(#9041,#9042),.UNSPECIFIED.,.F.,
  .F.,(2,2),(0.,1.),.PIECEWISE_BEZIER_KNOTS.);
#9041 = CARTESIAN_POINT('',(-1.775,2.45,0.825));
#9042 = CARTESIAN_POINT('',(-1.775,2.45,1.025));
#9043 = PLANE('',#9044);
#9044 = AXIS2_PLACEMENT_3D('',#9045,#9046,#9047);
#9045 = CARTESIAN_POINT('',(-1.775,2.45,1.025));
#9046 = DIRECTION('',(1.110223024625E-16,-1.,0.));
#9047 = DIRECTION('',(1.,1.110223024625E-16,0.));
#9048 = ADVANCED_FACE('',(#9049),#9066,.F.);
#9049 = FACE_BOUND('',#9050,.F.);
#9050 = EDGE_LOOP('',(#9051,#9052,#9053,#9061));
#9051 = ORIENTED_EDGE('',*,*,#8986,.T.);
#9052 = ORIENTED_EDGE('',*,*,#8924,.T.);
#9053 = ORIENTED_EDGE('',*,*,#9054,.F.);
#9054 = EDGE_CURVE('',#9055,#8917,#9057,.T.);
#9055 = VERTEX_POINT('',#9056);
#9056 = CARTESIAN_POINT('',(-1.95,2.275,0.825));
#9057 = LINE('',#9058,#9059);
#9058 = CARTESIAN_POINT('',(-1.95,2.275,0.825));
#9059 = VECTOR('',#9060,1.);
#9060 = DIRECTION('',(0.707106781187,0.707106781187,0.));
#9061 = ORIENTED_EDGE('',*,*,#9062,.F.);
#9062 = EDGE_CURVE('',#8979,#9055,#9063,.T.);
#9063 = B_SPLINE_CURVE_WITH_KNOTS('',1,(#9064,#9065),.UNSPECIFIED.,.F.,
  .F.,(2,2),(0.,1.),.PIECEWISE_BEZIER_KNOTS.);
#9064 = CARTESIAN_POINT('',(-1.835171280765,2.217585640382,0.1));
#9065 = CARTESIAN_POINT('',(-1.95,2.275,0.825));
#9066 = B_SPLINE_SURFACE_WITH_KNOTS('',1,1,(
    (#9067,#9068)
    ,(#9069,#9070
    )),.UNSPECIFIED.,.F.,.F.,.F.,(2,2),(2,2),(0.,0.247487373415),(0.,1.)
  ,.PIECEWISE_BEZIER_KNOTS.);
#9067 = CARTESIAN_POINT('',(-1.835171280765,2.217585640382,0.1));
#9068 = CARTESIAN_POINT('',(-1.95,2.275,0.825));
#9069 = CARTESIAN_POINT('',(-1.717585640382,2.335171280765,0.1));
#9070 = CARTESIAN_POINT('',(-1.775,2.45,0.825));
#9071 = ADVANCED_FACE('',(#9072),#9153,.F.);
#9072 = FACE_BOUND('',#9073,.F.);
#9073 = EDGE_LOOP('',(#9074,#9075,#9076,#9084,#9092,#9100,#9108,#9116,
    #9124,#9132,#9140,#9148));
#9074 = ORIENTED_EDGE('',*,*,#8978,.T.);
#9075 = ORIENTED_EDGE('',*,*,#9062,.T.);
#9076 = ORIENTED_EDGE('',*,*,#9077,.F.);
#9077 = EDGE_CURVE('',#9078,#9055,#9080,.T.);
#9078 = VERTEX_POINT('',#9079);
#9079 = CARTESIAN_POINT('',(-1.95,2.11,0.825));
#9080 = LINE('',#9081,#9082);
#9081 = CARTESIAN_POINT('',(-1.95,-2.275,0.825));
#9082 = VECTOR('',#9083,1.);
#9083 = DIRECTION('',(-1.110223024625E-16,1.,0.));
#9084 = ORIENTED_EDGE('',*,*,#9085,.F.);
#9085 = EDGE_CURVE('',#9086,#9078,#9088,.T.);
#9086 = VERTEX_POINT('',#9087);
#9087 = CARTESIAN_POINT('',(-1.95,1.7,0.825));
#9088 = LINE('',#9089,#9090);
#9089 = CARTESIAN_POINT('',(-1.95,-2.275,0.825));
#9090 = VECTOR('',#9091,1.);
#9091 = DIRECTION('',(-1.110223024625E-16,1.,0.));
#9092 = ORIENTED_EDGE('',*,*,#9093,.F.);
#9093 = EDGE_CURVE('',#9094,#9086,#9096,.T.);
#9094 = VERTEX_POINT('',#9095);
#9095 = CARTESIAN_POINT('',(-1.95,0.84,0.825));
#9096 = LINE('',#9097,#9098);
#9097 = CARTESIAN_POINT('',(-1.95,-2.275,0.825));
#9098 = VECTOR('',#9099,1.);
#9099 = DIRECTION('',(-1.110223024625E-16,1.,0.));
#9100 = ORIENTED_EDGE('',*,*,#9101,.F.);
#9101 = EDGE_CURVE('',#9102,#9094,#9104,.T.);
#9102 = VERTEX_POINT('',#9103);
#9103 = CARTESIAN_POINT('',(-1.95,0.43,0.825));
#9104 = LINE('',#9105,#9106);
#9105 = CARTESIAN_POINT('',(-1.95,-2.275,0.825));
#9106 = VECTOR('',#9107,1.);
#9107 = DIRECTION('',(-1.110223024625E-16,1.,0.));
#9108 = ORIENTED_EDGE('',*,*,#9109,.F.);
#9109 = EDGE_CURVE('',#9110,#9102,#9112,.T.);
#9110 = VERTEX_POINT('',#9111);
#9111 = CARTESIAN_POINT('',(-1.95,-0.43,0.825));
#9112 = LINE('',#9113,#9114);
#9113 = CARTESIAN_POINT('',(-1.95,-2.275,0.825));
#9114 = VECTOR('',#9115,1.);
#9115 = DIRECTION('',(-1.110223024625E-16,1.,0.));
#9116 = ORIENTED_EDGE('',*,*,#9117,.F.);
#9117 = EDGE_CURVE('',#9118,#9110,#9120,.T.);
#9118 = VERTEX_POINT('',#9119);
#9119 = CARTESIAN_POINT('',(-1.95,-0.84,0.825));
#9120 = LINE('',#9121,#9122);
#9121 = CARTESIAN_POINT('',(-1.95,-2.275,0.825));
#9122 = VECTOR('',#9123,1.);
#9123 = DIRECTION('',(-1.110223024625E-16,1.,0.));
#9124 = ORIENTED_EDGE('',*,*,#9125,.F.);
#9125 = EDGE_CURVE('',#9126,#9118,#9128,.T.);
#9126 = VERTEX_POINT('',#9127);
#9127 = CARTESIAN_POINT('',(-1.95,-1.7,0.825));
#9128 = LINE('',#9129,#9130);
#9129 = CARTESIAN_POINT('',(-1.95,-2.275,0.825));
#9130 = VECTOR('',#9131,1.);
#9131 = DIRECTION('',(-1.110223024625E-16,1.,0.));
#9132 = ORIENTED_EDGE('',*,*,#9133,.F.);
#9133 = EDGE_CURVE('',#9134,#9126,#9136,.T.);
#9134 = VERTEX_POINT('',#9135);
#9135 = CARTESIAN_POINT('',(-1.95,-2.11,0.825));
#9136 = LINE('',#9137,#9138);
#9137 = CARTESIAN_POINT('',(-1.95,-2.275,0.825));
#9138 = VECTOR('',#9139,1.);
#9139 = DIRECTION('',(-1.110223024625E-16,1.,0.));
#9140 = ORIENTED_EDGE('',*,*,#9141,.F.);
#9141 = EDGE_CURVE('',#9142,#9134,#9144,.T.);
#9142 = VERTEX_POINT('',#9143);
#9143 = CARTESIAN_POINT('',(-1.95,-2.275,0.825));
#9144 = LINE('',#9145,#9146);
#9145 = CARTESIAN_POINT('',(-1.95,-2.275,0.825));
#9146 = VECTOR('',#9147,1.);
#9147 = DIRECTION('',(-1.110223024625E-16,1.,0.));
#9148 = ORIENTED_EDGE('',*,*,#9149,.F.);
#9149 = EDGE_CURVE('',#8971,#9142,#9150,.T.);
#9150 = B_SPLINE_CURVE_WITH_KNOTS('',1,(#9151,#9152),.UNSPECIFIED.,.F.,
  .F.,(2,2),(0.,1.),.PIECEWISE_BEZIER_KNOTS.);
#9151 = CARTESIAN_POINT('',(-1.835171280765,-2.217585640382,0.1));
#9152 = CARTESIAN_POINT('',(-1.95,-2.275,0.825));
#9153 = B_SPLINE_SURFACE_WITH_KNOTS('',1,1,(
    (#9154,#9155)
    ,(#9156,#9157
    )),.UNSPECIFIED.,.F.,.F.,.F.,(2,2),(2,2),(0.,4.55),(0.,1.),
  .PIECEWISE_BEZIER_KNOTS.);
#9154 = CARTESIAN_POINT('',(-1.835171280765,-2.217585640382,0.1));
#9155 = CARTESIAN_POINT('',(-1.95,-2.275,0.825));
#9156 = CARTESIAN_POINT('',(-1.835171280765,2.217585640382,0.1));
#9157 = CARTESIAN_POINT('',(-1.95,2.275,0.825));
#9158 = ADVANCED_FACE('',(#9159),#9240,.F.);
#9159 = FACE_BOUND('',#9160,.F.);
#9160 = EDGE_LOOP('',(#9161,#9162,#9169,#9177,#9185,#9193,#9201,#9209,
    #9217,#9225,#9233,#9239));
#9161 = ORIENTED_EDGE('',*,*,#8946,.T.);
#9162 = ORIENTED_EDGE('',*,*,#9163,.T.);
#9163 = EDGE_CURVE('',#8947,#9164,#9166,.T.);
#9164 = VERTEX_POINT('',#9165);
#9165 = CARTESIAN_POINT('',(1.95,-2.275,0.825));
#9166 = B_SPLINE_CURVE_WITH_KNOTS('',1,(#9167,#9168),.UNSPECIFIED.,.F.,
  .F.,(2,2),(0.,1.),.PIECEWISE_BEZIER_KNOTS.);
#9167 = CARTESIAN_POINT('',(1.835171280765,-2.217585640382,0.1));
#9168 = CARTESIAN_POINT('',(1.95,-2.275,0.825));
#9169 = ORIENTED_EDGE('',*,*,#9170,.F.);
#9170 = EDGE_CURVE('',#9171,#9164,#9173,.T.);
#9171 = VERTEX_POINT('',#9172);
#9172 = CARTESIAN_POINT('',(1.95,-2.11,0.825));
#9173 = LINE('',#9174,#9175);
#9174 = CARTESIAN_POINT('',(1.95,2.275,0.825));
#9175 = VECTOR('',#9176,1.);
#9176 = DIRECTION('',(1.110223024625E-16,-1.,0.));
#9177 = ORIENTED_EDGE('',*,*,#9178,.F.);
#9178 = EDGE_CURVE('',#9179,#9171,#9181,.T.);
#9179 = VERTEX_POINT('',#9180);
#9180 = CARTESIAN_POINT('',(1.95,-1.7,0.825));
#9181 = LINE('',#9182,#9183);
#9182 = CARTESIAN_POINT('',(1.95,2.275,0.825));
#9183 = VECTOR('',#9184,1.);
#9184 = DIRECTION('',(1.110223024625E-16,-1.,0.));
#9185 = ORIENTED_EDGE('',*,*,#9186,.F.);
#9186 = EDGE_CURVE('',#9187,#9179,#9189,.T.);
#9187 = VERTEX_POINT('',#9188);
#9188 = CARTESIAN_POINT('',(1.95,-0.84,0.825));
#9189 = LINE('',#9190,#9191);
#9190 = CARTESIAN_POINT('',(1.95,2.275,0.825));
#9191 = VECTOR('',#9192,1.);
#9192 = DIRECTION('',(1.110223024625E-16,-1.,0.));
#9193 = ORIENTED_EDGE('',*,*,#9194,.F.);
#9194 = EDGE_CURVE('',#9195,#9187,#9197,.T.);
#9195 = VERTEX_POINT('',#9196);
#9196 = CARTESIAN_POINT('',(1.95,-0.43,0.825));
#9197 = LINE('',#9198,#9199);
#9198 = CARTESIAN_POINT('',(1.95,2.275,0.825));
#9199 = VECTOR('',#9200,1.);
#9200 = DIRECTION('',(1.110223024625E-16,-1.,0.));
#9201 = ORIENTED_EDGE('',*,*,#9202,.F.);
#9202 = EDGE_CURVE('',#9203,#9195,#9205,.T.);
#9203 = VERTEX_POINT('',#9204);
#9204 = CARTESIAN_POINT('',(1.95,0.43,0.825));
#9205 = LINE('',#9206,#9207);
#9206 = CARTESIAN_POINT('',(1.95,2.275,0.825));
#9207 = VECTOR('',#9208,1.);
#9208 = DIRECTION('',(1.110223024625E-16,-1.,0.));
#9209 = ORIENTED_EDGE('',*,*,#9210,.F.);
#9210 = EDGE_CURVE('',#9211,#9203,#9213,.T.);
#9211 = VERTEX_POINT('',#9212);
#9212 = CARTESIAN_POINT('',(1.95,0.84,0.825));
#9213 = LINE('',#9214,#9215);
#9214 = CARTESIAN_POINT('',(1.95,2.275,0.825));
#9215 = VECTOR('',#9216,1.);
#9216 = DIRECTION('',(1.110223024625E-16,-1.,0.));
#9217 = ORIENTED_EDGE('',*,*,#9218,.F.);
#9218 = EDGE_CURVE('',#9219,#9211,#9221,.T.);
#9219 = VERTEX_POINT('',#9220);
#9220 = CARTESIAN_POINT('',(1.95,1.7,0.825));
#9221 = LINE('',#9222,#9223);
#9222 = CARTESIAN_POINT('',(1.95,2.275,0.825));
#9223 = VECTOR('',#9224,1.);
#9224 = DIRECTION('',(1.110223024625E-16,-1.,0.));
#9225 = ORIENTED_EDGE('',*,*,#9226,.F.);
#9226 = EDGE_CURVE('',#9227,#9219,#9229,.T.);
#9227 = VERTEX_POINT('',#9228);
#9228 = CARTESIAN_POINT('',(1.95,2.11,0.825));
#9229 = LINE('',#9230,#9231);
#9230 = CARTESIAN_POINT('',(1.95,2.275,0.825));
#9231 = VECTOR('',#9232,1.);
#9232 = DIRECTION('',(1.110223024625E-16,-1.,0.));
#9233 = ORIENTED_EDGE('',*,*,#9234,.F.);
#9234 = EDGE_CURVE('',#9002,#9227,#9235,.T.);
#9235 = LINE('',#9236,#9237);
#9236 = CARTESIAN_POINT('',(1.95,2.275,0.825));
#9237 = VECTOR('',#9238,1.);
#9238 = DIRECTION('',(1.110223024625E-16,-1.,0.));
#9239 = ORIENTED_EDGE('',*,*,#9001,.F.);
#9240 = B_SPLINE_SURFACE_WITH_KNOTS('',1,1,(
    (#9241,#9242)
    ,(#9243,#9244
    )),.UNSPECIFIED.,.F.,.F.,.F.,(2,2),(2,2),(0.,4.55),(0.,1.),
  .PIECEWISE_BEZIER_KNOTS.);
#9241 = CARTESIAN_POINT('',(1.835171280765,2.217585640382,0.1));
#9242 = CARTESIAN_POINT('',(1.95,2.275,0.825));
#9243 = CARTESIAN_POINT('',(1.835171280765,-2.217585640382,0.1));
#9244 = CARTESIAN_POINT('',(1.95,-2.275,0.825));
#9245 = ADVANCED_FACE('',(#9246),#9263,.F.);
#9246 = FACE_BOUND('',#9247,.F.);
#9247 = EDGE_LOOP('',(#9248,#9249,#9250,#9258));
#9248 = ORIENTED_EDGE('',*,*,#8970,.T.);
#9249 = ORIENTED_EDGE('',*,*,#9149,.T.);
#9250 = ORIENTED_EDGE('',*,*,#9251,.F.);
#9251 = EDGE_CURVE('',#9252,#9142,#9254,.T.);
#9252 = VERTEX_POINT('',#9253);
#9253 = CARTESIAN_POINT('',(-1.775,-2.45,0.825));
#9254 = LINE('',#9255,#9256);
#9255 = CARTESIAN_POINT('',(-1.775,-2.45,0.825));
#9256 = VECTOR('',#9257,1.);
#9257 = DIRECTION('',(-0.707106781187,0.707106781187,0.));
#9258 = ORIENTED_EDGE('',*,*,#9259,.F.);
#9259 = EDGE_CURVE('',#8963,#9252,#9260,.T.);
#9260 = B_SPLINE_CURVE_WITH_KNOTS('',1,(#9261,#9262),.UNSPECIFIED.,.F.,
  .F.,(2,2),(0.,1.),.PIECEWISE_BEZIER_KNOTS.);
#9261 = CARTESIAN_POINT('',(-1.717585640382,-2.335171280765,0.1));
#9262 = CARTESIAN_POINT('',(-1.775,-2.45,0.825));
#9263 = B_SPLINE_SURFACE_WITH_KNOTS('',1,1,(
    (#9264,#9265)
    ,(#9266,#9267
    )),.UNSPECIFIED.,.F.,.F.,.F.,(2,2),(2,2),(0.,0.247487373415),(0.,1.)
  ,.PIECEWISE_BEZIER_KNOTS.);
#9264 = CARTESIAN_POINT('',(-1.717585640382,-2.335171280765,0.1));
#9265 = CARTESIAN_POINT('',(-1.775,-2.45,0.825));
#9266 = CARTESIAN_POINT('',(-1.835171280765,-2.217585640382,0.1));
#9267 = CARTESIAN_POINT('',(-1.95,-2.275,0.825));
#9268 = ADVANCED_FACE('',(#9269),#9286,.F.);
#9269 = FACE_BOUND('',#9270,.F.);
#9270 = EDGE_LOOP('',(#9271,#9272,#9279,#9285));
#9271 = ORIENTED_EDGE('',*,*,#8954,.T.);
#9272 = ORIENTED_EDGE('',*,*,#9273,.T.);
#9273 = EDGE_CURVE('',#8955,#9274,#9276,.T.);
#9274 = VERTEX_POINT('',#9275);
#9275 = CARTESIAN_POINT('',(1.775,-2.45,0.825));
#9276 = B_SPLINE_CURVE_WITH_KNOTS('',1,(#9277,#9278),.UNSPECIFIED.,.F.,
  .F.,(2,2),(0.,1.),.PIECEWISE_BEZIER_KNOTS.);
#9277 = CARTESIAN_POINT('',(1.717585640382,-2.335171280765,0.1));
#9278 = CARTESIAN_POINT('',(1.775,-2.45,0.825));
#9279 = ORIENTED_EDGE('',*,*,#9280,.F.);
#9280 = EDGE_CURVE('',#9164,#9274,#9281,.T.);
#9281 = LINE('',#9282,#9283);
#9282 = CARTESIAN_POINT('',(1.95,-2.275,0.825));
#9283 = VECTOR('',#9284,1.);
#9284 = DIRECTION('',(-0.707106781187,-0.707106781187,0.));
#9285 = ORIENTED_EDGE('',*,*,#9163,.F.);
#9286 = B_SPLINE_SURFACE_WITH_KNOTS('',1,1,(
    (#9287,#9288)
    ,(#9289,#9290
    )),.UNSPECIFIED.,.F.,.F.,.F.,(2,2),(2,2),(0.,0.247487373415),(0.,1.)
  ,.PIECEWISE_BEZIER_KNOTS.);
#9287 = CARTESIAN_POINT('',(1.835171280765,-2.217585640382,0.1));
#9288 = CARTESIAN_POINT('',(1.95,-2.275,0.825));
#9289 = CARTESIAN_POINT('',(1.717585640382,-2.335171280765,0.1));
#9290 = CARTESIAN_POINT('',(1.775,-2.45,0.825));
#9291 = ADVANCED_FACE('',(#9292),#9303,.F.);
#9292 = FACE_BOUND('',#9293,.F.);
#9293 = EDGE_LOOP('',(#9294,#9295,#9296,#9302));
#9294 = ORIENTED_EDGE('',*,*,#8962,.T.);
#9295 = ORIENTED_EDGE('',*,*,#9259,.T.);
#9296 = ORIENTED_EDGE('',*,*,#9297,.F.);
#9297 = EDGE_CURVE('',#9274,#9252,#9298,.T.);
#9298 = LINE('',#9299,#9300);
#9299 = CARTESIAN_POINT('',(1.775,-2.45,0.825));
#9300 = VECTOR('',#9301,1.);
#9301 = DIRECTION('',(-1.,-1.110223024625E-16,0.));
#9302 = ORIENTED_EDGE('',*,*,#9273,.F.);
#9303 = B_SPLINE_SURFACE_WITH_KNOTS('',1,1,(
    (#9304,#9305)
    ,(#9306,#9307
    )),.UNSPECIFIED.,.F.,.F.,.F.,(2,2),(2,2),(0.,3.55),(0.,1.),
  .PIECEWISE_BEZIER_KNOTS.);
#9304 = CARTESIAN_POINT('',(1.717585640382,-2.335171280765,0.1));
#9305 = CARTESIAN_POINT('',(1.775,-2.45,0.825));
#9306 = CARTESIAN_POINT('',(-1.717585640382,-2.335171280765,0.1));
#9307 = CARTESIAN_POINT('',(-1.775,-2.45,0.825));
#9308 = ADVANCED_FACE('',(#9309),#9326,.F.);
#9309 = FACE_BOUND('',#9310,.F.);
#9310 = EDGE_LOOP('',(#9311,#9312,#9319,#9325));
#9311 = ORIENTED_EDGE('',*,*,#9008,.T.);
#9312 = ORIENTED_EDGE('',*,*,#9313,.T.);
#9313 = EDGE_CURVE('',#9002,#9314,#9316,.T.);
#9314 = VERTEX_POINT('',#9315);
#9315 = CARTESIAN_POINT('',(1.95,2.275,1.025));
#9316 = B_SPLINE_CURVE_WITH_KNOTS('',1,(#9317,#9318),.UNSPECIFIED.,.F.,
  .F.,(2,2),(0.,1.),.PIECEWISE_BEZIER_KNOTS.);
#9317 = CARTESIAN_POINT('',(1.95,2.275,0.825));
#9318 = CARTESIAN_POINT('',(1.95,2.275,1.025));
#9319 = ORIENTED_EDGE('',*,*,#9320,.F.);
#9320 = EDGE_CURVE('',#9025,#9314,#9321,.T.);
#9321 = LINE('',#9322,#9323);
#9322 = CARTESIAN_POINT('',(1.775,2.45,1.025));
#9323 = VECTOR('',#9324,1.);
#9324 = DIRECTION('',(0.707106781187,-0.707106781187,0.));
#9325 = ORIENTED_EDGE('',*,*,#9024,.F.);
#9326 = PLANE('',#9327);
#9327 = AXIS2_PLACEMENT_3D('',#9328,#9329,#9330);
#9328 = CARTESIAN_POINT('',(1.775,2.45,1.025));
#9329 = DIRECTION('',(-0.707106781187,-0.707106781187,0.));
#9330 = DIRECTION('',(0.707106781187,-0.707106781187,0.));
#9331 = ADVANCED_FACE('',(#9332),#9414,.F.);
#9332 = FACE_BOUND('',#9333,.F.);
#9333 = EDGE_LOOP('',(#9334,#9342,#9343,#9344,#9352,#9360,#9368,#9376,
    #9384,#9392,#9400,#9408));
#9334 = ORIENTED_EDGE('',*,*,#9335,.T.);
#9335 = EDGE_CURVE('',#9336,#9032,#9338,.T.);
#9336 = VERTEX_POINT('',#9337);
#9337 = CARTESIAN_POINT('',(-1.95,2.275,1.025));
#9338 = LINE('',#9339,#9340);
#9339 = CARTESIAN_POINT('',(-1.95,2.275,1.025));
#9340 = VECTOR('',#9341,1.);
#9341 = DIRECTION('',(0.707106781187,0.707106781187,0.));
#9342 = ORIENTED_EDGE('',*,*,#9031,.T.);
#9343 = ORIENTED_EDGE('',*,*,#9320,.T.);
#9344 = ORIENTED_EDGE('',*,*,#9345,.T.);
#9345 = EDGE_CURVE('',#9314,#9346,#9348,.T.);
#9346 = VERTEX_POINT('',#9347);
#9347 = CARTESIAN_POINT('',(1.95,2.11,1.025));
#9348 = LINE('',#9349,#9350);
#9349 = CARTESIAN_POINT('',(1.95,2.275,1.025));
#9350 = VECTOR('',#9351,1.);
#9351 = DIRECTION('',(1.110223024625E-16,-1.,0.));
#9352 = ORIENTED_EDGE('',*,*,#9353,.T.);
#9353 = EDGE_CURVE('',#9346,#9354,#9356,.T.);
#9354 = VERTEX_POINT('',#9355);
#9355 = CARTESIAN_POINT('',(1.875,2.11,1.025));
#9356 = LINE('',#9357,#9358);
#9357 = CARTESIAN_POINT('',(2.25,2.11,1.025));
#9358 = VECTOR('',#9359,1.);
#9359 = DIRECTION('',(-1.,-1.110223024625E-16,0.));
#9360 = ORIENTED_EDGE('',*,*,#9361,.F.);
#9361 = EDGE_CURVE('',#9362,#9354,#9364,.T.);
#9362 = VERTEX_POINT('',#9363);
#9363 = CARTESIAN_POINT('',(1.875,2.2375,1.025));
#9364 = LINE('',#9365,#9366);
#9365 = CARTESIAN_POINT('',(1.875,2.2375,1.025));
#9366 = VECTOR('',#9367,1.);
#9367 = DIRECTION('',(1.110223024625E-16,-1.,0.));
#9368 = ORIENTED_EDGE('',*,*,#9369,.F.);
#9369 = EDGE_CURVE('',#9370,#9362,#9372,.T.);
#9370 = VERTEX_POINT('',#9371);
#9371 = CARTESIAN_POINT('',(1.7375,2.375,1.025));
#9372 = LINE('',#9373,#9374);
#9373 = CARTESIAN_POINT('',(1.7375,2.375,1.025));
#9374 = VECTOR('',#9375,1.);
#9375 = DIRECTION('',(0.707106781187,-0.707106781187,0.));
#9376 = ORIENTED_EDGE('',*,*,#9377,.F.);
#9377 = EDGE_CURVE('',#9378,#9370,#9380,.T.);
#9378 = VERTEX_POINT('',#9379);
#9379 = CARTESIAN_POINT('',(-1.7375,2.375,1.025));
#9380 = LINE('',#9381,#9382);
#9381 = CARTESIAN_POINT('',(-1.7375,2.375,1.025));
#9382 = VECTOR('',#9383,1.);
#9383 = DIRECTION('',(1.,1.110223024625E-16,0.));
#9384 = ORIENTED_EDGE('',*,*,#9385,.F.);
#9385 = EDGE_CURVE('',#9386,#9378,#9388,.T.);
#9386 = VERTEX_POINT('',#9387);
#9387 = CARTESIAN_POINT('',(-1.875,2.2375,1.025));
#9388 = LINE('',#9389,#9390);
#9389 = CARTESIAN_POINT('',(-1.875,2.2375,1.025));
#9390 = VECTOR('',#9391,1.);
#9391 = DIRECTION('',(0.707106781187,0.707106781187,0.));
#9392 = ORIENTED_EDGE('',*,*,#9393,.F.);
#9393 = EDGE_CURVE('',#9394,#9386,#9396,.T.);
#9394 = VERTEX_POINT('',#9395);
#9395 = CARTESIAN_POINT('',(-1.875,2.11,1.025));
#9396 = LINE('',#9397,#9398);
#9397 = CARTESIAN_POINT('',(-1.875,-2.2375,1.025));
#9398 = VECTOR('',#9399,1.);
#9399 = DIRECTION('',(-1.110223024625E-16,1.,0.));
#9400 = ORIENTED_EDGE('',*,*,#9401,.F.);
#9401 = EDGE_CURVE('',#9402,#9394,#9404,.T.);
#9402 = VERTEX_POINT('',#9403);
#9403 = CARTESIAN_POINT('',(-1.95,2.11,1.025));
#9404 = LINE('',#9405,#9406);
#9405 = CARTESIAN_POINT('',(-2.25,2.11,1.025));
#9406 = VECTOR('',#9407,1.);
#9407 = DIRECTION('',(1.,-1.144237745222E-17,0.));
#9408 = ORIENTED_EDGE('',*,*,#9409,.T.);
#9409 = EDGE_CURVE('',#9402,#9336,#9410,.T.);
#9410 = LINE('',#9411,#9412);
#9411 = CARTESIAN_POINT('',(-1.95,-2.275,1.025));
#9412 = VECTOR('',#9413,1.);
#9413 = DIRECTION('',(-1.110223024625E-16,1.,0.));
#9414 = PLANE('',#9415);
#9415 = AXIS2_PLACEMENT_3D('',#9416,#9417,#9418);
#9416 = CARTESIAN_POINT('',(-3.027078129022E-16,2.4125,1.025));
#9417 = DIRECTION('',(2.007919022429E-31,-7.713306628828E-27,-1.));
#9418 = DIRECTION('',(1.,1.112083013911E-16,2.00791902242E-31));
#9419 = ADVANCED_FACE('',(#9420),#9430,.F.);
#9420 = FACE_BOUND('',#9421,.F.);
#9421 = EDGE_LOOP('',(#9422,#9423,#9424,#9425));
#9422 = ORIENTED_EDGE('',*,*,#9054,.T.);
#9423 = ORIENTED_EDGE('',*,*,#9039,.T.);
#9424 = ORIENTED_EDGE('',*,*,#9335,.F.);
#9425 = ORIENTED_EDGE('',*,*,#9426,.F.);
#9426 = EDGE_CURVE('',#9055,#9336,#9427,.T.);
#9427 = B_SPLINE_CURVE_WITH_KNOTS('',1,(#9428,#9429),.UNSPECIFIED.,.F.,
  .F.,(2,2),(0.,1.),.PIECEWISE_BEZIER_KNOTS.);
#9428 = CARTESIAN_POINT('',(-1.95,2.275,0.825));
#9429 = CARTESIAN_POINT('',(-1.95,2.275,1.025));
#9430 = PLANE('',#9431);
#9431 = AXIS2_PLACEMENT_3D('',#9432,#9433,#9434);
#9432 = CARTESIAN_POINT('',(-1.95,2.275,1.025));
#9433 = DIRECTION('',(0.707106781187,-0.707106781187,0.));
#9434 = DIRECTION('',(0.707106781187,0.707106781187,0.));
#9435 = ADVANCED_FACE('',(#9436),#9460,.F.);
#9436 = FACE_BOUND('',#9437,.F.);
#9437 = EDGE_LOOP('',(#9438,#9445,#9446,#9454));
#9438 = ORIENTED_EDGE('',*,*,#9439,.F.);
#9439 = EDGE_CURVE('',#9142,#9440,#9442,.T.);
#9440 = VERTEX_POINT('',#9441);
#9441 = CARTESIAN_POINT('',(-1.95,-2.275,1.025));
#9442 = B_SPLINE_CURVE_WITH_KNOTS('',1,(#9443,#9444),.UNSPECIFIED.,.F.,
  .F.,(2,2),(0.,1.),.PIECEWISE_BEZIER_KNOTS.);
#9443 = CARTESIAN_POINT('',(-1.95,-2.275,0.825));
#9444 = CARTESIAN_POINT('',(-1.95,-2.275,1.025));
#9445 = ORIENTED_EDGE('',*,*,#9141,.T.);
#9446 = ORIENTED_EDGE('',*,*,#9447,.T.);
#9447 = EDGE_CURVE('',#9134,#9448,#9450,.T.);
#9448 = VERTEX_POINT('',#9449);
#9449 = CARTESIAN_POINT('',(-1.95,-2.11,1.025));
#9450 = LINE('',#9451,#9452);
#9451 = CARTESIAN_POINT('',(-1.95,-2.11,0.786976568901));
#9452 = VECTOR('',#9453,1.);
#9453 = DIRECTION('',(0.,0.,1.));
#9454 = ORIENTED_EDGE('',*,*,#9455,.F.);
#9455 = EDGE_CURVE('',#9440,#9448,#9456,.T.);
#9456 = LINE('',#9457,#9458);
#9457 = CARTESIAN_POINT('',(-1.95,-2.275,1.025));
#9458 = VECTOR('',#9459,1.);
#9459 = DIRECTION('',(-1.110223024625E-16,1.,0.));
#9460 = PLANE('',#9461);
#9461 = AXIS2_PLACEMENT_3D('',#9462,#9463,#9464);
#9462 = CARTESIAN_POINT('',(-1.95,-2.275,1.025));
#9463 = DIRECTION('',(1.,1.110223024625E-16,0.));
#9464 = DIRECTION('',(-1.110223024625E-16,1.,0.));
#9465 = ADVANCED_FACE('',(#9466),#9491,.F.);
#9466 = FACE_BOUND('',#9467,.F.);
#9467 = EDGE_LOOP('',(#9468,#9476,#9477,#9485));
#9468 = ORIENTED_EDGE('',*,*,#9469,.F.);
#9469 = EDGE_CURVE('',#9134,#9470,#9472,.T.);
#9470 = VERTEX_POINT('',#9471);
#9471 = CARTESIAN_POINT('',(-2.25,-2.11,0.825));
#9472 = LINE('',#9473,#9474);
#9473 = CARTESIAN_POINT('',(-1.8,-2.11,0.825));
#9474 = VECTOR('',#9475,1.);
#9475 = DIRECTION('',(-1.,1.144237745222E-17,0.));
#9476 = ORIENTED_EDGE('',*,*,#9133,.T.);
#9477 = ORIENTED_EDGE('',*,*,#9478,.T.);
#9478 = EDGE_CURVE('',#9126,#9479,#9481,.T.);
#9479 = VERTEX_POINT('',#9480);
#9480 = CARTESIAN_POINT('',(-2.25,-1.7,0.825));
#9481 = LINE('',#9482,#9483);
#9482 = CARTESIAN_POINT('',(-1.8,-1.7,0.825));
#9483 = VECTOR('',#9484,1.);
#9484 = DIRECTION('',(-1.,1.144237745222E-17,0.));
#9485 = ORIENTED_EDGE('',*,*,#9486,.F.);
#9486 = EDGE_CURVE('',#9470,#9479,#9487,.T.);
#9487 = LINE('',#9488,#9489);
#9488 = CARTESIAN_POINT('',(-2.25,-2.11,0.825));
#9489 = VECTOR('',#9490,1.);
#9490 = DIRECTION('',(1.144237745222E-17,1.,0.));
#9491 = PLANE('',#9492);
#9492 = AXIS2_PLACEMENT_3D('',#9493,#9494,#9495);
#9493 = CARTESIAN_POINT('',(-1.8,-2.11,0.825));
#9494 = DIRECTION('',(0.,0.,1.));
#9495 = DIRECTION('',(-1.,1.144237745222E-17,0.));
#9496 = ADVANCED_FACE('',(#9497),#9522,.F.);
#9497 = FACE_BOUND('',#9498,.F.);
#9498 = EDGE_LOOP('',(#9499,#9507,#9508,#9516));
#9499 = ORIENTED_EDGE('',*,*,#9500,.F.);
#9500 = EDGE_CURVE('',#9126,#9501,#9503,.T.);
#9501 = VERTEX_POINT('',#9502);
#9502 = CARTESIAN_POINT('',(-1.95,-1.7,1.025));
#9503 = LINE('',#9504,#9505);
#9504 = CARTESIAN_POINT('',(-1.95,-1.7,0.786976568901));
#9505 = VECTOR('',#9506,1.);
#9506 = DIRECTION('',(0.,0.,1.));
#9507 = ORIENTED_EDGE('',*,*,#9125,.T.);
#9508 = ORIENTED_EDGE('',*,*,#9509,.T.);
#9509 = EDGE_CURVE('',#9118,#9510,#9512,.T.);
#9510 = VERTEX_POINT('',#9511);
#9511 = CARTESIAN_POINT('',(-1.95,-0.84,1.025));
#9512 = LINE('',#9513,#9514);
#9513 = CARTESIAN_POINT('',(-1.95,-0.84,0.786976568901));
#9514 = VECTOR('',#9515,1.);
#9515 = DIRECTION('',(0.,0.,1.));
#9516 = ORIENTED_EDGE('',*,*,#9517,.F.);
#9517 = EDGE_CURVE('',#9501,#9510,#9518,.T.);
#9518 = LINE('',#9519,#9520);
#9519 = CARTESIAN_POINT('',(-1.95,-2.275,1.025));
#9520 = VECTOR('',#9521,1.);
#9521 = DIRECTION('',(-1.110223024625E-16,1.,0.));
#9522 = PLANE('',#9523);
#9523 = AXIS2_PLACEMENT_3D('',#9524,#9525,#9526);
#9524 = CARTESIAN_POINT('',(-1.95,-2.275,1.025));
#9525 = DIRECTION('',(1.,1.110223024625E-16,0.));
#9526 = DIRECTION('',(-1.110223024625E-16,1.,0.));
#9527 = ADVANCED_FACE('',(#9528),#9553,.F.);
#9528 = FACE_BOUND('',#9529,.F.);
#9529 = EDGE_LOOP('',(#9530,#9538,#9539,#9547));
#9530 = ORIENTED_EDGE('',*,*,#9531,.F.);
#9531 = EDGE_CURVE('',#9118,#9532,#9534,.T.);
#9532 = VERTEX_POINT('',#9533);
#9533 = CARTESIAN_POINT('',(-2.25,-0.84,0.825));
#9534 = LINE('',#9535,#9536);
#9535 = CARTESIAN_POINT('',(-1.8,-0.84,0.825));
#9536 = VECTOR('',#9537,1.);
#9537 = DIRECTION('',(-1.,1.144237745222E-17,0.));
#9538 = ORIENTED_EDGE('',*,*,#9117,.T.);
#9539 = ORIENTED_EDGE('',*,*,#9540,.T.);
#9540 = EDGE_CURVE('',#9110,#9541,#9543,.T.);
#9541 = VERTEX_POINT('',#9542);
#9542 = CARTESIAN_POINT('',(-2.25,-0.43,0.825));
#9543 = LINE('',#9544,#9545);
#9544 = CARTESIAN_POINT('',(-1.8,-0.43,0.825));
#9545 = VECTOR('',#9546,1.);
#9546 = DIRECTION('',(-1.,1.144237745222E-17,0.));
#9547 = ORIENTED_EDGE('',*,*,#9548,.F.);
#9548 = EDGE_CURVE('',#9532,#9541,#9549,.T.);
#9549 = LINE('',#9550,#9551);
#9550 = CARTESIAN_POINT('',(-2.25,-0.84,0.825));
#9551 = VECTOR('',#9552,1.);
#9552 = DIRECTION('',(1.144237745222E-17,1.,0.));
#9553 = PLANE('',#9554);
#9554 = AXIS2_PLACEMENT_3D('',#9555,#9556,#9557);
#9555 = CARTESIAN_POINT('',(-1.8,-0.84,0.825));
#9556 = DIRECTION('',(0.,0.,1.));
#9557 = DIRECTION('',(-1.,1.144237745222E-17,0.));
#9558 = ADVANCED_FACE('',(#9559),#9584,.F.);
#9559 = FACE_BOUND('',#9560,.F.);
#9560 = EDGE_LOOP('',(#9561,#9569,#9570,#9578));
#9561 = ORIENTED_EDGE('',*,*,#9562,.F.);
#9562 = EDGE_CURVE('',#9110,#9563,#9565,.T.);
#9563 = VERTEX_POINT('',#9564);
#9564 = CARTESIAN_POINT('',(-1.95,-0.43,1.025));
#9565 = LINE('',#9566,#9567);
#9566 = CARTESIAN_POINT('',(-1.95,-0.43,0.786976568901));
#9567 = VECTOR('',#9568,1.);
#9568 = DIRECTION('',(0.,0.,1.));
#9569 = ORIENTED_EDGE('',*,*,#9109,.T.);
#9570 = ORIENTED_EDGE('',*,*,#9571,.T.);
#9571 = EDGE_CURVE('',#9102,#9572,#9574,.T.);
#9572 = VERTEX_POINT('',#9573);
#9573 = CARTESIAN_POINT('',(-1.95,0.43,1.025));
#9574 = LINE('',#9575,#9576);
#9575 = CARTESIAN_POINT('',(-1.95,0.43,0.786976568901));
#9576 = VECTOR('',#9577,1.);
#9577 = DIRECTION('',(0.,0.,1.));
#9578 = ORIENTED_EDGE('',*,*,#9579,.F.);
#9579 = EDGE_CURVE('',#9563,#9572,#9580,.T.);
#9580 = LINE('',#9581,#9582);
#9581 = CARTESIAN_POINT('',(-1.95,-2.275,1.025));
#9582 = VECTOR('',#9583,1.);
#9583 = DIRECTION('',(-1.110223024625E-16,1.,0.));
#9584 = PLANE('',#9585);
#9585 = AXIS2_PLACEMENT_3D('',#9586,#9587,#9588);
#9586 = CARTESIAN_POINT('',(-1.95,-2.275,1.025));
#9587 = DIRECTION('',(1.,1.110223024625E-16,0.));
#9588 = DIRECTION('',(-1.110223024625E-16,1.,0.));
#9589 = ADVANCED_FACE('',(#9590),#9615,.F.);
#9590 = FACE_BOUND('',#9591,.F.);
#9591 = EDGE_LOOP('',(#9592,#9600,#9601,#9609));
#9592 = ORIENTED_EDGE('',*,*,#9593,.F.);
#9593 = EDGE_CURVE('',#9102,#9594,#9596,.T.);
#9594 = VERTEX_POINT('',#9595);
#9595 = CARTESIAN_POINT('',(-2.25,0.43,0.825));
#9596 = LINE('',#9597,#9598);
#9597 = CARTESIAN_POINT('',(-1.8,0.43,0.825));
#9598 = VECTOR('',#9599,1.);
#9599 = DIRECTION('',(-1.,1.144237745222E-17,0.));
#9600 = ORIENTED_EDGE('',*,*,#9101,.T.);
#9601 = ORIENTED_EDGE('',*,*,#9602,.T.);
#9602 = EDGE_CURVE('',#9094,#9603,#9605,.T.);
#9603 = VERTEX_POINT('',#9604);
#9604 = CARTESIAN_POINT('',(-2.25,0.84,0.825));
#9605 = LINE('',#9606,#9607);
#9606 = CARTESIAN_POINT('',(-1.8,0.84,0.825));
#9607 = VECTOR('',#9608,1.);
#9608 = DIRECTION('',(-1.,1.144237745222E-17,0.));
#9609 = ORIENTED_EDGE('',*,*,#9610,.F.);
#9610 = EDGE_CURVE('',#9594,#9603,#9611,.T.);
#9611 = LINE('',#9612,#9613);
#9612 = CARTESIAN_POINT('',(-2.25,0.43,0.825));
#9613 = VECTOR('',#9614,1.);
#9614 = DIRECTION('',(1.144237745222E-17,1.,0.));
#9615 = PLANE('',#9616);
#9616 = AXIS2_PLACEMENT_3D('',#9617,#9618,#9619);
#9617 = CARTESIAN_POINT('',(-1.8,0.43,0.825));
#9618 = DIRECTION('',(0.,0.,1.));
#9619 = DIRECTION('',(-1.,1.144237745222E-17,0.));
#9620 = ADVANCED_FACE('',(#9621),#9646,.F.);
#9621 = FACE_BOUND('',#9622,.F.);
#9622 = EDGE_LOOP('',(#9623,#9631,#9632,#9640));
#9623 = ORIENTED_EDGE('',*,*,#9624,.F.);
#9624 = EDGE_CURVE('',#9094,#9625,#9627,.T.);
#9625 = VERTEX_POINT('',#9626);
#9626 = CARTESIAN_POINT('',(-1.95,0.84,1.025));
#9627 = LINE('',#9628,#9629);
#9628 = CARTESIAN_POINT('',(-1.95,0.84,0.786976568901));
#9629 = VECTOR('',#9630,1.);
#9630 = DIRECTION('',(0.,0.,1.));
#9631 = ORIENTED_EDGE('',*,*,#9093,.T.);
#9632 = ORIENTED_EDGE('',*,*,#9633,.T.);
#9633 = EDGE_CURVE('',#9086,#9634,#9636,.T.);
#9634 = VERTEX_POINT('',#9635);
#9635 = CARTESIAN_POINT('',(-1.95,1.7,1.025));
#9636 = LINE('',#9637,#9638);
#9637 = CARTESIAN_POINT('',(-1.95,1.7,0.786976568901));
#9638 = VECTOR('',#9639,1.);
#9639 = DIRECTION('',(0.,0.,1.));
#9640 = ORIENTED_EDGE('',*,*,#9641,.F.);
#9641 = EDGE_CURVE('',#9625,#9634,#9642,.T.);
#9642 = LINE('',#9643,#9644);
#9643 = CARTESIAN_POINT('',(-1.95,-2.275,1.025));
#9644 = VECTOR('',#9645,1.);
#9645 = DIRECTION('',(-1.110223024625E-16,1.,0.));
#9646 = PLANE('',#9647);
#9647 = AXIS2_PLACEMENT_3D('',#9648,#9649,#9650);
#9648 = CARTESIAN_POINT('',(-1.95,-2.275,1.025));
#9649 = DIRECTION('',(1.,1.110223024625E-16,0.));
#9650 = DIRECTION('',(-1.110223024625E-16,1.,0.));
#9651 = ADVANCED_FACE('',(#9652),#9677,.F.);
#9652 = FACE_BOUND('',#9653,.F.);
#9653 = EDGE_LOOP('',(#9654,#9662,#9663,#9671));
#9654 = ORIENTED_EDGE('',*,*,#9655,.F.);
#9655 = EDGE_CURVE('',#9086,#9656,#9658,.T.);
#9656 = VERTEX_POINT('',#9657);
#9657 = CARTESIAN_POINT('',(-2.25,1.7,0.825));
#9658 = LINE('',#9659,#9660);
#9659 = CARTESIAN_POINT('',(-1.8,1.7,0.825));
#9660 = VECTOR('',#9661,1.);
#9661 = DIRECTION('',(-1.,1.144237745222E-17,0.));
#9662 = ORIENTED_EDGE('',*,*,#9085,.T.);
#9663 = ORIENTED_EDGE('',*,*,#9664,.T.);
#9664 = EDGE_CURVE('',#9078,#9665,#9667,.T.);
#9665 = VERTEX_POINT('',#9666);
#9666 = CARTESIAN_POINT('',(-2.25,2.11,0.825));
#9667 = LINE('',#9668,#9669);
#9668 = CARTESIAN_POINT('',(-1.8,2.11,0.825));
#9669 = VECTOR('',#9670,1.);
#9670 = DIRECTION('',(-1.,1.144237745222E-17,0.));
#9671 = ORIENTED_EDGE('',*,*,#9672,.F.);
#9672 = EDGE_CURVE('',#9656,#9665,#9673,.T.);
#9673 = LINE('',#9674,#9675);
#9674 = CARTESIAN_POINT('',(-2.25,1.7,0.825));
#9675 = VECTOR('',#9676,1.);
#9676 = DIRECTION('',(1.144237745222E-17,1.,0.));
#9677 = PLANE('',#9678);
#9678 = AXIS2_PLACEMENT_3D('',#9679,#9680,#9681);
#9679 = CARTESIAN_POINT('',(-1.8,1.7,0.825));
#9680 = DIRECTION('',(0.,0.,1.));
#9681 = DIRECTION('',(-1.,1.144237745222E-17,0.));
#9682 = ADVANCED_FACE('',(#9683),#9694,.F.);
#9683 = FACE_BOUND('',#9684,.F.);
#9684 = EDGE_LOOP('',(#9685,#9691,#9692,#9693));
#9685 = ORIENTED_EDGE('',*,*,#9686,.F.);
#9686 = EDGE_CURVE('',#9078,#9402,#9687,.T.);
#9687 = LINE('',#9688,#9689);
#9688 = CARTESIAN_POINT('',(-1.95,2.11,0.786976568901));
#9689 = VECTOR('',#9690,1.);
#9690 = DIRECTION('',(0.,0.,1.));
#9691 = ORIENTED_EDGE('',*,*,#9077,.T.);
#9692 = ORIENTED_EDGE('',*,*,#9426,.T.);
#9693 = ORIENTED_EDGE('',*,*,#9409,.F.);
#9694 = PLANE('',#9695);
#9695 = AXIS2_PLACEMENT_3D('',#9696,#9697,#9698);
#9696 = CARTESIAN_POINT('',(-1.95,-2.275,1.025));
#9697 = DIRECTION('',(1.,1.110223024625E-16,0.));
#9698 = DIRECTION('',(-1.110223024625E-16,1.,0.));
#9699 = ADVANCED_FACE('',(#9700),#9711,.F.);
#9700 = FACE_BOUND('',#9701,.F.);
#9701 = EDGE_LOOP('',(#9702,#9703,#9704,#9710));
#9702 = ORIENTED_EDGE('',*,*,#9313,.F.);
#9703 = ORIENTED_EDGE('',*,*,#9234,.T.);
#9704 = ORIENTED_EDGE('',*,*,#9705,.T.);
#9705 = EDGE_CURVE('',#9227,#9346,#9706,.T.);
#9706 = LINE('',#9707,#9708);
#9707 = CARTESIAN_POINT('',(1.95,2.11,0.786976568901));
#9708 = VECTOR('',#9709,1.);
#9709 = DIRECTION('',(0.,0.,1.));
#9710 = ORIENTED_EDGE('',*,*,#9345,.F.);
#9711 = PLANE('',#9712);
#9712 = AXIS2_PLACEMENT_3D('',#9713,#9714,#9715);
#9713 = CARTESIAN_POINT('',(1.95,2.275,1.025));
#9714 = DIRECTION('',(-1.,-1.110223024625E-16,0.));
#9715 = DIRECTION('',(1.110223024625E-16,-1.,0.));
#9716 = ADVANCED_FACE('',(#9717),#9742,.F.);
#9717 = FACE_BOUND('',#9718,.F.);
#9718 = EDGE_LOOP('',(#9719,#9727,#9728,#9736));
#9719 = ORIENTED_EDGE('',*,*,#9720,.F.);
#9720 = EDGE_CURVE('',#9227,#9721,#9723,.T.);
#9721 = VERTEX_POINT('',#9722);
#9722 = CARTESIAN_POINT('',(2.25,2.11,0.825));
#9723 = LINE('',#9724,#9725);
#9724 = CARTESIAN_POINT('',(1.8,2.11,0.825));
#9725 = VECTOR('',#9726,1.);
#9726 = DIRECTION('',(1.,1.110223024625E-16,0.));
#9727 = ORIENTED_EDGE('',*,*,#9226,.T.);
#9728 = ORIENTED_EDGE('',*,*,#9729,.T.);
#9729 = EDGE_CURVE('',#9219,#9730,#9732,.T.);
#9730 = VERTEX_POINT('',#9731);
#9731 = CARTESIAN_POINT('',(2.25,1.7,0.825));
#9732 = LINE('',#9733,#9734);
#9733 = CARTESIAN_POINT('',(1.8,1.7,0.825));
#9734 = VECTOR('',#9735,1.);
#9735 = DIRECTION('',(1.,1.110223024625E-16,0.));
#9736 = ORIENTED_EDGE('',*,*,#9737,.F.);
#9737 = EDGE_CURVE('',#9721,#9730,#9738,.T.);
#9738 = LINE('',#9739,#9740);
#9739 = CARTESIAN_POINT('',(2.25,2.11,0.825));
#9740 = VECTOR('',#9741,1.);
#9741 = DIRECTION('',(1.110223024625E-16,-1.,0.));
#9742 = PLANE('',#9743);
#9743 = AXIS2_PLACEMENT_3D('',#9744,#9745,#9746);
#9744 = CARTESIAN_POINT('',(1.8,2.11,0.825));
#9745 = DIRECTION('',(0.,0.,1.));
#9746 = DIRECTION('',(1.,1.110223024625E-16,-0.));
#9747 = ADVANCED_FACE('',(#9748),#9773,.F.);
#9748 = FACE_BOUND('',#9749,.F.);
#9749 = EDGE_LOOP('',(#9750,#9758,#9759,#9767));
#9750 = ORIENTED_EDGE('',*,*,#9751,.F.);
#9751 = EDGE_CURVE('',#9219,#9752,#9754,.T.);
#9752 = VERTEX_POINT('',#9753);
#9753 = CARTESIAN_POINT('',(1.95,1.7,1.025));
#9754 = LINE('',#9755,#9756);
#9755 = CARTESIAN_POINT('',(1.95,1.7,0.786976568901));
#9756 = VECTOR('',#9757,1.);
#9757 = DIRECTION('',(0.,0.,1.));
#9758 = ORIENTED_EDGE('',*,*,#9218,.T.);
#9759 = ORIENTED_EDGE('',*,*,#9760,.T.);
#9760 = EDGE_CURVE('',#9211,#9761,#9763,.T.);
#9761 = VERTEX_POINT('',#9762);
#9762 = CARTESIAN_POINT('',(1.95,0.84,1.025));
#9763 = LINE('',#9764,#9765);
#9764 = CARTESIAN_POINT('',(1.95,0.84,0.786976568901));
#9765 = VECTOR('',#9766,1.);
#9766 = DIRECTION('',(0.,0.,1.));
#9767 = ORIENTED_EDGE('',*,*,#9768,.F.);
#9768 = EDGE_CURVE('',#9752,#9761,#9769,.T.);
#9769 = LINE('',#9770,#9771);
#9770 = CARTESIAN_POINT('',(1.95,2.275,1.025));
#9771 = VECTOR('',#9772,1.);
#9772 = DIRECTION('',(1.110223024625E-16,-1.,0.));
#9773 = PLANE('',#9774);
#9774 = AXIS2_PLACEMENT_3D('',#9775,#9776,#9777);
#9775 = CARTESIAN_POINT('',(1.95,2.275,1.025));
#9776 = DIRECTION('',(-1.,-1.110223024625E-16,0.));
#9777 = DIRECTION('',(1.110223024625E-16,-1.,0.));
#9778 = ADVANCED_FACE('',(#9779),#9804,.F.);
#9779 = FACE_BOUND('',#9780,.F.);
#9780 = EDGE_LOOP('',(#9781,#9789,#9790,#9798));
#9781 = ORIENTED_EDGE('',*,*,#9782,.F.);
#9782 = EDGE_CURVE('',#9211,#9783,#9785,.T.);
#9783 = VERTEX_POINT('',#9784);
#9784 = CARTESIAN_POINT('',(2.25,0.84,0.825));
#9785 = LINE('',#9786,#9787);
#9786 = CARTESIAN_POINT('',(1.8,0.84,0.825));
#9787 = VECTOR('',#9788,1.);
#9788 = DIRECTION('',(1.,1.110223024625E-16,0.));
#9789 = ORIENTED_EDGE('',*,*,#9210,.T.);
#9790 = ORIENTED_EDGE('',*,*,#9791,.T.);
#9791 = EDGE_CURVE('',#9203,#9792,#9794,.T.);
#9792 = VERTEX_POINT('',#9793);
#9793 = CARTESIAN_POINT('',(2.25,0.43,0.825));
#9794 = LINE('',#9795,#9796);
#9795 = CARTESIAN_POINT('',(1.8,0.43,0.825));
#9796 = VECTOR('',#9797,1.);
#9797 = DIRECTION('',(1.,1.110223024625E-16,0.));
#9798 = ORIENTED_EDGE('',*,*,#9799,.F.);
#9799 = EDGE_CURVE('',#9783,#9792,#9800,.T.);
#9800 = LINE('',#9801,#9802);
#9801 = CARTESIAN_POINT('',(2.25,0.84,0.825));
#9802 = VECTOR('',#9803,1.);
#9803 = DIRECTION('',(1.110223024625E-16,-1.,0.));
#9804 = PLANE('',#9805);
#9805 = AXIS2_PLACEMENT_3D('',#9806,#9807,#9808);
#9806 = CARTESIAN_POINT('',(1.8,0.84,0.825));
#9807 = DIRECTION('',(0.,0.,1.));
#9808 = DIRECTION('',(1.,1.110223024625E-16,-0.));
#9809 = ADVANCED_FACE('',(#9810),#9835,.F.);
#9810 = FACE_BOUND('',#9811,.F.);
#9811 = EDGE_LOOP('',(#9812,#9820,#9821,#9829));
#9812 = ORIENTED_EDGE('',*,*,#9813,.F.);
#9813 = EDGE_CURVE('',#9203,#9814,#9816,.T.);
#9814 = VERTEX_POINT('',#9815);
#9815 = CARTESIAN_POINT('',(1.95,0.43,1.025));
#9816 = LINE('',#9817,#9818);
#9817 = CARTESIAN_POINT('',(1.95,0.43,0.786976568901));
#9818 = VECTOR('',#9819,1.);
#9819 = DIRECTION('',(0.,0.,1.));
#9820 = ORIENTED_EDGE('',*,*,#9202,.T.);
#9821 = ORIENTED_EDGE('',*,*,#9822,.T.);
#9822 = EDGE_CURVE('',#9195,#9823,#9825,.T.);
#9823 = VERTEX_POINT('',#9824);
#9824 = CARTESIAN_POINT('',(1.95,-0.43,1.025));
#9825 = LINE('',#9826,#9827);
#9826 = CARTESIAN_POINT('',(1.95,-0.43,0.786976568901));
#9827 = VECTOR('',#9828,1.);
#9828 = DIRECTION('',(0.,0.,1.));
#9829 = ORIENTED_EDGE('',*,*,#9830,.F.);
#9830 = EDGE_CURVE('',#9814,#9823,#9831,.T.);
#9831 = LINE('',#9832,#9833);
#9832 = CARTESIAN_POINT('',(1.95,2.275,1.025));
#9833 = VECTOR('',#9834,1.);
#9834 = DIRECTION('',(1.110223024625E-16,-1.,0.));
#9835 = PLANE('',#9836);
#9836 = AXIS2_PLACEMENT_3D('',#9837,#9838,#9839);
#9837 = CARTESIAN_POINT('',(1.95,2.275,1.025));
#9838 = DIRECTION('',(-1.,-1.110223024625E-16,0.));
#9839 = DIRECTION('',(1.110223024625E-16,-1.,0.));
#9840 = ADVANCED_FACE('',(#9841),#9866,.F.);
#9841 = FACE_BOUND('',#9842,.F.);
#9842 = EDGE_LOOP('',(#9843,#9851,#9852,#9860));
#9843 = ORIENTED_EDGE('',*,*,#9844,.F.);
#9844 = EDGE_CURVE('',#9195,#9845,#9847,.T.);
#9845 = VERTEX_POINT('',#9846);
#9846 = CARTESIAN_POINT('',(2.25,-0.43,0.825));
#9847 = LINE('',#9848,#9849);
#9848 = CARTESIAN_POINT('',(1.8,-0.43,0.825));
#9849 = VECTOR('',#9850,1.);
#9850 = DIRECTION('',(1.,1.110223024625E-16,0.));
#9851 = ORIENTED_EDGE('',*,*,#9194,.T.);
#9852 = ORIENTED_EDGE('',*,*,#9853,.T.);
#9853 = EDGE_CURVE('',#9187,#9854,#9856,.T.);
#9854 = VERTEX_POINT('',#9855);
#9855 = CARTESIAN_POINT('',(2.25,-0.84,0.825));
#9856 = LINE('',#9857,#9858);
#9857 = CARTESIAN_POINT('',(1.8,-0.84,0.825));
#9858 = VECTOR('',#9859,1.);
#9859 = DIRECTION('',(1.,1.110223024625E-16,0.));
#9860 = ORIENTED_EDGE('',*,*,#9861,.F.);
#9861 = EDGE_CURVE('',#9845,#9854,#9862,.T.);
#9862 = LINE('',#9863,#9864);
#9863 = CARTESIAN_POINT('',(2.25,-0.43,0.825));
#9864 = VECTOR('',#9865,1.);
#9865 = DIRECTION('',(1.110223024625E-16,-1.,0.));
#9866 = PLANE('',#9867);
#9867 = AXIS2_PLACEMENT_3D('',#9868,#9869,#9870);
#9868 = CARTESIAN_POINT('',(1.8,-0.43,0.825));
#9869 = DIRECTION('',(0.,0.,1.));
#9870 = DIRECTION('',(1.,1.110223024625E-16,-0.));
#9871 = ADVANCED_FACE('',(#9872),#9897,.F.);
#9872 = FACE_BOUND('',#9873,.F.);
#9873 = EDGE_LOOP('',(#9874,#9882,#9883,#9891));
#9874 = ORIENTED_EDGE('',*,*,#9875,.F.);
#9875 = EDGE_CURVE('',#9187,#9876,#9878,.T.);
#9876 = VERTEX_POINT('',#9877);
#9877 = CARTESIAN_POINT('',(1.95,-0.84,1.025));
#9878 = LINE('',#9879,#9880);
#9879 = CARTESIAN_POINT('',(1.95,-0.84,0.786976568901));
#9880 = VECTOR('',#9881,1.);
#9881 = DIRECTION('',(0.,0.,1.));
#9882 = ORIENTED_EDGE('',*,*,#9186,.T.);
#9883 = ORIENTED_EDGE('',*,*,#9884,.T.);
#9884 = EDGE_CURVE('',#9179,#9885,#9887,.T.);
#9885 = VERTEX_POINT('',#9886);
#9886 = CARTESIAN_POINT('',(1.95,-1.7,1.025));
#9887 = LINE('',#9888,#9889);
#9888 = CARTESIAN_POINT('',(1.95,-1.7,0.786976568901));
#9889 = VECTOR('',#9890,1.);
#9890 = DIRECTION('',(0.,0.,1.));
#9891 = ORIENTED_EDGE('',*,*,#9892,.F.);
#9892 = EDGE_CURVE('',#9876,#9885,#9893,.T.);
#9893 = LINE('',#9894,#9895);
#9894 = CARTESIAN_POINT('',(1.95,2.275,1.025));
#9895 = VECTOR('',#9896,1.);
#9896 = DIRECTION('',(1.110223024625E-16,-1.,0.));
#9897 = PLANE('',#9898);
#9898 = AXIS2_PLACEMENT_3D('',#9899,#9900,#9901);
#9899 = CARTESIAN_POINT('',(1.95,2.275,1.025));
#9900 = DIRECTION('',(-1.,-1.110223024625E-16,0.));
#9901 = DIRECTION('',(1.110223024625E-16,-1.,0.));
#9902 = ADVANCED_FACE('',(#9903),#9928,.F.);
#9903 = FACE_BOUND('',#9904,.F.);
#9904 = EDGE_LOOP('',(#9905,#9913,#9914,#9922));
#9905 = ORIENTED_EDGE('',*,*,#9906,.F.);
#9906 = EDGE_CURVE('',#9179,#9907,#9909,.T.);
#9907 = VERTEX_POINT('',#9908);
#9908 = CARTESIAN_POINT('',(2.25,-1.7,0.825));
#9909 = LINE('',#9910,#9911);
#9910 = CARTESIAN_POINT('',(1.8,-1.7,0.825));
#9911 = VECTOR('',#9912,1.);
#9912 = DIRECTION('',(1.,1.110223024625E-16,0.));
#9913 = ORIENTED_EDGE('',*,*,#9178,.T.);
#9914 = ORIENTED_EDGE('',*,*,#9915,.T.);
#9915 = EDGE_CURVE('',#9171,#9916,#9918,.T.);
#9916 = VERTEX_POINT('',#9917);
#9917 = CARTESIAN_POINT('',(2.25,-2.11,0.825));
#9918 = LINE('',#9919,#9920);
#9919 = CARTESIAN_POINT('',(1.8,-2.11,0.825));
#9920 = VECTOR('',#9921,1.);
#9921 = DIRECTION('',(1.,1.110223024625E-16,0.));
#9922 = ORIENTED_EDGE('',*,*,#9923,.F.);
#9923 = EDGE_CURVE('',#9907,#9916,#9924,.T.);
#9924 = LINE('',#9925,#9926);
#9925 = CARTESIAN_POINT('',(2.25,-1.7,0.825));
#9926 = VECTOR('',#9927,1.);
#9927 = DIRECTION('',(1.110223024625E-16,-1.,0.));
#9928 = PLANE('',#9929);
#9929 = AXIS2_PLACEMENT_3D('',#9930,#9931,#9932);
#9930 = CARTESIAN_POINT('',(1.8,-1.7,0.825));
#9931 = DIRECTION('',(0.,0.,1.));
#9932 = DIRECTION('',(1.,1.110223024625E-16,-0.));
#9933 = ADVANCED_FACE('',(#9934),#9958,.F.);
#9934 = FACE_BOUND('',#9935,.F.);
#9935 = EDGE_LOOP('',(#9936,#9944,#9945,#9952));
#9936 = ORIENTED_EDGE('',*,*,#9937,.F.);
#9937 = EDGE_CURVE('',#9171,#9938,#9940,.T.);
#9938 = VERTEX_POINT('',#9939);
#9939 = CARTESIAN_POINT('',(1.95,-2.11,1.025));
#9940 = LINE('',#9941,#9942);
#9941 = CARTESIAN_POINT('',(1.95,-2.11,0.786976568901));
#9942 = VECTOR('',#9943,1.);
#9943 = DIRECTION('',(0.,0.,1.));
#9944 = ORIENTED_EDGE('',*,*,#9170,.T.);
#9945 = ORIENTED_EDGE('',*,*,#9946,.T.);
#9946 = EDGE_CURVE('',#9164,#9947,#9949,.T.);
#9947 = VERTEX_POINT('',#9948);
#9948 = CARTESIAN_POINT('',(1.95,-2.275,1.025));
#9949 = B_SPLINE_CURVE_WITH_KNOTS('',1,(#9950,#9951),.UNSPECIFIED.,.F.,
  .F.,(2,2),(0.,1.),.PIECEWISE_BEZIER_KNOTS.);
#9950 = CARTESIAN_POINT('',(1.95,-2.275,0.825));
#9951 = CARTESIAN_POINT('',(1.95,-2.275,1.025));
#9952 = ORIENTED_EDGE('',*,*,#9953,.F.);
#9953 = EDGE_CURVE('',#9938,#9947,#9954,.T.);
#9954 = LINE('',#9955,#9956);
#9955 = CARTESIAN_POINT('',(1.95,2.275,1.025));
#9956 = VECTOR('',#9957,1.);
#9957 = DIRECTION('',(1.110223024625E-16,-1.,0.));
#9958 = PLANE('',#9959);
#9959 = AXIS2_PLACEMENT_3D('',#9960,#9961,#9962);
#9960 = CARTESIAN_POINT('',(1.95,2.275,1.025));
#9961 = DIRECTION('',(-1.,-1.110223024625E-16,0.));
#9962 = DIRECTION('',(1.110223024625E-16,-1.,0.));
#9963 = ADVANCED_FACE('',(#9964),#9981,.F.);
#9964 = FACE_BOUND('',#9965,.F.);
#9965 = EDGE_LOOP('',(#9966,#9967,#9968,#9976));
#9966 = ORIENTED_EDGE('',*,*,#9251,.T.);
#9967 = ORIENTED_EDGE('',*,*,#9439,.T.);
#9968 = ORIENTED_EDGE('',*,*,#9969,.F.);
#9969 = EDGE_CURVE('',#9970,#9440,#9972,.T.);
#9970 = VERTEX_POINT('',#9971);
#9971 = CARTESIAN_POINT('',(-1.775,-2.45,1.025));
#9972 = LINE('',#9973,#9974);
#9973 = CARTESIAN_POINT('',(-1.775,-2.45,1.025));
#9974 = VECTOR('',#9975,1.);
#9975 = DIRECTION('',(-0.707106781187,0.707106781187,0.));
#9976 = ORIENTED_EDGE('',*,*,#9977,.F.);
#9977 = EDGE_CURVE('',#9252,#9970,#9978,.T.);
#9978 = B_SPLINE_CURVE_WITH_KNOTS('',1,(#9979,#9980),.UNSPECIFIED.,.F.,
  .F.,(2,2),(0.,1.),.PIECEWISE_BEZIER_KNOTS.);
#9979 = CARTESIAN_POINT('',(-1.775,-2.45,0.825));
#9980 = CARTESIAN_POINT('',(-1.775,-2.45,1.025));
#9981 = PLANE('',#9982);
#9982 = AXIS2_PLACEMENT_3D('',#9983,#9984,#9985);
#9983 = CARTESIAN_POINT('',(-1.775,-2.45,1.025));
#9984 = DIRECTION('',(0.707106781187,0.707106781187,0.));
#9985 = DIRECTION('',(-0.707106781187,0.707106781187,0.));
#9986 = ADVANCED_FACE('',(#9987),#10004,.F.);
#9987 = FACE_BOUND('',#9988,.F.);
#9988 = EDGE_LOOP('',(#9989,#9990,#9997,#10003));
#9989 = ORIENTED_EDGE('',*,*,#9280,.T.);
#9990 = ORIENTED_EDGE('',*,*,#9991,.T.);
#9991 = EDGE_CURVE('',#9274,#9992,#9994,.T.);
#9992 = VERTEX_POINT('',#9993);
#9993 = CARTESIAN_POINT('',(1.775,-2.45,1.025));
#9994 = B_SPLINE_CURVE_WITH_KNOTS('',1,(#9995,#9996),.UNSPECIFIED.,.F.,
  .F.,(2,2),(0.,1.),.PIECEWISE_BEZIER_KNOTS.);
#9995 = CARTESIAN_POINT('',(1.775,-2.45,0.825));
#9996 = CARTESIAN_POINT('',(1.775,-2.45,1.025));
#9997 = ORIENTED_EDGE('',*,*,#9998,.F.);
#9998 = EDGE_CURVE('',#9947,#9992,#9999,.T.);
#9999 = LINE('',#10000,#10001);
#10000 = CARTESIAN_POINT('',(1.95,-2.275,1.025));
#10001 = VECTOR('',#10002,1.);
#10002 = DIRECTION('',(-0.707106781187,-0.707106781187,0.));
#10003 = ORIENTED_EDGE('',*,*,#9946,.F.);
#10004 = PLANE('',#10005);
#10005 = AXIS2_PLACEMENT_3D('',#10006,#10007,#10008);
#10006 = CARTESIAN_POINT('',(1.95,-2.275,1.025));
#10007 = DIRECTION('',(-0.707106781187,0.707106781187,0.));
#10008 = DIRECTION('',(-0.707106781187,-0.707106781187,0.));
#10009 = ADVANCED_FACE('',(#10010),#10021,.F.);
#10010 = FACE_BOUND('',#10011,.F.);
#10011 = EDGE_LOOP('',(#10012,#10013,#10014,#10020));
#10012 = ORIENTED_EDGE('',*,*,#9297,.T.);
#10013 = ORIENTED_EDGE('',*,*,#9977,.T.);
#10014 = ORIENTED_EDGE('',*,*,#10015,.F.);
#10015 = EDGE_CURVE('',#9992,#9970,#10016,.T.);
#10016 = LINE('',#10017,#10018);
#10017 = CARTESIAN_POINT('',(1.775,-2.45,1.025));
#10018 = VECTOR('',#10019,1.);
#10019 = DIRECTION('',(-1.,-1.110223024625E-16,0.));
#10020 = ORIENTED_EDGE('',*,*,#9991,.F.);
#10021 = PLANE('',#10022);
#10022 = AXIS2_PLACEMENT_3D('',#10023,#10024,#10025);
#10023 = CARTESIAN_POINT('',(1.775,-2.45,1.025));
#10024 = DIRECTION('',(-1.110223024625E-16,1.,0.));
#10025 = DIRECTION('',(-1.,-1.110223024625E-16,0.));
#10026 = ADVANCED_FACE('',(#10027),#10066,.F.);
#10027 = FACE_BOUND('',#10028,.F.);
#10028 = EDGE_LOOP('',(#10029,#10037,#10045,#10051,#10052,#10060));
#10029 = ORIENTED_EDGE('',*,*,#10030,.F.);
#10030 = EDGE_CURVE('',#10031,#9634,#10033,.T.);
#10031 = VERTEX_POINT('',#10032);
#10032 = CARTESIAN_POINT('',(-2.25,1.7,1.025));
#10033 = LINE('',#10034,#10035);
#10034 = CARTESIAN_POINT('',(-2.25,1.7,1.025));
#10035 = VECTOR('',#10036,1.);
#10036 = DIRECTION('',(1.,-1.144237745222E-17,0.));
#10037 = ORIENTED_EDGE('',*,*,#10038,.T.);
#10038 = EDGE_CURVE('',#10031,#10039,#10041,.T.);
#10039 = VERTEX_POINT('',#10040);
#10040 = CARTESIAN_POINT('',(-2.25,2.11,1.025));
#10041 = LINE('',#10042,#10043);
#10042 = CARTESIAN_POINT('',(-2.25,1.7,1.025));
#10043 = VECTOR('',#10044,1.);
#10044 = DIRECTION('',(1.144237745222E-17,1.,0.));
#10045 = ORIENTED_EDGE('',*,*,#10046,.T.);
#10046 = EDGE_CURVE('',#10039,#9402,#10047,.T.);
#10047 = LINE('',#10048,#10049);
#10048 = CARTESIAN_POINT('',(-2.25,2.11,1.025));
#10049 = VECTOR('',#10050,1.);
#10050 = DIRECTION('',(1.,-1.144237745222E-17,0.));
#10051 = ORIENTED_EDGE('',*,*,#9401,.T.);
#10052 = ORIENTED_EDGE('',*,*,#10053,.F.);
#10053 = EDGE_CURVE('',#10054,#9394,#10056,.T.);
#10054 = VERTEX_POINT('',#10055);
#10055 = CARTESIAN_POINT('',(-1.875,1.7,1.025));
#10056 = LINE('',#10057,#10058);
#10057 = CARTESIAN_POINT('',(-1.875,-2.2375,1.025));
#10058 = VECTOR('',#10059,1.);
#10059 = DIRECTION('',(-1.110223024625E-16,1.,0.));
#10060 = ORIENTED_EDGE('',*,*,#10061,.F.);
#10061 = EDGE_CURVE('',#9634,#10054,#10062,.T.);
#10062 = LINE('',#10063,#10064);
#10063 = CARTESIAN_POINT('',(-2.25,1.7,1.025));
#10064 = VECTOR('',#10065,1.);
#10065 = DIRECTION('',(1.,-1.144237745222E-17,0.));
#10066 = PLANE('',#10067);
#10067 = AXIS2_PLACEMENT_3D('',#10068,#10069,#10070);
#10068 = CARTESIAN_POINT('',(-2.25,1.7,1.025));
#10069 = DIRECTION('',(0.,0.,-1.));
#10070 = DIRECTION('',(1.,-1.144237745222E-17,0.));
#10071 = ADVANCED_FACE('',(#10072),#10152,.F.);
#10072 = FACE_BOUND('',#10073,.F.);
#10073 = EDGE_LOOP('',(#10074,#10084,#10092,#10100,#10108,#10116,#10124,
    #10130,#10131,#10132,#10139,#10147));
#10074 = ORIENTED_EDGE('',*,*,#10075,.T.);
#10075 = EDGE_CURVE('',#10076,#10078,#10080,.T.);
#10076 = VERTEX_POINT('',#10077);
#10077 = CARTESIAN_POINT('',(-1.875,-2.2375,1.025));
#10078 = VERTEX_POINT('',#10079);
#10079 = CARTESIAN_POINT('',(-1.875,-2.11,1.025));
#10080 = LINE('',#10081,#10082);
#10081 = CARTESIAN_POINT('',(-1.875,-2.2375,1.025));
#10082 = VECTOR('',#10083,1.);
#10083 = DIRECTION('',(-1.110223024625E-16,1.,0.));
#10084 = ORIENTED_EDGE('',*,*,#10085,.T.);
#10085 = EDGE_CURVE('',#10078,#10086,#10088,.T.);
#10086 = VERTEX_POINT('',#10087);
#10087 = CARTESIAN_POINT('',(-1.875,-1.7,1.025));
#10088 = LINE('',#10089,#10090);
#10089 = CARTESIAN_POINT('',(-1.875,-2.2375,1.025));
#10090 = VECTOR('',#10091,1.);
#10091 = DIRECTION('',(-1.110223024625E-16,1.,0.));
#10092 = ORIENTED_EDGE('',*,*,#10093,.T.);
#10093 = EDGE_CURVE('',#10086,#10094,#10096,.T.);
#10094 = VERTEX_POINT('',#10095);
#10095 = CARTESIAN_POINT('',(-1.875,-0.84,1.025));
#10096 = LINE('',#10097,#10098);
#10097 = CARTESIAN_POINT('',(-1.875,-2.2375,1.025));
#10098 = VECTOR('',#10099,1.);
#10099 = DIRECTION('',(-1.110223024625E-16,1.,0.));
#10100 = ORIENTED_EDGE('',*,*,#10101,.T.);
#10101 = EDGE_CURVE('',#10094,#10102,#10104,.T.);
#10102 = VERTEX_POINT('',#10103);
#10103 = CARTESIAN_POINT('',(-1.875,-0.43,1.025));
#10104 = LINE('',#10105,#10106);
#10105 = CARTESIAN_POINT('',(-1.875,-2.2375,1.025));
#10106 = VECTOR('',#10107,1.);
#10107 = DIRECTION('',(-1.110223024625E-16,1.,0.));
#10108 = ORIENTED_EDGE('',*,*,#10109,.T.);
#10109 = EDGE_CURVE('',#10102,#10110,#10112,.T.);
#10110 = VERTEX_POINT('',#10111);
#10111 = CARTESIAN_POINT('',(-1.875,0.43,1.025));
#10112 = LINE('',#10113,#10114);
#10113 = CARTESIAN_POINT('',(-1.875,-2.2375,1.025));
#10114 = VECTOR('',#10115,1.);
#10115 = DIRECTION('',(-1.110223024625E-16,1.,0.));
#10116 = ORIENTED_EDGE('',*,*,#10117,.T.);
#10117 = EDGE_CURVE('',#10110,#10118,#10120,.T.);
#10118 = VERTEX_POINT('',#10119);
#10119 = CARTESIAN_POINT('',(-1.875,0.84,1.025));
#10120 = LINE('',#10121,#10122);
#10121 = CARTESIAN_POINT('',(-1.875,-2.2375,1.025));
#10122 = VECTOR('',#10123,1.);
#10123 = DIRECTION('',(-1.110223024625E-16,1.,0.));
#10124 = ORIENTED_EDGE('',*,*,#10125,.T.);
#10125 = EDGE_CURVE('',#10118,#10054,#10126,.T.);
#10126 = LINE('',#10127,#10128);
#10127 = CARTESIAN_POINT('',(-1.875,-2.2375,1.025));
#10128 = VECTOR('',#10129,1.);
#10129 = DIRECTION('',(-1.110223024625E-16,1.,0.));
#10130 = ORIENTED_EDGE('',*,*,#10053,.T.);
#10131 = ORIENTED_EDGE('',*,*,#9393,.T.);
#10132 = ORIENTED_EDGE('',*,*,#10133,.T.);
#10133 = EDGE_CURVE('',#9386,#10134,#10136,.T.);
#10134 = VERTEX_POINT('',#10135);
#10135 = CARTESIAN_POINT('',(-1.760171280765,2.180085640382,1.75));
#10136 = B_SPLINE_CURVE_WITH_KNOTS('',1,(#10137,#10138),.UNSPECIFIED.,
  .F.,.F.,(2,2),(0.,1.),.PIECEWISE_BEZIER_KNOTS.);
#10137 = CARTESIAN_POINT('',(-1.875,2.2375,1.025));
#10138 = CARTESIAN_POINT('',(-1.760171280765,2.180085640382,1.75));
#10139 = ORIENTED_EDGE('',*,*,#10140,.F.);
#10140 = EDGE_CURVE('',#10141,#10134,#10143,.T.);
#10141 = VERTEX_POINT('',#10142);
#10142 = CARTESIAN_POINT('',(-1.760171280765,-2.180085640382,1.75));
#10143 = LINE('',#10144,#10145);
#10144 = CARTESIAN_POINT('',(-1.760171280765,-2.180085640382,1.75));
#10145 = VECTOR('',#10146,1.);
#10146 = DIRECTION('',(-1.110223024625E-16,1.,0.));
#10147 = ORIENTED_EDGE('',*,*,#10148,.F.);
#10148 = EDGE_CURVE('',#10076,#10141,#10149,.T.);
#10149 = B_SPLINE_CURVE_WITH_KNOTS('',1,(#10150,#10151),.UNSPECIFIED.,
  .F.,.F.,(2,2),(0.,1.),.PIECEWISE_BEZIER_KNOTS.);
#10150 = CARTESIAN_POINT('',(-1.875,-2.2375,1.025));
#10151 = CARTESIAN_POINT('',(-1.760171280765,-2.180085640382,1.75));
#10152 = B_SPLINE_SURFACE_WITH_KNOTS('',1,1,(
    (#10153,#10154)
    ,(#10155,#10156
    )),.UNSPECIFIED.,.F.,.F.,.F.,(2,2),(2,2),(0.,4.475),(0.,1.),
  .PIECEWISE_BEZIER_KNOTS.);
#10153 = CARTESIAN_POINT('',(-1.875,-2.2375,1.025));
#10154 = CARTESIAN_POINT('',(-1.760171280765,-2.180085640382,1.75));
#10155 = CARTESIAN_POINT('',(-1.875,2.2375,1.025));
#10156 = CARTESIAN_POINT('',(-1.760171280765,2.180085640382,1.75));
#10157 = ADVANCED_FACE('',(#10158),#10175,.F.);
#10158 = FACE_BOUND('',#10159,.F.);
#10159 = EDGE_LOOP('',(#10160,#10161,#10168,#10174));
#10160 = ORIENTED_EDGE('',*,*,#9385,.T.);
#10161 = ORIENTED_EDGE('',*,*,#10162,.T.);
#10162 = EDGE_CURVE('',#9378,#10163,#10165,.T.);
#10163 = VERTEX_POINT('',#10164);
#10164 = CARTESIAN_POINT('',(-1.680085640382,2.260171280765,1.75));
#10165 = B_SPLINE_CURVE_WITH_KNOTS('',1,(#10166,#10167),.UNSPECIFIED.,
  .F.,.F.,(2,2),(0.,1.),.PIECEWISE_BEZIER_KNOTS.);
#10166 = CARTESIAN_POINT('',(-1.7375,2.375,1.025));
#10167 = CARTESIAN_POINT('',(-1.680085640382,2.260171280765,1.75));
#10168 = ORIENTED_EDGE('',*,*,#10169,.F.);
#10169 = EDGE_CURVE('',#10134,#10163,#10170,.T.);
#10170 = LINE('',#10171,#10172);
#10171 = CARTESIAN_POINT('',(-1.760171280765,2.180085640382,1.75));
#10172 = VECTOR('',#10173,1.);
#10173 = DIRECTION('',(0.707106781187,0.707106781187,0.));
#10174 = ORIENTED_EDGE('',*,*,#10133,.F.);
#10175 = B_SPLINE_SURFACE_WITH_KNOTS('',1,1,(
    (#10176,#10177)
    ,(#10178,#10179
    )),.UNSPECIFIED.,.F.,.F.,.F.,(2,2),(2,2),(0.,0.194454364826),(0.,1.)
  ,.PIECEWISE_BEZIER_KNOTS.);
#10176 = CARTESIAN_POINT('',(-1.875,2.2375,1.025));
#10177 = CARTESIAN_POINT('',(-1.760171280765,2.180085640382,1.75));
#10178 = CARTESIAN_POINT('',(-1.7375,2.375,1.025));
#10179 = CARTESIAN_POINT('',(-1.680085640382,2.260171280765,1.75));
#10180 = ADVANCED_FACE('',(#10181),#10198,.F.);
#10181 = FACE_BOUND('',#10182,.F.);
#10182 = EDGE_LOOP('',(#10183,#10184,#10191,#10197));
#10183 = ORIENTED_EDGE('',*,*,#9377,.T.);
#10184 = ORIENTED_EDGE('',*,*,#10185,.T.);
#10185 = EDGE_CURVE('',#9370,#10186,#10188,.T.);
#10186 = VERTEX_POINT('',#10187);
#10187 = CARTESIAN_POINT('',(1.680085640382,2.260171280765,1.75));
#10188 = B_SPLINE_CURVE_WITH_KNOTS('',1,(#10189,#10190),.UNSPECIFIED.,
  .F.,.F.,(2,2),(0.,1.),.PIECEWISE_BEZIER_KNOTS.);
#10189 = CARTESIAN_POINT('',(1.7375,2.375,1.025));
#10190 = CARTESIAN_POINT('',(1.680085640382,2.260171280765,1.75));
#10191 = ORIENTED_EDGE('',*,*,#10192,.F.);
#10192 = EDGE_CURVE('',#10163,#10186,#10193,.T.);
#10193 = LINE('',#10194,#10195);
#10194 = CARTESIAN_POINT('',(-1.680085640382,2.260171280765,1.75));
#10195 = VECTOR('',#10196,1.);
#10196 = DIRECTION('',(1.,1.110223024625E-16,0.));
#10197 = ORIENTED_EDGE('',*,*,#10162,.F.);
#10198 = B_SPLINE_SURFACE_WITH_KNOTS('',1,1,(
    (#10199,#10200)
    ,(#10201,#10202
    )),.UNSPECIFIED.,.F.,.F.,.F.,(2,2),(2,2),(0.,3.475),(0.,1.),
  .PIECEWISE_BEZIER_KNOTS.);
#10199 = CARTESIAN_POINT('',(-1.7375,2.375,1.025));
#10200 = CARTESIAN_POINT('',(-1.680085640382,2.260171280765,1.75));
#10201 = CARTESIAN_POINT('',(1.7375,2.375,1.025));
#10202 = CARTESIAN_POINT('',(1.680085640382,2.260171280765,1.75));
#10203 = ADVANCED_FACE('',(#10204),#10221,.F.);
#10204 = FACE_BOUND('',#10205,.F.);
#10205 = EDGE_LOOP('',(#10206,#10207,#10214,#10220));
#10206 = ORIENTED_EDGE('',*,*,#9369,.T.);
#10207 = ORIENTED_EDGE('',*,*,#10208,.T.);
#10208 = EDGE_CURVE('',#9362,#10209,#10211,.T.);
#10209 = VERTEX_POINT('',#10210);
#10210 = CARTESIAN_POINT('',(1.760171280765,2.180085640382,1.75));
#10211 = B_SPLINE_CURVE_WITH_KNOTS('',1,(#10212,#10213),.UNSPECIFIED.,
  .F.,.F.,(2,2),(0.,1.),.PIECEWISE_BEZIER_KNOTS.);
#10212 = CARTESIAN_POINT('',(1.875,2.2375,1.025));
#10213 = CARTESIAN_POINT('',(1.760171280765,2.180085640382,1.75));
#10214 = ORIENTED_EDGE('',*,*,#10215,.F.);
#10215 = EDGE_CURVE('',#10186,#10209,#10216,.T.);
#10216 = LINE('',#10217,#10218);
#10217 = CARTESIAN_POINT('',(1.680085640382,2.260171280765,1.75));
#10218 = VECTOR('',#10219,1.);
#10219 = DIRECTION('',(0.707106781187,-0.707106781187,0.));
#10220 = ORIENTED_EDGE('',*,*,#10185,.F.);
#10221 = B_SPLINE_SURFACE_WITH_KNOTS('',1,1,(
    (#10222,#10223)
    ,(#10224,#10225
    )),.UNSPECIFIED.,.F.,.F.,.F.,(2,2),(2,2),(0.,0.194454364826),(0.,1.)
  ,.PIECEWISE_BEZIER_KNOTS.);
#10222 = CARTESIAN_POINT('',(1.7375,2.375,1.025));
#10223 = CARTESIAN_POINT('',(1.680085640382,2.260171280765,1.75));
#10224 = CARTESIAN_POINT('',(1.875,2.2375,1.025));
#10225 = CARTESIAN_POINT('',(1.760171280765,2.180085640382,1.75));
#10226 = ADVANCED_FACE('',(#10227),#10308,.F.);
#10227 = FACE_BOUND('',#10228,.F.);
#10228 = EDGE_LOOP('',(#10229,#10230,#10238,#10246,#10254,#10262,#10270,
    #10278,#10286,#10294,#10301,#10307));
#10229 = ORIENTED_EDGE('',*,*,#9361,.T.);
#10230 = ORIENTED_EDGE('',*,*,#10231,.T.);
#10231 = EDGE_CURVE('',#9354,#10232,#10234,.T.);
#10232 = VERTEX_POINT('',#10233);
#10233 = CARTESIAN_POINT('',(1.875,1.7,1.025));
#10234 = LINE('',#10235,#10236);
#10235 = CARTESIAN_POINT('',(1.875,2.2375,1.025));
#10236 = VECTOR('',#10237,1.);
#10237 = DIRECTION('',(1.110223024625E-16,-1.,0.));
#10238 = ORIENTED_EDGE('',*,*,#10239,.T.);
#10239 = EDGE_CURVE('',#10232,#10240,#10242,.T.);
#10240 = VERTEX_POINT('',#10241);
#10241 = CARTESIAN_POINT('',(1.875,0.84,1.025));
#10242 = LINE('',#10243,#10244);
#10243 = CARTESIAN_POINT('',(1.875,2.2375,1.025));
#10244 = VECTOR('',#10245,1.);
#10245 = DIRECTION('',(1.110223024625E-16,-1.,0.));
#10246 = ORIENTED_EDGE('',*,*,#10247,.T.);
#10247 = EDGE_CURVE('',#10240,#10248,#10250,.T.);
#10248 = VERTEX_POINT('',#10249);
#10249 = CARTESIAN_POINT('',(1.875,0.43,1.025));
#10250 = LINE('',#10251,#10252);
#10251 = CARTESIAN_POINT('',(1.875,2.2375,1.025));
#10252 = VECTOR('',#10253,1.);
#10253 = DIRECTION('',(1.110223024625E-16,-1.,0.));
#10254 = ORIENTED_EDGE('',*,*,#10255,.T.);
#10255 = EDGE_CURVE('',#10248,#10256,#10258,.T.);
#10256 = VERTEX_POINT('',#10257);
#10257 = CARTESIAN_POINT('',(1.875,-0.43,1.025));
#10258 = LINE('',#10259,#10260);
#10259 = CARTESIAN_POINT('',(1.875,2.2375,1.025));
#10260 = VECTOR('',#10261,1.);
#10261 = DIRECTION('',(1.110223024625E-16,-1.,0.));
#10262 = ORIENTED_EDGE('',*,*,#10263,.T.);
#10263 = EDGE_CURVE('',#10256,#10264,#10266,.T.);
#10264 = VERTEX_POINT('',#10265);
#10265 = CARTESIAN_POINT('',(1.875,-0.84,1.025));
#10266 = LINE('',#10267,#10268);
#10267 = CARTESIAN_POINT('',(1.875,2.2375,1.025));
#10268 = VECTOR('',#10269,1.);
#10269 = DIRECTION('',(1.110223024625E-16,-1.,0.));
#10270 = ORIENTED_EDGE('',*,*,#10271,.T.);
#10271 = EDGE_CURVE('',#10264,#10272,#10274,.T.);
#10272 = VERTEX_POINT('',#10273);
#10273 = CARTESIAN_POINT('',(1.875,-1.7,1.025));
#10274 = LINE('',#10275,#10276);
#10275 = CARTESIAN_POINT('',(1.875,2.2375,1.025));
#10276 = VECTOR('',#10277,1.);
#10277 = DIRECTION('',(1.110223024625E-16,-1.,0.));
#10278 = ORIENTED_EDGE('',*,*,#10279,.T.);
#10279 = EDGE_CURVE('',#10272,#10280,#10282,.T.);
#10280 = VERTEX_POINT('',#10281);
#10281 = CARTESIAN_POINT('',(1.875,-2.11,1.025));
#10282 = LINE('',#10283,#10284);
#10283 = CARTESIAN_POINT('',(1.875,2.2375,1.025));
#10284 = VECTOR('',#10285,1.);
#10285 = DIRECTION('',(1.110223024625E-16,-1.,0.));
#10286 = ORIENTED_EDGE('',*,*,#10287,.T.);
#10287 = EDGE_CURVE('',#10280,#10288,#10290,.T.);
#10288 = VERTEX_POINT('',#10289);
#10289 = CARTESIAN_POINT('',(1.875,-2.2375,1.025));
#10290 = LINE('',#10291,#10292);
#10291 = CARTESIAN_POINT('',(1.875,2.2375,1.025));
#10292 = VECTOR('',#10293,1.);
#10293 = DIRECTION('',(1.110223024625E-16,-1.,0.));
#10294 = ORIENTED_EDGE('',*,*,#10295,.T.);
#10295 = EDGE_CURVE('',#10288,#10296,#10298,.T.);
#10296 = VERTEX_POINT('',#10297);
#10297 = CARTESIAN_POINT('',(1.760171280765,-2.180085640382,1.75));
#10298 = B_SPLINE_CURVE_WITH_KNOTS('',1,(#10299,#10300),.UNSPECIFIED.,
  .F.,.F.,(2,2),(0.,1.),.PIECEWISE_BEZIER_KNOTS.);
#10299 = CARTESIAN_POINT('',(1.875,-2.2375,1.025));
#10300 = CARTESIAN_POINT('',(1.760171280765,-2.180085640382,1.75));
#10301 = ORIENTED_EDGE('',*,*,#10302,.F.);
#10302 = EDGE_CURVE('',#10209,#10296,#10303,.T.);
#10303 = LINE('',#10304,#10305);
#10304 = CARTESIAN_POINT('',(1.760171280765,2.180085640382,1.75));
#10305 = VECTOR('',#10306,1.);
#10306 = DIRECTION('',(1.110223024625E-16,-1.,0.));
#10307 = ORIENTED_EDGE('',*,*,#10208,.F.);
#10308 = B_SPLINE_SURFACE_WITH_KNOTS('',1,1,(
    (#10309,#10310)
    ,(#10311,#10312
    )),.UNSPECIFIED.,.F.,.F.,.F.,(2,2),(2,2),(0.,4.475),(0.,1.),
  .PIECEWISE_BEZIER_KNOTS.);
#10309 = CARTESIAN_POINT('',(1.875,2.2375,1.025));
#10310 = CARTESIAN_POINT('',(1.760171280765,2.180085640382,1.75));
#10311 = CARTESIAN_POINT('',(1.875,-2.2375,1.025));
#10312 = CARTESIAN_POINT('',(1.760171280765,-2.180085640382,1.75));
#10313 = ADVANCED_FACE('',(#10314),#10346,.F.);
#10314 = FACE_BOUND('',#10315,.F.);
#10315 = EDGE_LOOP('',(#10316,#10324,#10332,#10338,#10344,#10345));
#10316 = ORIENTED_EDGE('',*,*,#10317,.F.);
#10317 = EDGE_CURVE('',#10318,#9346,#10320,.T.);
#10318 = VERTEX_POINT('',#10319);
#10319 = CARTESIAN_POINT('',(2.25,2.11,1.025));
#10320 = LINE('',#10321,#10322);
#10321 = CARTESIAN_POINT('',(2.25,2.11,1.025));
#10322 = VECTOR('',#10323,1.);
#10323 = DIRECTION('',(-1.,-1.110223024625E-16,0.));
#10324 = ORIENTED_EDGE('',*,*,#10325,.T.);
#10325 = EDGE_CURVE('',#10318,#10326,#10328,.T.);
#10326 = VERTEX_POINT('',#10327);
#10327 = CARTESIAN_POINT('',(2.25,1.7,1.025));
#10328 = LINE('',#10329,#10330);
#10329 = CARTESIAN_POINT('',(2.25,2.11,1.025));
#10330 = VECTOR('',#10331,1.);
#10331 = DIRECTION('',(1.110223024625E-16,-1.,0.));
#10332 = ORIENTED_EDGE('',*,*,#10333,.T.);
#10333 = EDGE_CURVE('',#10326,#9752,#10334,.T.);
#10334 = LINE('',#10335,#10336);
#10335 = CARTESIAN_POINT('',(2.25,1.7,1.025));
#10336 = VECTOR('',#10337,1.);
#10337 = DIRECTION('',(-1.,-1.110223024625E-16,0.));
#10338 = ORIENTED_EDGE('',*,*,#10339,.T.);
#10339 = EDGE_CURVE('',#9752,#10232,#10340,.T.);
#10340 = LINE('',#10341,#10342);
#10341 = CARTESIAN_POINT('',(2.25,1.7,1.025));
#10342 = VECTOR('',#10343,1.);
#10343 = DIRECTION('',(-1.,-1.110223024625E-16,0.));
#10344 = ORIENTED_EDGE('',*,*,#10231,.F.);
#10345 = ORIENTED_EDGE('',*,*,#9353,.F.);
#10346 = PLANE('',#10347);
#10347 = AXIS2_PLACEMENT_3D('',#10348,#10349,#10350);
#10348 = CARTESIAN_POINT('',(2.25,2.11,1.025));
#10349 = DIRECTION('',(0.,0.,-1.));
#10350 = DIRECTION('',(-1.,-1.110223024625E-16,-0.));
#10351 = ADVANCED_FACE('',(#10352),#10395,.F.);
#10352 = FACE_BOUND('',#10353,.F.);
#10353 = EDGE_LOOP('',(#10354,#10355,#10361,#10362,#10370,#10378,#10384,
    #10385,#10391,#10392,#10393,#10394));
#10354 = ORIENTED_EDGE('',*,*,#9455,.T.);
#10355 = ORIENTED_EDGE('',*,*,#10356,.T.);
#10356 = EDGE_CURVE('',#9448,#10078,#10357,.T.);
#10357 = LINE('',#10358,#10359);
#10358 = CARTESIAN_POINT('',(-2.25,-2.11,1.025));
#10359 = VECTOR('',#10360,1.);
#10360 = DIRECTION('',(1.,-1.144237745222E-17,0.));
#10361 = ORIENTED_EDGE('',*,*,#10075,.F.);
#10362 = ORIENTED_EDGE('',*,*,#10363,.F.);
#10363 = EDGE_CURVE('',#10364,#10076,#10366,.T.);
#10364 = VERTEX_POINT('',#10365);
#10365 = CARTESIAN_POINT('',(-1.7375,-2.375,1.025));
#10366 = LINE('',#10367,#10368);
#10367 = CARTESIAN_POINT('',(-1.7375,-2.375,1.025));
#10368 = VECTOR('',#10369,1.);
#10369 = DIRECTION('',(-0.707106781187,0.707106781187,0.));
#10370 = ORIENTED_EDGE('',*,*,#10371,.F.);
#10371 = EDGE_CURVE('',#10372,#10364,#10374,.T.);
#10372 = VERTEX_POINT('',#10373);
#10373 = CARTESIAN_POINT('',(1.7375,-2.375,1.025));
#10374 = LINE('',#10375,#10376);
#10375 = CARTESIAN_POINT('',(1.7375,-2.375,1.025));
#10376 = VECTOR('',#10377,1.);
#10377 = DIRECTION('',(-1.,-1.110223024625E-16,0.));
#10378 = ORIENTED_EDGE('',*,*,#10379,.F.);
#10379 = EDGE_CURVE('',#10288,#10372,#10380,.T.);
#10380 = LINE('',#10381,#10382);
#10381 = CARTESIAN_POINT('',(1.875,-2.2375,1.025));
#10382 = VECTOR('',#10383,1.);
#10383 = DIRECTION('',(-0.707106781187,-0.707106781187,0.));
#10384 = ORIENTED_EDGE('',*,*,#10287,.F.);
#10385 = ORIENTED_EDGE('',*,*,#10386,.F.);
#10386 = EDGE_CURVE('',#9938,#10280,#10387,.T.);
#10387 = LINE('',#10388,#10389);
#10388 = CARTESIAN_POINT('',(2.25,-2.11,1.025));
#10389 = VECTOR('',#10390,1.);
#10390 = DIRECTION('',(-1.,-1.110223024625E-16,0.));
#10391 = ORIENTED_EDGE('',*,*,#9953,.T.);
#10392 = ORIENTED_EDGE('',*,*,#9998,.T.);
#10393 = ORIENTED_EDGE('',*,*,#10015,.T.);
#10394 = ORIENTED_EDGE('',*,*,#9969,.T.);
#10395 = PLANE('',#10396);
#10396 = AXIS2_PLACEMENT_3D('',#10397,#10398,#10399);
#10397 = CARTESIAN_POINT('',(-3.027078129022E-16,2.4125,1.025));
#10398 = DIRECTION('',(2.007919022429E-31,-7.713306628828E-27,-1.));
#10399 = DIRECTION('',(1.,1.112083013911E-16,2.00791902242E-31));
#10400 = ADVANCED_FACE('',(#10401),#10487,.F.);
#10401 = FACE_BOUND('',#10402,.F.);
#10402 = EDGE_LOOP('',(#10403,#10404,#10405,#10414,#10422,#10431,#10439,
    #10447,#10455,#10464,#10472,#10481));
#10403 = ORIENTED_EDGE('',*,*,#9447,.F.);
#10404 = ORIENTED_EDGE('',*,*,#9469,.T.);
#10405 = ORIENTED_EDGE('',*,*,#10406,.T.);
#10406 = EDGE_CURVE('',#9470,#10407,#10409,.T.);
#10407 = VERTEX_POINT('',#10408);
#10408 = CARTESIAN_POINT('',(-2.348480775301,-2.11,0.742364817767));
#10409 = CIRCLE('',#10410,0.1);
#10410 = AXIS2_PLACEMENT_3D('',#10411,#10412,#10413);
#10411 = CARTESIAN_POINT('',(-2.25,-2.11,0.725));
#10412 = DIRECTION('',(-1.144237745222E-17,-1.,3.284293275761E-47));
#10413 = DIRECTION('',(-4.440892098501E-15,5.081436361563E-32,1.));
#10414 = ORIENTED_EDGE('',*,*,#10415,.T.);
#10415 = EDGE_CURVE('',#10407,#10416,#10418,.T.);
#10416 = VERTEX_POINT('',#10417);
#10417 = CARTESIAN_POINT('',(-2.429496640897,-2.11,0.2479055467));
#10418 = LINE('',#10419,#10420);
#10419 = CARTESIAN_POINT('',(-2.348480775301,-2.11,0.742364817767));
#10420 = VECTOR('',#10421,1.);
#10421 = DIRECTION('',(-0.161691392282,1.85013394127E-18,-0.986841372087
    ));
#10422 = ORIENTED_EDGE('',*,*,#10423,.T.);
#10423 = EDGE_CURVE('',#10416,#10424,#10426,.T.);
#10424 = VERTEX_POINT('',#10425);
#10425 = CARTESIAN_POINT('',(-2.724938966801,-2.11,-1.665334536938E-16)
  );
#10426 = CIRCLE('',#10427,0.3);
#10427 = AXIS2_PLACEMENT_3D('',#10428,#10429,#10430);
#10428 = CARTESIAN_POINT('',(-2.724938966801,-2.11,0.3));
#10429 = DIRECTION('',(1.144237745222E-17,1.,7.703719777549E-34));
#10430 = DIRECTION('',(0.984807753012,-1.126854202784E-17,
    -0.173648177667));
#10431 = ORIENTED_EDGE('',*,*,#10432,.T.);
#10432 = EDGE_CURVE('',#10424,#10433,#10435,.T.);
#10433 = VERTEX_POINT('',#10434);
#10434 = CARTESIAN_POINT('',(-3.,-2.11,-1.665334536938E-16));
#10435 = LINE('',#10436,#10437);
#10436 = CARTESIAN_POINT('',(-2.724938966801,-2.11,-1.665334536938E-16)
  );
#10437 = VECTOR('',#10438,1.);
#10438 = DIRECTION('',(-1.,1.144237745222E-17,0.));
#10439 = ORIENTED_EDGE('',*,*,#10440,.T.);
#10440 = EDGE_CURVE('',#10433,#10441,#10443,.T.);
#10441 = VERTEX_POINT('',#10442);
#10442 = CARTESIAN_POINT('',(-3.,-2.11,0.2));
#10443 = LINE('',#10444,#10445);
#10444 = CARTESIAN_POINT('',(-3.,-2.11,-1.665334536938E-16));
#10445 = VECTOR('',#10446,1.);
#10446 = DIRECTION('',(0.,0.,1.));
#10447 = ORIENTED_EDGE('',*,*,#10448,.T.);
#10448 = EDGE_CURVE('',#10441,#10449,#10451,.T.);
#10449 = VERTEX_POINT('',#10450);
#10450 = CARTESIAN_POINT('',(-2.724938966801,-2.11,0.2));
#10451 = LINE('',#10452,#10453);
#10452 = CARTESIAN_POINT('',(-3.,-2.11,0.2));
#10453 = VECTOR('',#10454,1.);
#10454 = DIRECTION('',(1.,-1.144237745222E-17,0.));
#10455 = ORIENTED_EDGE('',*,*,#10456,.T.);
#10456 = EDGE_CURVE('',#10449,#10457,#10459,.T.);
#10457 = VERTEX_POINT('',#10458);
#10458 = CARTESIAN_POINT('',(-2.6264581915,-2.11,0.282635182233));
#10459 = CIRCLE('',#10460,0.1);
#10460 = AXIS2_PLACEMENT_3D('',#10461,#10462,#10463);
#10461 = CARTESIAN_POINT('',(-2.724938966801,-2.11,0.3));
#10462 = DIRECTION('',(-1.144237745222E-17,-1.,-0.));
#10463 = DIRECTION('',(0.,0.,-1.));
#10464 = ORIENTED_EDGE('',*,*,#10465,.T.);
#10465 = EDGE_CURVE('',#10457,#10466,#10468,.T.);
#10466 = VERTEX_POINT('',#10467);
#10467 = CARTESIAN_POINT('',(-2.545442325904,-2.11,0.7770944533));
#10468 = LINE('',#10469,#10470);
#10469 = CARTESIAN_POINT('',(-2.6264581915,-2.11,0.282635182233));
#10470 = VECTOR('',#10471,1.);
#10471 = DIRECTION('',(0.161691392282,-1.85013394127E-18,0.986841372087)
  );
#10472 = ORIENTED_EDGE('',*,*,#10473,.T.);
#10473 = EDGE_CURVE('',#10466,#10474,#10476,.T.);
#10474 = VERTEX_POINT('',#10475);
#10475 = CARTESIAN_POINT('',(-2.25,-2.11,1.025));
#10476 = CIRCLE('',#10477,0.3);
#10477 = AXIS2_PLACEMENT_3D('',#10478,#10479,#10480);
#10478 = CARTESIAN_POINT('',(-2.25,-2.11,0.725));
#10479 = DIRECTION('',(1.144237745222E-17,1.,7.703719777549E-34));
#10480 = DIRECTION('',(-0.984807753012,1.126854202784E-17,0.173648177667
    ));
#10481 = ORIENTED_EDGE('',*,*,#10482,.T.);
#10482 = EDGE_CURVE('',#10474,#9448,#10483,.T.);
#10483 = LINE('',#10484,#10485);
#10484 = CARTESIAN_POINT('',(-2.25,-2.11,1.025));
#10485 = VECTOR('',#10486,1.);
#10486 = DIRECTION('',(1.,-1.144237745222E-17,0.));
#10487 = PLANE('',#10488);
#10488 = AXIS2_PLACEMENT_3D('',#10489,#10490,#10491);
#10489 = CARTESIAN_POINT('',(-2.42560961319,-2.11,0.548953137803));
#10490 = DIRECTION('',(1.144237745222E-17,1.,0.));
#10491 = DIRECTION('',(0.,-0.,1.));
#10492 = ADVANCED_FACE('',(#10493),#10512,.F.);
#10493 = FACE_BOUND('',#10494,.F.);
#10494 = EDGE_LOOP('',(#10495,#10496,#10505,#10511));
#10495 = ORIENTED_EDGE('',*,*,#9486,.T.);
#10496 = ORIENTED_EDGE('',*,*,#10497,.T.);
#10497 = EDGE_CURVE('',#9479,#10498,#10500,.T.);
#10498 = VERTEX_POINT('',#10499);
#10499 = CARTESIAN_POINT('',(-2.348480775301,-1.7,0.742364817767));
#10500 = CIRCLE('',#10501,0.1);
#10501 = AXIS2_PLACEMENT_3D('',#10502,#10503,#10504);
#10502 = CARTESIAN_POINT('',(-2.25,-1.7,0.725));
#10503 = DIRECTION('',(-1.144237745222E-17,-1.,3.284293275761E-47));
#10504 = DIRECTION('',(-4.440892098501E-15,5.081436361563E-32,1.));
#10505 = ORIENTED_EDGE('',*,*,#10506,.F.);
#10506 = EDGE_CURVE('',#10407,#10498,#10507,.T.);
#10507 = LINE('',#10508,#10509);
#10508 = CARTESIAN_POINT('',(-2.348480775301,-2.11,0.742364817767));
#10509 = VECTOR('',#10510,1.);
#10510 = DIRECTION('',(1.144237745222E-17,1.,0.));
#10511 = ORIENTED_EDGE('',*,*,#10406,.F.);
#10512 = CYLINDRICAL_SURFACE('',#10513,0.1);
#10513 = AXIS2_PLACEMENT_3D('',#10514,#10515,#10516);
#10514 = CARTESIAN_POINT('',(-2.25,-2.11,0.725));
#10515 = DIRECTION('',(-1.144237745222E-17,-1.,0.));
#10516 = DIRECTION('',(-4.440892098501E-15,5.081436361563E-32,1.));
#10517 = ADVANCED_FACE('',(#10518),#10596,.T.);
#10518 = FACE_BOUND('',#10519,.T.);
#10519 = EDGE_LOOP('',(#10520,#10521,#10522,#10523,#10531,#10540,#10548,
    #10556,#10564,#10573,#10581,#10590));
#10520 = ORIENTED_EDGE('',*,*,#9500,.F.);
#10521 = ORIENTED_EDGE('',*,*,#9478,.T.);
#10522 = ORIENTED_EDGE('',*,*,#10497,.T.);
#10523 = ORIENTED_EDGE('',*,*,#10524,.T.);
#10524 = EDGE_CURVE('',#10498,#10525,#10527,.T.);
#10525 = VERTEX_POINT('',#10526);
#10526 = CARTESIAN_POINT('',(-2.429496640897,-1.7,0.2479055467));
#10527 = LINE('',#10528,#10529);
#10528 = CARTESIAN_POINT('',(-2.348480775301,-1.7,0.742364817767));
#10529 = VECTOR('',#10530,1.);
#10530 = DIRECTION('',(-0.161691392282,1.85013394127E-18,-0.986841372087
    ));
#10531 = ORIENTED_EDGE('',*,*,#10532,.T.);
#10532 = EDGE_CURVE('',#10525,#10533,#10535,.T.);
#10533 = VERTEX_POINT('',#10534);
#10534 = CARTESIAN_POINT('',(-2.724938966801,-1.7,-1.665334536938E-16));
#10535 = CIRCLE('',#10536,0.3);
#10536 = AXIS2_PLACEMENT_3D('',#10537,#10538,#10539);
#10537 = CARTESIAN_POINT('',(-2.724938966801,-1.7,0.3));
#10538 = DIRECTION('',(1.144237745222E-17,1.,7.703719777549E-34));
#10539 = DIRECTION('',(0.984807753012,-1.126854202784E-17,
    -0.173648177667));
#10540 = ORIENTED_EDGE('',*,*,#10541,.T.);
#10541 = EDGE_CURVE('',#10533,#10542,#10544,.T.);
#10542 = VERTEX_POINT('',#10543);
#10543 = CARTESIAN_POINT('',(-3.,-1.7,-1.665334536938E-16));
#10544 = LINE('',#10545,#10546);
#10545 = CARTESIAN_POINT('',(-2.724938966801,-1.7,-1.665334536938E-16));
#10546 = VECTOR('',#10547,1.);
#10547 = DIRECTION('',(-1.,1.144237745222E-17,0.));
#10548 = ORIENTED_EDGE('',*,*,#10549,.T.);
#10549 = EDGE_CURVE('',#10542,#10550,#10552,.T.);
#10550 = VERTEX_POINT('',#10551);
#10551 = CARTESIAN_POINT('',(-3.,-1.7,0.2));
#10552 = LINE('',#10553,#10554);
#10553 = CARTESIAN_POINT('',(-3.,-1.7,-1.665334536938E-16));
#10554 = VECTOR('',#10555,1.);
#10555 = DIRECTION('',(0.,0.,1.));
#10556 = ORIENTED_EDGE('',*,*,#10557,.T.);
#10557 = EDGE_CURVE('',#10550,#10558,#10560,.T.);
#10558 = VERTEX_POINT('',#10559);
#10559 = CARTESIAN_POINT('',(-2.724938966801,-1.7,0.2));
#10560 = LINE('',#10561,#10562);
#10561 = CARTESIAN_POINT('',(-3.,-1.7,0.2));
#10562 = VECTOR('',#10563,1.);
#10563 = DIRECTION('',(1.,-1.144237745222E-17,0.));
#10564 = ORIENTED_EDGE('',*,*,#10565,.T.);
#10565 = EDGE_CURVE('',#10558,#10566,#10568,.T.);
#10566 = VERTEX_POINT('',#10567);
#10567 = CARTESIAN_POINT('',(-2.6264581915,-1.7,0.282635182233));
#10568 = CIRCLE('',#10569,0.1);
#10569 = AXIS2_PLACEMENT_3D('',#10570,#10571,#10572);
#10570 = CARTESIAN_POINT('',(-2.724938966801,-1.7,0.3));
#10571 = DIRECTION('',(-1.144237745222E-17,-1.,-0.));
#10572 = DIRECTION('',(0.,0.,-1.));
#10573 = ORIENTED_EDGE('',*,*,#10574,.T.);
#10574 = EDGE_CURVE('',#10566,#10575,#10577,.T.);
#10575 = VERTEX_POINT('',#10576);
#10576 = CARTESIAN_POINT('',(-2.545442325904,-1.7,0.7770944533));
#10577 = LINE('',#10578,#10579);
#10578 = CARTESIAN_POINT('',(-2.6264581915,-1.7,0.282635182233));
#10579 = VECTOR('',#10580,1.);
#10580 = DIRECTION('',(0.161691392282,-1.85013394127E-18,0.986841372087)
  );
#10581 = ORIENTED_EDGE('',*,*,#10582,.T.);
#10582 = EDGE_CURVE('',#10575,#10583,#10585,.T.);
#10583 = VERTEX_POINT('',#10584);
#10584 = CARTESIAN_POINT('',(-2.25,-1.7,1.025));
#10585 = CIRCLE('',#10586,0.3);
#10586 = AXIS2_PLACEMENT_3D('',#10587,#10588,#10589);
#10587 = CARTESIAN_POINT('',(-2.25,-1.7,0.725));
#10588 = DIRECTION('',(1.144237745222E-17,1.,7.703719777549E-34));
#10589 = DIRECTION('',(-0.984807753012,1.126854202784E-17,0.173648177667
    ));
#10590 = ORIENTED_EDGE('',*,*,#10591,.T.);
#10591 = EDGE_CURVE('',#10583,#9501,#10592,.T.);
#10592 = LINE('',#10593,#10594);
#10593 = CARTESIAN_POINT('',(-2.25,-1.7,1.025));
#10594 = VECTOR('',#10595,1.);
#10595 = DIRECTION('',(1.,-1.144237745222E-17,0.));
#10596 = PLANE('',#10597);
#10597 = AXIS2_PLACEMENT_3D('',#10598,#10599,#10600);
#10598 = CARTESIAN_POINT('',(-2.42560961319,-1.7,0.548953137803));
#10599 = DIRECTION('',(1.144237745222E-17,1.,0.));
#10600 = DIRECTION('',(0.,-0.,1.));
#10601 = ADVANCED_FACE('',(#10602),#10618,.F.);
#10602 = FACE_BOUND('',#10603,.F.);
#10603 = EDGE_LOOP('',(#10604,#10605,#10611,#10612));
#10604 = ORIENTED_EDGE('',*,*,#9517,.T.);
#10605 = ORIENTED_EDGE('',*,*,#10606,.T.);
#10606 = EDGE_CURVE('',#9510,#10094,#10607,.T.);
#10607 = LINE('',#10608,#10609);
#10608 = CARTESIAN_POINT('',(-2.25,-0.84,1.025));
#10609 = VECTOR('',#10610,1.);
#10610 = DIRECTION('',(1.,-1.144237745222E-17,0.));
#10611 = ORIENTED_EDGE('',*,*,#10093,.F.);
#10612 = ORIENTED_EDGE('',*,*,#10613,.F.);
#10613 = EDGE_CURVE('',#9501,#10086,#10614,.T.);
#10614 = LINE('',#10615,#10616);
#10615 = CARTESIAN_POINT('',(-2.25,-1.7,1.025));
#10616 = VECTOR('',#10617,1.);
#10617 = DIRECTION('',(1.,-1.144237745222E-17,0.));
#10618 = PLANE('',#10619);
#10619 = AXIS2_PLACEMENT_3D('',#10620,#10621,#10622);
#10620 = CARTESIAN_POINT('',(-3.027078129022E-16,2.4125,1.025));
#10621 = DIRECTION('',(2.007919022429E-31,-7.713306628828E-27,-1.));
#10622 = DIRECTION('',(1.,1.112083013911E-16,2.00791902242E-31));
#10623 = ADVANCED_FACE('',(#10624),#10710,.F.);
#10624 = FACE_BOUND('',#10625,.F.);
#10625 = EDGE_LOOP('',(#10626,#10627,#10628,#10637,#10645,#10654,#10662,
    #10670,#10678,#10687,#10695,#10704));
#10626 = ORIENTED_EDGE('',*,*,#9509,.F.);
#10627 = ORIENTED_EDGE('',*,*,#9531,.T.);
#10628 = ORIENTED_EDGE('',*,*,#10629,.T.);
#10629 = EDGE_CURVE('',#9532,#10630,#10632,.T.);
#10630 = VERTEX_POINT('',#10631);
#10631 = CARTESIAN_POINT('',(-2.348480775301,-0.84,0.742364817767));
#10632 = CIRCLE('',#10633,0.1);
#10633 = AXIS2_PLACEMENT_3D('',#10634,#10635,#10636);
#10634 = CARTESIAN_POINT('',(-2.25,-0.84,0.725));
#10635 = DIRECTION('',(-1.144237745222E-17,-1.,3.284293275761E-47));
#10636 = DIRECTION('',(-4.440892098501E-15,5.081436361563E-32,1.));
#10637 = ORIENTED_EDGE('',*,*,#10638,.T.);
#10638 = EDGE_CURVE('',#10630,#10639,#10641,.T.);
#10639 = VERTEX_POINT('',#10640);
#10640 = CARTESIAN_POINT('',(-2.429496640897,-0.84,0.2479055467));
#10641 = LINE('',#10642,#10643);
#10642 = CARTESIAN_POINT('',(-2.348480775301,-0.84,0.742364817767));
#10643 = VECTOR('',#10644,1.);
#10644 = DIRECTION('',(-0.161691392282,1.85013394127E-18,-0.986841372087
    ));
#10645 = ORIENTED_EDGE('',*,*,#10646,.T.);
#10646 = EDGE_CURVE('',#10639,#10647,#10649,.T.);
#10647 = VERTEX_POINT('',#10648);
#10648 = CARTESIAN_POINT('',(-2.724938966801,-0.84,-1.665334536938E-16)
  );
#10649 = CIRCLE('',#10650,0.3);
#10650 = AXIS2_PLACEMENT_3D('',#10651,#10652,#10653);
#10651 = CARTESIAN_POINT('',(-2.724938966801,-0.84,0.3));
#10652 = DIRECTION('',(1.144237745222E-17,1.,7.703719777549E-34));
#10653 = DIRECTION('',(0.984807753012,-1.126854202784E-17,
    -0.173648177667));
#10654 = ORIENTED_EDGE('',*,*,#10655,.T.);
#10655 = EDGE_CURVE('',#10647,#10656,#10658,.T.);
#10656 = VERTEX_POINT('',#10657);
#10657 = CARTESIAN_POINT('',(-3.,-0.84,-1.665334536938E-16));
#10658 = LINE('',#10659,#10660);
#10659 = CARTESIAN_POINT('',(-2.724938966801,-0.84,-1.665334536938E-16)
  );
#10660 = VECTOR('',#10661,1.);
#10661 = DIRECTION('',(-1.,1.144237745222E-17,0.));
#10662 = ORIENTED_EDGE('',*,*,#10663,.T.);
#10663 = EDGE_CURVE('',#10656,#10664,#10666,.T.);
#10664 = VERTEX_POINT('',#10665);
#10665 = CARTESIAN_POINT('',(-3.,-0.84,0.2));
#10666 = LINE('',#10667,#10668);
#10667 = CARTESIAN_POINT('',(-3.,-0.84,-1.665334536938E-16));
#10668 = VECTOR('',#10669,1.);
#10669 = DIRECTION('',(0.,0.,1.));
#10670 = ORIENTED_EDGE('',*,*,#10671,.T.);
#10671 = EDGE_CURVE('',#10664,#10672,#10674,.T.);
#10672 = VERTEX_POINT('',#10673);
#10673 = CARTESIAN_POINT('',(-2.724938966801,-0.84,0.2));
#10674 = LINE('',#10675,#10676);
#10675 = CARTESIAN_POINT('',(-3.,-0.84,0.2));
#10676 = VECTOR('',#10677,1.);
#10677 = DIRECTION('',(1.,-1.144237745222E-17,0.));
#10678 = ORIENTED_EDGE('',*,*,#10679,.T.);
#10679 = EDGE_CURVE('',#10672,#10680,#10682,.T.);
#10680 = VERTEX_POINT('',#10681);
#10681 = CARTESIAN_POINT('',(-2.6264581915,-0.84,0.282635182233));
#10682 = CIRCLE('',#10683,0.1);
#10683 = AXIS2_PLACEMENT_3D('',#10684,#10685,#10686);
#10684 = CARTESIAN_POINT('',(-2.724938966801,-0.84,0.3));
#10685 = DIRECTION('',(-1.144237745222E-17,-1.,-0.));
#10686 = DIRECTION('',(0.,0.,-1.));
#10687 = ORIENTED_EDGE('',*,*,#10688,.T.);
#10688 = EDGE_CURVE('',#10680,#10689,#10691,.T.);
#10689 = VERTEX_POINT('',#10690);
#10690 = CARTESIAN_POINT('',(-2.545442325904,-0.84,0.7770944533));
#10691 = LINE('',#10692,#10693);
#10692 = CARTESIAN_POINT('',(-2.6264581915,-0.84,0.282635182233));
#10693 = VECTOR('',#10694,1.);
#10694 = DIRECTION('',(0.161691392282,-1.85013394127E-18,0.986841372087)
  );
#10695 = ORIENTED_EDGE('',*,*,#10696,.T.);
#10696 = EDGE_CURVE('',#10689,#10697,#10699,.T.);
#10697 = VERTEX_POINT('',#10698);
#10698 = CARTESIAN_POINT('',(-2.25,-0.84,1.025));
#10699 = CIRCLE('',#10700,0.3);
#10700 = AXIS2_PLACEMENT_3D('',#10701,#10702,#10703);
#10701 = CARTESIAN_POINT('',(-2.25,-0.84,0.725));
#10702 = DIRECTION('',(1.144237745222E-17,1.,7.703719777549E-34));
#10703 = DIRECTION('',(-0.984807753012,1.126854202784E-17,0.173648177667
    ));
#10704 = ORIENTED_EDGE('',*,*,#10705,.T.);
#10705 = EDGE_CURVE('',#10697,#9510,#10706,.T.);
#10706 = LINE('',#10707,#10708);
#10707 = CARTESIAN_POINT('',(-2.25,-0.84,1.025));
#10708 = VECTOR('',#10709,1.);
#10709 = DIRECTION('',(1.,-1.144237745222E-17,0.));
#10710 = PLANE('',#10711);
#10711 = AXIS2_PLACEMENT_3D('',#10712,#10713,#10714);
#10712 = CARTESIAN_POINT('',(-2.42560961319,-0.84,0.548953137803));
#10713 = DIRECTION('',(1.144237745222E-17,1.,0.));
#10714 = DIRECTION('',(0.,-0.,1.));
#10715 = ADVANCED_FACE('',(#10716),#10735,.F.);
#10716 = FACE_BOUND('',#10717,.F.);
#10717 = EDGE_LOOP('',(#10718,#10719,#10728,#10734));
#10718 = ORIENTED_EDGE('',*,*,#9548,.T.);
#10719 = ORIENTED_EDGE('',*,*,#10720,.T.);
#10720 = EDGE_CURVE('',#9541,#10721,#10723,.T.);
#10721 = VERTEX_POINT('',#10722);
#10722 = CARTESIAN_POINT('',(-2.348480775301,-0.43,0.742364817767));
#10723 = CIRCLE('',#10724,0.1);
#10724 = AXIS2_PLACEMENT_3D('',#10725,#10726,#10727);
#10725 = CARTESIAN_POINT('',(-2.25,-0.43,0.725));
#10726 = DIRECTION('',(-1.144237745222E-17,-1.,3.284293275761E-47));
#10727 = DIRECTION('',(-4.440892098501E-15,5.081436361563E-32,1.));
#10728 = ORIENTED_EDGE('',*,*,#10729,.F.);
#10729 = EDGE_CURVE('',#10630,#10721,#10730,.T.);
#10730 = LINE('',#10731,#10732);
#10731 = CARTESIAN_POINT('',(-2.348480775301,-0.84,0.742364817767));
#10732 = VECTOR('',#10733,1.);
#10733 = DIRECTION('',(1.144237745222E-17,1.,0.));
#10734 = ORIENTED_EDGE('',*,*,#10629,.F.);
#10735 = CYLINDRICAL_SURFACE('',#10736,0.1);
#10736 = AXIS2_PLACEMENT_3D('',#10737,#10738,#10739);
#10737 = CARTESIAN_POINT('',(-2.25,-0.84,0.725));
#10738 = DIRECTION('',(-1.144237745222E-17,-1.,0.));
#10739 = DIRECTION('',(-4.440892098501E-15,5.081436361563E-32,1.));
#10740 = ADVANCED_FACE('',(#10741),#10819,.T.);
#10741 = FACE_BOUND('',#10742,.T.);
#10742 = EDGE_LOOP('',(#10743,#10744,#10745,#10746,#10754,#10763,#10771,
    #10779,#10787,#10796,#10804,#10813));
#10743 = ORIENTED_EDGE('',*,*,#9562,.F.);
#10744 = ORIENTED_EDGE('',*,*,#9540,.T.);
#10745 = ORIENTED_EDGE('',*,*,#10720,.T.);
#10746 = ORIENTED_EDGE('',*,*,#10747,.T.);
#10747 = EDGE_CURVE('',#10721,#10748,#10750,.T.);
#10748 = VERTEX_POINT('',#10749);
#10749 = CARTESIAN_POINT('',(-2.429496640897,-0.43,0.2479055467));
#10750 = LINE('',#10751,#10752);
#10751 = CARTESIAN_POINT('',(-2.348480775301,-0.43,0.742364817767));
#10752 = VECTOR('',#10753,1.);
#10753 = DIRECTION('',(-0.161691392282,1.85013394127E-18,-0.986841372087
    ));
#10754 = ORIENTED_EDGE('',*,*,#10755,.T.);
#10755 = EDGE_CURVE('',#10748,#10756,#10758,.T.);
#10756 = VERTEX_POINT('',#10757);
#10757 = CARTESIAN_POINT('',(-2.724938966801,-0.43,-1.665334536938E-16)
  );
#10758 = CIRCLE('',#10759,0.3);
#10759 = AXIS2_PLACEMENT_3D('',#10760,#10761,#10762);
#10760 = CARTESIAN_POINT('',(-2.724938966801,-0.43,0.3));
#10761 = DIRECTION('',(1.144237745222E-17,1.,7.703719777549E-34));
#10762 = DIRECTION('',(0.984807753012,-1.126854202784E-17,
    -0.173648177667));
#10763 = ORIENTED_EDGE('',*,*,#10764,.T.);
#10764 = EDGE_CURVE('',#10756,#10765,#10767,.T.);
#10765 = VERTEX_POINT('',#10766);
#10766 = CARTESIAN_POINT('',(-3.,-0.43,-1.665334536938E-16));
#10767 = LINE('',#10768,#10769);
#10768 = CARTESIAN_POINT('',(-2.724938966801,-0.43,-1.665334536938E-16)
  );
#10769 = VECTOR('',#10770,1.);
#10770 = DIRECTION('',(-1.,1.144237745222E-17,0.));
#10771 = ORIENTED_EDGE('',*,*,#10772,.T.);
#10772 = EDGE_CURVE('',#10765,#10773,#10775,.T.);
#10773 = VERTEX_POINT('',#10774);
#10774 = CARTESIAN_POINT('',(-3.,-0.43,0.2));
#10775 = LINE('',#10776,#10777);
#10776 = CARTESIAN_POINT('',(-3.,-0.43,-1.665334536938E-16));
#10777 = VECTOR('',#10778,1.);
#10778 = DIRECTION('',(0.,0.,1.));
#10779 = ORIENTED_EDGE('',*,*,#10780,.T.);
#10780 = EDGE_CURVE('',#10773,#10781,#10783,.T.);
#10781 = VERTEX_POINT('',#10782);
#10782 = CARTESIAN_POINT('',(-2.724938966801,-0.43,0.2));
#10783 = LINE('',#10784,#10785);
#10784 = CARTESIAN_POINT('',(-3.,-0.43,0.2));
#10785 = VECTOR('',#10786,1.);
#10786 = DIRECTION('',(1.,-1.144237745222E-17,0.));
#10787 = ORIENTED_EDGE('',*,*,#10788,.T.);
#10788 = EDGE_CURVE('',#10781,#10789,#10791,.T.);
#10789 = VERTEX_POINT('',#10790);
#10790 = CARTESIAN_POINT('',(-2.6264581915,-0.43,0.282635182233));
#10791 = CIRCLE('',#10792,0.1);
#10792 = AXIS2_PLACEMENT_3D('',#10793,#10794,#10795);
#10793 = CARTESIAN_POINT('',(-2.724938966801,-0.43,0.3));
#10794 = DIRECTION('',(-1.144237745222E-17,-1.,-0.));
#10795 = DIRECTION('',(0.,0.,-1.));
#10796 = ORIENTED_EDGE('',*,*,#10797,.T.);
#10797 = EDGE_CURVE('',#10789,#10798,#10800,.T.);
#10798 = VERTEX_POINT('',#10799);
#10799 = CARTESIAN_POINT('',(-2.545442325904,-0.43,0.7770944533));
#10800 = LINE('',#10801,#10802);
#10801 = CARTESIAN_POINT('',(-2.6264581915,-0.43,0.282635182233));
#10802 = VECTOR('',#10803,1.);
#10803 = DIRECTION('',(0.161691392282,-1.85013394127E-18,0.986841372087)
  );
#10804 = ORIENTED_EDGE('',*,*,#10805,.T.);
#10805 = EDGE_CURVE('',#10798,#10806,#10808,.T.);
#10806 = VERTEX_POINT('',#10807);
#10807 = CARTESIAN_POINT('',(-2.25,-0.43,1.025));
#10808 = CIRCLE('',#10809,0.3);
#10809 = AXIS2_PLACEMENT_3D('',#10810,#10811,#10812);
#10810 = CARTESIAN_POINT('',(-2.25,-0.43,0.725));
#10811 = DIRECTION('',(1.144237745222E-17,1.,7.703719777549E-34));
#10812 = DIRECTION('',(-0.984807753012,1.126854202784E-17,0.173648177667
    ));
#10813 = ORIENTED_EDGE('',*,*,#10814,.T.);
#10814 = EDGE_CURVE('',#10806,#9563,#10815,.T.);
#10815 = LINE('',#10816,#10817);
#10816 = CARTESIAN_POINT('',(-2.25,-0.43,1.025));
#10817 = VECTOR('',#10818,1.);
#10818 = DIRECTION('',(1.,-1.144237745222E-17,0.));
#10819 = PLANE('',#10820);
#10820 = AXIS2_PLACEMENT_3D('',#10821,#10822,#10823);
#10821 = CARTESIAN_POINT('',(-2.42560961319,-0.43,0.548953137803));
#10822 = DIRECTION('',(1.144237745222E-17,1.,0.));
#10823 = DIRECTION('',(0.,-0.,1.));
#10824 = ADVANCED_FACE('',(#10825),#10841,.F.);
#10825 = FACE_BOUND('',#10826,.F.);
#10826 = EDGE_LOOP('',(#10827,#10828,#10834,#10835));
#10827 = ORIENTED_EDGE('',*,*,#9579,.T.);
#10828 = ORIENTED_EDGE('',*,*,#10829,.T.);
#10829 = EDGE_CURVE('',#9572,#10110,#10830,.T.);
#10830 = LINE('',#10831,#10832);
#10831 = CARTESIAN_POINT('',(-2.25,0.43,1.025));
#10832 = VECTOR('',#10833,1.);
#10833 = DIRECTION('',(1.,-1.144237745222E-17,0.));
#10834 = ORIENTED_EDGE('',*,*,#10109,.F.);
#10835 = ORIENTED_EDGE('',*,*,#10836,.F.);
#10836 = EDGE_CURVE('',#9563,#10102,#10837,.T.);
#10837 = LINE('',#10838,#10839);
#10838 = CARTESIAN_POINT('',(-2.25,-0.43,1.025));
#10839 = VECTOR('',#10840,1.);
#10840 = DIRECTION('',(1.,-1.144237745222E-17,0.));
#10841 = PLANE('',#10842);
#10842 = AXIS2_PLACEMENT_3D('',#10843,#10844,#10845);
#10843 = CARTESIAN_POINT('',(-3.027078129022E-16,2.4125,1.025));
#10844 = DIRECTION('',(2.007919022429E-31,-7.713306628828E-27,-1.));
#10845 = DIRECTION('',(1.,1.112083013911E-16,2.00791902242E-31));
#10846 = ADVANCED_FACE('',(#10847),#10933,.F.);
#10847 = FACE_BOUND('',#10848,.F.);
#10848 = EDGE_LOOP('',(#10849,#10850,#10851,#10860,#10868,#10877,#10885,
    #10893,#10901,#10910,#10918,#10927));
#10849 = ORIENTED_EDGE('',*,*,#9571,.F.);
#10850 = ORIENTED_EDGE('',*,*,#9593,.T.);
#10851 = ORIENTED_EDGE('',*,*,#10852,.T.);
#10852 = EDGE_CURVE('',#9594,#10853,#10855,.T.);
#10853 = VERTEX_POINT('',#10854);
#10854 = CARTESIAN_POINT('',(-2.348480775301,0.43,0.742364817767));
#10855 = CIRCLE('',#10856,0.1);
#10856 = AXIS2_PLACEMENT_3D('',#10857,#10858,#10859);
#10857 = CARTESIAN_POINT('',(-2.25,0.43,0.725));
#10858 = DIRECTION('',(-1.144237745222E-17,-1.,3.284293275761E-47));
#10859 = DIRECTION('',(-4.440892098501E-15,5.081436361563E-32,1.));
#10860 = ORIENTED_EDGE('',*,*,#10861,.T.);
#10861 = EDGE_CURVE('',#10853,#10862,#10864,.T.);
#10862 = VERTEX_POINT('',#10863);
#10863 = CARTESIAN_POINT('',(-2.429496640897,0.43,0.2479055467));
#10864 = LINE('',#10865,#10866);
#10865 = CARTESIAN_POINT('',(-2.348480775301,0.43,0.742364817767));
#10866 = VECTOR('',#10867,1.);
#10867 = DIRECTION('',(-0.161691392282,1.85013394127E-18,-0.986841372087
    ));
#10868 = ORIENTED_EDGE('',*,*,#10869,.T.);
#10869 = EDGE_CURVE('',#10862,#10870,#10872,.T.);
#10870 = VERTEX_POINT('',#10871);
#10871 = CARTESIAN_POINT('',(-2.724938966801,0.43,-1.665334536938E-16));
#10872 = CIRCLE('',#10873,0.3);
#10873 = AXIS2_PLACEMENT_3D('',#10874,#10875,#10876);
#10874 = CARTESIAN_POINT('',(-2.724938966801,0.43,0.3));
#10875 = DIRECTION('',(1.144237745222E-17,1.,7.703719777549E-34));
#10876 = DIRECTION('',(0.984807753012,-1.126854202784E-17,
    -0.173648177667));
#10877 = ORIENTED_EDGE('',*,*,#10878,.T.);
#10878 = EDGE_CURVE('',#10870,#10879,#10881,.T.);
#10879 = VERTEX_POINT('',#10880);
#10880 = CARTESIAN_POINT('',(-3.,0.43,-1.665334536938E-16));
#10881 = LINE('',#10882,#10883);
#10882 = CARTESIAN_POINT('',(-2.724938966801,0.43,-1.665334536938E-16));
#10883 = VECTOR('',#10884,1.);
#10884 = DIRECTION('',(-1.,1.144237745222E-17,0.));
#10885 = ORIENTED_EDGE('',*,*,#10886,.T.);
#10886 = EDGE_CURVE('',#10879,#10887,#10889,.T.);
#10887 = VERTEX_POINT('',#10888);
#10888 = CARTESIAN_POINT('',(-3.,0.43,0.2));
#10889 = LINE('',#10890,#10891);
#10890 = CARTESIAN_POINT('',(-3.,0.43,-1.665334536938E-16));
#10891 = VECTOR('',#10892,1.);
#10892 = DIRECTION('',(0.,0.,1.));
#10893 = ORIENTED_EDGE('',*,*,#10894,.T.);
#10894 = EDGE_CURVE('',#10887,#10895,#10897,.T.);
#10895 = VERTEX_POINT('',#10896);
#10896 = CARTESIAN_POINT('',(-2.724938966801,0.43,0.2));
#10897 = LINE('',#10898,#10899);
#10898 = CARTESIAN_POINT('',(-3.,0.43,0.2));
#10899 = VECTOR('',#10900,1.);
#10900 = DIRECTION('',(1.,-1.144237745222E-17,0.));
#10901 = ORIENTED_EDGE('',*,*,#10902,.T.);
#10902 = EDGE_CURVE('',#10895,#10903,#10905,.T.);
#10903 = VERTEX_POINT('',#10904);
#10904 = CARTESIAN_POINT('',(-2.6264581915,0.43,0.282635182233));
#10905 = CIRCLE('',#10906,0.1);
#10906 = AXIS2_PLACEMENT_3D('',#10907,#10908,#10909);
#10907 = CARTESIAN_POINT('',(-2.724938966801,0.43,0.3));
#10908 = DIRECTION('',(-1.144237745222E-17,-1.,-0.));
#10909 = DIRECTION('',(0.,0.,-1.));
#10910 = ORIENTED_EDGE('',*,*,#10911,.T.);
#10911 = EDGE_CURVE('',#10903,#10912,#10914,.T.);
#10912 = VERTEX_POINT('',#10913);
#10913 = CARTESIAN_POINT('',(-2.545442325904,0.43,0.7770944533));
#10914 = LINE('',#10915,#10916);
#10915 = CARTESIAN_POINT('',(-2.6264581915,0.43,0.282635182233));
#10916 = VECTOR('',#10917,1.);
#10917 = DIRECTION('',(0.161691392282,-1.85013394127E-18,0.986841372087)
  );
#10918 = ORIENTED_EDGE('',*,*,#10919,.T.);
#10919 = EDGE_CURVE('',#10912,#10920,#10922,.T.);
#10920 = VERTEX_POINT('',#10921);
#10921 = CARTESIAN_POINT('',(-2.25,0.43,1.025));
#10922 = CIRCLE('',#10923,0.3);
#10923 = AXIS2_PLACEMENT_3D('',#10924,#10925,#10926);
#10924 = CARTESIAN_POINT('',(-2.25,0.43,0.725));
#10925 = DIRECTION('',(1.144237745222E-17,1.,7.703719777549E-34));
#10926 = DIRECTION('',(-0.984807753012,1.126854202784E-17,0.173648177667
    ));
#10927 = ORIENTED_EDGE('',*,*,#10928,.T.);
#10928 = EDGE_CURVE('',#10920,#9572,#10929,.T.);
#10929 = LINE('',#10930,#10931);
#10930 = CARTESIAN_POINT('',(-2.25,0.43,1.025));
#10931 = VECTOR('',#10932,1.);
#10932 = DIRECTION('',(1.,-1.144237745222E-17,0.));
#10933 = PLANE('',#10934);
#10934 = AXIS2_PLACEMENT_3D('',#10935,#10936,#10937);
#10935 = CARTESIAN_POINT('',(-2.42560961319,0.43,0.548953137803));
#10936 = DIRECTION('',(1.144237745222E-17,1.,0.));
#10937 = DIRECTION('',(0.,-0.,1.));
#10938 = ADVANCED_FACE('',(#10939),#10958,.F.);
#10939 = FACE_BOUND('',#10940,.F.);
#10940 = EDGE_LOOP('',(#10941,#10942,#10951,#10957));
#10941 = ORIENTED_EDGE('',*,*,#9610,.T.);
#10942 = ORIENTED_EDGE('',*,*,#10943,.T.);
#10943 = EDGE_CURVE('',#9603,#10944,#10946,.T.);
#10944 = VERTEX_POINT('',#10945);
#10945 = CARTESIAN_POINT('',(-2.348480775301,0.84,0.742364817767));
#10946 = CIRCLE('',#10947,0.1);
#10947 = AXIS2_PLACEMENT_3D('',#10948,#10949,#10950);
#10948 = CARTESIAN_POINT('',(-2.25,0.84,0.725));
#10949 = DIRECTION('',(-1.144237745222E-17,-1.,3.284293275761E-47));
#10950 = DIRECTION('',(-4.440892098501E-15,5.081436361563E-32,1.));
#10951 = ORIENTED_EDGE('',*,*,#10952,.F.);
#10952 = EDGE_CURVE('',#10853,#10944,#10953,.T.);
#10953 = LINE('',#10954,#10955);
#10954 = CARTESIAN_POINT('',(-2.348480775301,0.43,0.742364817767));
#10955 = VECTOR('',#10956,1.);
#10956 = DIRECTION('',(1.144237745222E-17,1.,0.));
#10957 = ORIENTED_EDGE('',*,*,#10852,.F.);
#10958 = CYLINDRICAL_SURFACE('',#10959,0.1);
#10959 = AXIS2_PLACEMENT_3D('',#10960,#10961,#10962);
#10960 = CARTESIAN_POINT('',(-2.25,0.43,0.725));
#10961 = DIRECTION('',(-1.144237745222E-17,-1.,0.));
#10962 = DIRECTION('',(-4.440892098501E-15,5.081436361563E-32,1.));
#10963 = ADVANCED_FACE('',(#10964),#11042,.T.);
#10964 = FACE_BOUND('',#10965,.T.);
#10965 = EDGE_LOOP('',(#10966,#10967,#10968,#10969,#10977,#10986,#10994,
    #11002,#11010,#11019,#11027,#11036));
#10966 = ORIENTED_EDGE('',*,*,#9624,.F.);
#10967 = ORIENTED_EDGE('',*,*,#9602,.T.);
#10968 = ORIENTED_EDGE('',*,*,#10943,.T.);
#10969 = ORIENTED_EDGE('',*,*,#10970,.T.);
#10970 = EDGE_CURVE('',#10944,#10971,#10973,.T.);
#10971 = VERTEX_POINT('',#10972);
#10972 = CARTESIAN_POINT('',(-2.429496640897,0.84,0.2479055467));
#10973 = LINE('',#10974,#10975);
#10974 = CARTESIAN_POINT('',(-2.348480775301,0.84,0.742364817767));
#10975 = VECTOR('',#10976,1.);
#10976 = DIRECTION('',(-0.161691392282,1.85013394127E-18,-0.986841372087
    ));
#10977 = ORIENTED_EDGE('',*,*,#10978,.T.);
#10978 = EDGE_CURVE('',#10971,#10979,#10981,.T.);
#10979 = VERTEX_POINT('',#10980);
#10980 = CARTESIAN_POINT('',(-2.724938966801,0.84,-1.665334536938E-16));
#10981 = CIRCLE('',#10982,0.3);
#10982 = AXIS2_PLACEMENT_3D('',#10983,#10984,#10985);
#10983 = CARTESIAN_POINT('',(-2.724938966801,0.84,0.3));
#10984 = DIRECTION('',(1.144237745222E-17,1.,7.703719777549E-34));
#10985 = DIRECTION('',(0.984807753012,-1.126854202784E-17,
    -0.173648177667));
#10986 = ORIENTED_EDGE('',*,*,#10987,.T.);
#10987 = EDGE_CURVE('',#10979,#10988,#10990,.T.);
#10988 = VERTEX_POINT('',#10989);
#10989 = CARTESIAN_POINT('',(-3.,0.84,-1.665334536938E-16));
#10990 = LINE('',#10991,#10992);
#10991 = CARTESIAN_POINT('',(-2.724938966801,0.84,-1.665334536938E-16));
#10992 = VECTOR('',#10993,1.);
#10993 = DIRECTION('',(-1.,1.144237745222E-17,0.));
#10994 = ORIENTED_EDGE('',*,*,#10995,.T.);
#10995 = EDGE_CURVE('',#10988,#10996,#10998,.T.);
#10996 = VERTEX_POINT('',#10997);
#10997 = CARTESIAN_POINT('',(-3.,0.84,0.2));
#10998 = LINE('',#10999,#11000);
#10999 = CARTESIAN_POINT('',(-3.,0.84,-1.665334536938E-16));
#11000 = VECTOR('',#11001,1.);
#11001 = DIRECTION('',(0.,0.,1.));
#11002 = ORIENTED_EDGE('',*,*,#11003,.T.);
#11003 = EDGE_CURVE('',#10996,#11004,#11006,.T.);
#11004 = VERTEX_POINT('',#11005);
#11005 = CARTESIAN_POINT('',(-2.724938966801,0.84,0.2));
#11006 = LINE('',#11007,#11008);
#11007 = CARTESIAN_POINT('',(-3.,0.84,0.2));
#11008 = VECTOR('',#11009,1.);
#11009 = DIRECTION('',(1.,-1.144237745222E-17,0.));
#11010 = ORIENTED_EDGE('',*,*,#11011,.T.);
#11011 = EDGE_CURVE('',#11004,#11012,#11014,.T.);
#11012 = VERTEX_POINT('',#11013);
#11013 = CARTESIAN_POINT('',(-2.6264581915,0.84,0.282635182233));
#11014 = CIRCLE('',#11015,0.1);
#11015 = AXIS2_PLACEMENT_3D('',#11016,#11017,#11018);
#11016 = CARTESIAN_POINT('',(-2.724938966801,0.84,0.3));
#11017 = DIRECTION('',(-1.144237745222E-17,-1.,-0.));
#11018 = DIRECTION('',(0.,0.,-1.));
#11019 = ORIENTED_EDGE('',*,*,#11020,.T.);
#11020 = EDGE_CURVE('',#11012,#11021,#11023,.T.);
#11021 = VERTEX_POINT('',#11022);
#11022 = CARTESIAN_POINT('',(-2.545442325904,0.84,0.7770944533));
#11023 = LINE('',#11024,#11025);
#11024 = CARTESIAN_POINT('',(-2.6264581915,0.84,0.282635182233));
#11025 = VECTOR('',#11026,1.);
#11026 = DIRECTION('',(0.161691392282,-1.85013394127E-18,0.986841372087)
  );
#11027 = ORIENTED_EDGE('',*,*,#11028,.T.);
#11028 = EDGE_CURVE('',#11021,#11029,#11031,.T.);
#11029 = VERTEX_POINT('',#11030);
#11030 = CARTESIAN_POINT('',(-2.25,0.84,1.025));
#11031 = CIRCLE('',#11032,0.3);
#11032 = AXIS2_PLACEMENT_3D('',#11033,#11034,#11035);
#11033 = CARTESIAN_POINT('',(-2.25,0.84,0.725));
#11034 = DIRECTION('',(1.144237745222E-17,1.,7.703719777549E-34));
#11035 = DIRECTION('',(-0.984807753012,1.126854202784E-17,0.173648177667
    ));
#11036 = ORIENTED_EDGE('',*,*,#11037,.T.);
#11037 = EDGE_CURVE('',#11029,#9625,#11038,.T.);
#11038 = LINE('',#11039,#11040);
#11039 = CARTESIAN_POINT('',(-2.25,0.84,1.025));
#11040 = VECTOR('',#11041,1.);
#11041 = DIRECTION('',(1.,-1.144237745222E-17,0.));
#11042 = PLANE('',#11043);
#11043 = AXIS2_PLACEMENT_3D('',#11044,#11045,#11046);
#11044 = CARTESIAN_POINT('',(-2.42560961319,0.84,0.548953137803));
#11045 = DIRECTION('',(1.144237745222E-17,1.,0.));
#11046 = DIRECTION('',(0.,-0.,1.));
#11047 = ADVANCED_FACE('',(#11048),#11059,.F.);
#11048 = FACE_BOUND('',#11049,.F.);
#11049 = EDGE_LOOP('',(#11050,#11051,#11052,#11053));
#11050 = ORIENTED_EDGE('',*,*,#9641,.T.);
#11051 = ORIENTED_EDGE('',*,*,#10061,.T.);
#11052 = ORIENTED_EDGE('',*,*,#10125,.F.);
#11053 = ORIENTED_EDGE('',*,*,#11054,.F.);
#11054 = EDGE_CURVE('',#9625,#10118,#11055,.T.);
#11055 = LINE('',#11056,#11057);
#11056 = CARTESIAN_POINT('',(-2.25,0.84,1.025));
#11057 = VECTOR('',#11058,1.);
#11058 = DIRECTION('',(1.,-1.144237745222E-17,0.));
#11059 = PLANE('',#11060);
#11060 = AXIS2_PLACEMENT_3D('',#11061,#11062,#11063);
#11061 = CARTESIAN_POINT('',(-3.027078129022E-16,2.4125,1.025));
#11062 = DIRECTION('',(2.007919022429E-31,-7.713306628828E-27,-1.));
#11063 = DIRECTION('',(1.,1.112083013911E-16,2.00791902242E-31));
#11064 = ADVANCED_FACE('',(#11065),#11144,.F.);
#11065 = FACE_BOUND('',#11066,.F.);
#11066 = EDGE_LOOP('',(#11067,#11068,#11069,#11078,#11086,#11095,#11103,
    #11111,#11119,#11128,#11136,#11143));
#11067 = ORIENTED_EDGE('',*,*,#9633,.F.);
#11068 = ORIENTED_EDGE('',*,*,#9655,.T.);
#11069 = ORIENTED_EDGE('',*,*,#11070,.T.);
#11070 = EDGE_CURVE('',#9656,#11071,#11073,.T.);
#11071 = VERTEX_POINT('',#11072);
#11072 = CARTESIAN_POINT('',(-2.348480775301,1.7,0.742364817767));
#11073 = CIRCLE('',#11074,0.1);
#11074 = AXIS2_PLACEMENT_3D('',#11075,#11076,#11077);
#11075 = CARTESIAN_POINT('',(-2.25,1.7,0.725));
#11076 = DIRECTION('',(-1.144237745222E-17,-1.,3.284293275761E-47));
#11077 = DIRECTION('',(-4.440892098501E-15,5.081436361563E-32,1.));
#11078 = ORIENTED_EDGE('',*,*,#11079,.T.);
#11079 = EDGE_CURVE('',#11071,#11080,#11082,.T.);
#11080 = VERTEX_POINT('',#11081);
#11081 = CARTESIAN_POINT('',(-2.429496640897,1.7,0.2479055467));
#11082 = LINE('',#11083,#11084);
#11083 = CARTESIAN_POINT('',(-2.348480775301,1.7,0.742364817767));
#11084 = VECTOR('',#11085,1.);
#11085 = DIRECTION('',(-0.161691392282,1.85013394127E-18,-0.986841372087
    ));
#11086 = ORIENTED_EDGE('',*,*,#11087,.T.);
#11087 = EDGE_CURVE('',#11080,#11088,#11090,.T.);
#11088 = VERTEX_POINT('',#11089);
#11089 = CARTESIAN_POINT('',(-2.724938966801,1.7,-1.665334536938E-16));
#11090 = CIRCLE('',#11091,0.3);
#11091 = AXIS2_PLACEMENT_3D('',#11092,#11093,#11094);
#11092 = CARTESIAN_POINT('',(-2.724938966801,1.7,0.3));
#11093 = DIRECTION('',(1.144237745222E-17,1.,7.703719777549E-34));
#11094 = DIRECTION('',(0.984807753012,-1.126854202784E-17,
    -0.173648177667));
#11095 = ORIENTED_EDGE('',*,*,#11096,.T.);
#11096 = EDGE_CURVE('',#11088,#11097,#11099,.T.);
#11097 = VERTEX_POINT('',#11098);
#11098 = CARTESIAN_POINT('',(-3.,1.7,-1.665334536938E-16));
#11099 = LINE('',#11100,#11101);
#11100 = CARTESIAN_POINT('',(-2.724938966801,1.7,-1.665334536938E-16));
#11101 = VECTOR('',#11102,1.);
#11102 = DIRECTION('',(-1.,1.144237745222E-17,0.));
#11103 = ORIENTED_EDGE('',*,*,#11104,.T.);
#11104 = EDGE_CURVE('',#11097,#11105,#11107,.T.);
#11105 = VERTEX_POINT('',#11106);
#11106 = CARTESIAN_POINT('',(-3.,1.7,0.2));
#11107 = LINE('',#11108,#11109);
#11108 = CARTESIAN_POINT('',(-3.,1.7,-1.665334536938E-16));
#11109 = VECTOR('',#11110,1.);
#11110 = DIRECTION('',(0.,0.,1.));
#11111 = ORIENTED_EDGE('',*,*,#11112,.T.);
#11112 = EDGE_CURVE('',#11105,#11113,#11115,.T.);
#11113 = VERTEX_POINT('',#11114);
#11114 = CARTESIAN_POINT('',(-2.724938966801,1.7,0.2));
#11115 = LINE('',#11116,#11117);
#11116 = CARTESIAN_POINT('',(-3.,1.7,0.2));
#11117 = VECTOR('',#11118,1.);
#11118 = DIRECTION('',(1.,-1.144237745222E-17,0.));
#11119 = ORIENTED_EDGE('',*,*,#11120,.T.);
#11120 = EDGE_CURVE('',#11113,#11121,#11123,.T.);
#11121 = VERTEX_POINT('',#11122);
#11122 = CARTESIAN_POINT('',(-2.6264581915,1.7,0.282635182233));
#11123 = CIRCLE('',#11124,0.1);
#11124 = AXIS2_PLACEMENT_3D('',#11125,#11126,#11127);
#11125 = CARTESIAN_POINT('',(-2.724938966801,1.7,0.3));
#11126 = DIRECTION('',(-1.144237745222E-17,-1.,-0.));
#11127 = DIRECTION('',(0.,0.,-1.));
#11128 = ORIENTED_EDGE('',*,*,#11129,.T.);
#11129 = EDGE_CURVE('',#11121,#11130,#11132,.T.);
#11130 = VERTEX_POINT('',#11131);
#11131 = CARTESIAN_POINT('',(-2.545442325904,1.7,0.7770944533));
#11132 = LINE('',#11133,#11134);
#11133 = CARTESIAN_POINT('',(-2.6264581915,1.7,0.282635182233));
#11134 = VECTOR('',#11135,1.);
#11135 = DIRECTION('',(0.161691392282,-1.85013394127E-18,0.986841372087)
  );
#11136 = ORIENTED_EDGE('',*,*,#11137,.T.);
#11137 = EDGE_CURVE('',#11130,#10031,#11138,.T.);
#11138 = CIRCLE('',#11139,0.3);
#11139 = AXIS2_PLACEMENT_3D('',#11140,#11141,#11142);
#11140 = CARTESIAN_POINT('',(-2.25,1.7,0.725));
#11141 = DIRECTION('',(1.144237745222E-17,1.,7.703719777549E-34));
#11142 = DIRECTION('',(-0.984807753012,1.126854202784E-17,0.173648177667
    ));
#11143 = ORIENTED_EDGE('',*,*,#10030,.T.);
#11144 = PLANE('',#11145);
#11145 = AXIS2_PLACEMENT_3D('',#11146,#11147,#11148);
#11146 = CARTESIAN_POINT('',(-2.42560961319,1.7,0.548953137803));
#11147 = DIRECTION('',(1.144237745222E-17,1.,0.));
#11148 = DIRECTION('',(0.,-0.,1.));
#11149 = ADVANCED_FACE('',(#11150),#11169,.F.);
#11150 = FACE_BOUND('',#11151,.F.);
#11151 = EDGE_LOOP('',(#11152,#11153,#11162,#11168));
#11152 = ORIENTED_EDGE('',*,*,#9672,.T.);
#11153 = ORIENTED_EDGE('',*,*,#11154,.T.);
#11154 = EDGE_CURVE('',#9665,#11155,#11157,.T.);
#11155 = VERTEX_POINT('',#11156);
#11156 = CARTESIAN_POINT('',(-2.348480775301,2.11,0.742364817767));
#11157 = CIRCLE('',#11158,0.1);
#11158 = AXIS2_PLACEMENT_3D('',#11159,#11160,#11161);
#11159 = CARTESIAN_POINT('',(-2.25,2.11,0.725));
#11160 = DIRECTION('',(-1.144237745222E-17,-1.,3.284293275761E-47));
#11161 = DIRECTION('',(-4.440892098501E-15,5.081436361563E-32,1.));
#11162 = ORIENTED_EDGE('',*,*,#11163,.F.);
#11163 = EDGE_CURVE('',#11071,#11155,#11164,.T.);
#11164 = LINE('',#11165,#11166);
#11165 = CARTESIAN_POINT('',(-2.348480775301,1.7,0.742364817767));
#11166 = VECTOR('',#11167,1.);
#11167 = DIRECTION('',(1.144237745222E-17,1.,0.));
#11168 = ORIENTED_EDGE('',*,*,#11070,.F.);
#11169 = CYLINDRICAL_SURFACE('',#11170,0.1);
#11170 = AXIS2_PLACEMENT_3D('',#11171,#11172,#11173);
#11171 = CARTESIAN_POINT('',(-2.25,1.7,0.725));
#11172 = DIRECTION('',(-1.144237745222E-17,-1.,0.));
#11173 = DIRECTION('',(-4.440892098501E-15,5.081436361563E-32,1.));
#11174 = ADVANCED_FACE('',(#11175),#11246,.T.);
#11175 = FACE_BOUND('',#11176,.T.);
#11176 = EDGE_LOOP('',(#11177,#11178,#11179,#11180,#11188,#11197,#11205,
    #11213,#11221,#11230,#11238,#11245));
#11177 = ORIENTED_EDGE('',*,*,#9686,.F.);
#11178 = ORIENTED_EDGE('',*,*,#9664,.T.);
#11179 = ORIENTED_EDGE('',*,*,#11154,.T.);
#11180 = ORIENTED_EDGE('',*,*,#11181,.T.);
#11181 = EDGE_CURVE('',#11155,#11182,#11184,.T.);
#11182 = VERTEX_POINT('',#11183);
#11183 = CARTESIAN_POINT('',(-2.429496640897,2.11,0.2479055467));
#11184 = LINE('',#11185,#11186);
#11185 = CARTESIAN_POINT('',(-2.348480775301,2.11,0.742364817767));
#11186 = VECTOR('',#11187,1.);
#11187 = DIRECTION('',(-0.161691392282,1.85013394127E-18,-0.986841372087
    ));
#11188 = ORIENTED_EDGE('',*,*,#11189,.T.);
#11189 = EDGE_CURVE('',#11182,#11190,#11192,.T.);
#11190 = VERTEX_POINT('',#11191);
#11191 = CARTESIAN_POINT('',(-2.724938966801,2.11,-1.665334536938E-16));
#11192 = CIRCLE('',#11193,0.3);
#11193 = AXIS2_PLACEMENT_3D('',#11194,#11195,#11196);
#11194 = CARTESIAN_POINT('',(-2.724938966801,2.11,0.3));
#11195 = DIRECTION('',(1.144237745222E-17,1.,7.703719777549E-34));
#11196 = DIRECTION('',(0.984807753012,-1.126854202784E-17,
    -0.173648177667));
#11197 = ORIENTED_EDGE('',*,*,#11198,.T.);
#11198 = EDGE_CURVE('',#11190,#11199,#11201,.T.);
#11199 = VERTEX_POINT('',#11200);
#11200 = CARTESIAN_POINT('',(-3.,2.11,-1.665334536938E-16));
#11201 = LINE('',#11202,#11203);
#11202 = CARTESIAN_POINT('',(-2.724938966801,2.11,-1.665334536938E-16));
#11203 = VECTOR('',#11204,1.);
#11204 = DIRECTION('',(-1.,1.144237745222E-17,0.));
#11205 = ORIENTED_EDGE('',*,*,#11206,.T.);
#11206 = EDGE_CURVE('',#11199,#11207,#11209,.T.);
#11207 = VERTEX_POINT('',#11208);
#11208 = CARTESIAN_POINT('',(-3.,2.11,0.2));
#11209 = LINE('',#11210,#11211);
#11210 = CARTESIAN_POINT('',(-3.,2.11,-1.665334536938E-16));
#11211 = VECTOR('',#11212,1.);
#11212 = DIRECTION('',(0.,0.,1.));
#11213 = ORIENTED_EDGE('',*,*,#11214,.T.);
#11214 = EDGE_CURVE('',#11207,#11215,#11217,.T.);
#11215 = VERTEX_POINT('',#11216);
#11216 = CARTESIAN_POINT('',(-2.724938966801,2.11,0.2));
#11217 = LINE('',#11218,#11219);
#11218 = CARTESIAN_POINT('',(-3.,2.11,0.2));
#11219 = VECTOR('',#11220,1.);
#11220 = DIRECTION('',(1.,-1.144237745222E-17,0.));
#11221 = ORIENTED_EDGE('',*,*,#11222,.T.);
#11222 = EDGE_CURVE('',#11215,#11223,#11225,.T.);
#11223 = VERTEX_POINT('',#11224);
#11224 = CARTESIAN_POINT('',(-2.6264581915,2.11,0.282635182233));
#11225 = CIRCLE('',#11226,0.1);
#11226 = AXIS2_PLACEMENT_3D('',#11227,#11228,#11229);
#11227 = CARTESIAN_POINT('',(-2.724938966801,2.11,0.3));
#11228 = DIRECTION('',(-1.144237745222E-17,-1.,-0.));
#11229 = DIRECTION('',(0.,0.,-1.));
#11230 = ORIENTED_EDGE('',*,*,#11231,.T.);
#11231 = EDGE_CURVE('',#11223,#11232,#11234,.T.);
#11232 = VERTEX_POINT('',#11233);
#11233 = CARTESIAN_POINT('',(-2.545442325904,2.11,0.7770944533));
#11234 = LINE('',#11235,#11236);
#11235 = CARTESIAN_POINT('',(-2.6264581915,2.11,0.282635182233));
#11236 = VECTOR('',#11237,1.);
#11237 = DIRECTION('',(0.161691392282,-1.85013394127E-18,0.986841372087)
  );
#11238 = ORIENTED_EDGE('',*,*,#11239,.T.);
#11239 = EDGE_CURVE('',#11232,#10039,#11240,.T.);
#11240 = CIRCLE('',#11241,0.3);
#11241 = AXIS2_PLACEMENT_3D('',#11242,#11243,#11244);
#11242 = CARTESIAN_POINT('',(-2.25,2.11,0.725));
#11243 = DIRECTION('',(1.144237745222E-17,1.,7.703719777549E-34));
#11244 = DIRECTION('',(-0.984807753012,1.126854202784E-17,0.173648177667
    ));
#11245 = ORIENTED_EDGE('',*,*,#10046,.T.);
#11246 = PLANE('',#11247);
#11247 = AXIS2_PLACEMENT_3D('',#11248,#11249,#11250);
#11248 = CARTESIAN_POINT('',(-2.42560961319,2.11,0.548953137803));
#11249 = DIRECTION('',(1.144237745222E-17,1.,0.));
#11250 = DIRECTION('',(0.,-0.,1.));
#11251 = ADVANCED_FACE('',(#11252),#11331,.F.);
#11252 = FACE_BOUND('',#11253,.F.);
#11253 = EDGE_LOOP('',(#11254,#11255,#11256,#11265,#11273,#11282,#11290,
    #11298,#11306,#11315,#11323,#11330));
#11254 = ORIENTED_EDGE('',*,*,#9705,.F.);
#11255 = ORIENTED_EDGE('',*,*,#9720,.T.);
#11256 = ORIENTED_EDGE('',*,*,#11257,.T.);
#11257 = EDGE_CURVE('',#9721,#11258,#11260,.T.);
#11258 = VERTEX_POINT('',#11259);
#11259 = CARTESIAN_POINT('',(2.348480775301,2.11,0.742364817767));
#11260 = CIRCLE('',#11261,0.1);
#11261 = AXIS2_PLACEMENT_3D('',#11262,#11263,#11264);
#11262 = CARTESIAN_POINT('',(2.25,2.11,0.725));
#11263 = DIRECTION('',(-1.110223024625E-16,1.,0.));
#11264 = DIRECTION('',(4.440892098501E-15,4.930380657631E-31,1.));
#11265 = ORIENTED_EDGE('',*,*,#11266,.T.);
#11266 = EDGE_CURVE('',#11258,#11267,#11269,.T.);
#11267 = VERTEX_POINT('',#11268);
#11268 = CARTESIAN_POINT('',(2.429496640897,2.11,0.2479055467));
#11269 = LINE('',#11270,#11271);
#11270 = CARTESIAN_POINT('',(2.348480775301,2.11,0.742364817767));
#11271 = VECTOR('',#11272,1.);
#11272 = DIRECTION('',(0.161691392282,1.795135065956E-17,-0.986841372087
    ));
#11273 = ORIENTED_EDGE('',*,*,#11274,.T.);
#11274 = EDGE_CURVE('',#11267,#11275,#11277,.T.);
#11275 = VERTEX_POINT('',#11276);
#11276 = CARTESIAN_POINT('',(2.724938966801,2.11,-1.665334536938E-16));
#11277 = CIRCLE('',#11278,0.3);
#11278 = AXIS2_PLACEMENT_3D('',#11279,#11280,#11281);
#11279 = CARTESIAN_POINT('',(2.724938966801,2.11,0.3));
#11280 = DIRECTION('',(1.110223024625E-16,-1.,0.));
#11281 = DIRECTION('',(-0.984807753012,-1.093356242223E-16,
    -0.173648177667));
#11282 = ORIENTED_EDGE('',*,*,#11283,.T.);
#11283 = EDGE_CURVE('',#11275,#11284,#11286,.T.);
#11284 = VERTEX_POINT('',#11285);
#11285 = CARTESIAN_POINT('',(3.,2.11,-1.665334536938E-16));
#11286 = LINE('',#11287,#11288);
#11287 = CARTESIAN_POINT('',(2.724938966801,2.11,-1.665334536938E-16));
#11288 = VECTOR('',#11289,1.);
#11289 = DIRECTION('',(1.,1.110223024625E-16,0.));
#11290 = ORIENTED_EDGE('',*,*,#11291,.T.);
#11291 = EDGE_CURVE('',#11284,#11292,#11294,.T.);
#11292 = VERTEX_POINT('',#11293);
#11293 = CARTESIAN_POINT('',(3.,2.11,0.2));
#11294 = LINE('',#11295,#11296);
#11295 = CARTESIAN_POINT('',(3.,2.11,-1.665334536938E-16));
#11296 = VECTOR('',#11297,1.);
#11297 = DIRECTION('',(0.,0.,1.));
#11298 = ORIENTED_EDGE('',*,*,#11299,.T.);
#11299 = EDGE_CURVE('',#11292,#11300,#11302,.T.);
#11300 = VERTEX_POINT('',#11301);
#11301 = CARTESIAN_POINT('',(2.724938966801,2.11,0.2));
#11302 = LINE('',#11303,#11304);
#11303 = CARTESIAN_POINT('',(3.,2.11,0.2));
#11304 = VECTOR('',#11305,1.);
#11305 = DIRECTION('',(-1.,-1.110223024625E-16,0.));
#11306 = ORIENTED_EDGE('',*,*,#11307,.T.);
#11307 = EDGE_CURVE('',#11300,#11308,#11310,.T.);
#11308 = VERTEX_POINT('',#11309);
#11309 = CARTESIAN_POINT('',(2.6264581915,2.11,0.282635182233));
#11310 = CIRCLE('',#11311,0.1);
#11311 = AXIS2_PLACEMENT_3D('',#11312,#11313,#11314);
#11312 = CARTESIAN_POINT('',(2.724938966801,2.11,0.3));
#11313 = DIRECTION('',(-1.110223024625E-16,1.,0.));
#11314 = DIRECTION('',(0.,0.,-1.));
#11315 = ORIENTED_EDGE('',*,*,#11316,.T.);
#11316 = EDGE_CURVE('',#11308,#11317,#11319,.T.);
#11317 = VERTEX_POINT('',#11318);
#11318 = CARTESIAN_POINT('',(2.545442325904,2.11,0.7770944533));
#11319 = LINE('',#11320,#11321);
#11320 = CARTESIAN_POINT('',(2.6264581915,2.11,0.282635182233));
#11321 = VECTOR('',#11322,1.);
#11322 = DIRECTION('',(-0.161691392282,-1.795135065956E-17,
    0.986841372087));
#11323 = ORIENTED_EDGE('',*,*,#11324,.T.);
#11324 = EDGE_CURVE('',#11317,#10318,#11325,.T.);
#11325 = CIRCLE('',#11326,0.3);
#11326 = AXIS2_PLACEMENT_3D('',#11327,#11328,#11329);
#11327 = CARTESIAN_POINT('',(2.25,2.11,0.725));
#11328 = DIRECTION('',(1.110223024625E-16,-1.,0.));
#11329 = DIRECTION('',(0.984807753012,1.093356242223E-16,0.173648177667)
  );
#11330 = ORIENTED_EDGE('',*,*,#10317,.T.);
#11331 = PLANE('',#11332);
#11332 = AXIS2_PLACEMENT_3D('',#11333,#11334,#11335);
#11333 = CARTESIAN_POINT('',(2.42560961319,2.11,0.548953137803));
#11334 = DIRECTION('',(1.110223024625E-16,-1.,0.));
#11335 = DIRECTION('',(0.,0.,1.));
#11336 = ADVANCED_FACE('',(#11337),#11356,.F.);
#11337 = FACE_BOUND('',#11338,.F.);
#11338 = EDGE_LOOP('',(#11339,#11340,#11349,#11355));
#11339 = ORIENTED_EDGE('',*,*,#9737,.T.);
#11340 = ORIENTED_EDGE('',*,*,#11341,.T.);
#11341 = EDGE_CURVE('',#9730,#11342,#11344,.T.);
#11342 = VERTEX_POINT('',#11343);
#11343 = CARTESIAN_POINT('',(2.348480775301,1.7,0.742364817767));
#11344 = CIRCLE('',#11345,0.1);
#11345 = AXIS2_PLACEMENT_3D('',#11346,#11347,#11348);
#11346 = CARTESIAN_POINT('',(2.25,1.7,0.725));
#11347 = DIRECTION('',(-1.110223024625E-16,1.,0.));
#11348 = DIRECTION('',(4.440892098501E-15,4.930380657631E-31,1.));
#11349 = ORIENTED_EDGE('',*,*,#11350,.F.);
#11350 = EDGE_CURVE('',#11258,#11342,#11351,.T.);
#11351 = LINE('',#11352,#11353);
#11352 = CARTESIAN_POINT('',(2.348480775301,2.11,0.742364817767));
#11353 = VECTOR('',#11354,1.);
#11354 = DIRECTION('',(1.110223024625E-16,-1.,0.));
#11355 = ORIENTED_EDGE('',*,*,#11257,.F.);
#11356 = CYLINDRICAL_SURFACE('',#11357,0.1);
#11357 = AXIS2_PLACEMENT_3D('',#11358,#11359,#11360);
#11358 = CARTESIAN_POINT('',(2.25,2.11,0.725));
#11359 = DIRECTION('',(-1.110223024625E-16,1.,0.));
#11360 = DIRECTION('',(4.440892098501E-15,4.930380657631E-31,1.));
#11361 = ADVANCED_FACE('',(#11362),#11433,.T.);
#11362 = FACE_BOUND('',#11363,.T.);
#11363 = EDGE_LOOP('',(#11364,#11365,#11366,#11367,#11375,#11384,#11392,
    #11400,#11408,#11417,#11425,#11432));
#11364 = ORIENTED_EDGE('',*,*,#9751,.F.);
#11365 = ORIENTED_EDGE('',*,*,#9729,.T.);
#11366 = ORIENTED_EDGE('',*,*,#11341,.T.);
#11367 = ORIENTED_EDGE('',*,*,#11368,.T.);
#11368 = EDGE_CURVE('',#11342,#11369,#11371,.T.);
#11369 = VERTEX_POINT('',#11370);
#11370 = CARTESIAN_POINT('',(2.429496640897,1.7,0.2479055467));
#11371 = LINE('',#11372,#11373);
#11372 = CARTESIAN_POINT('',(2.348480775301,1.7,0.742364817767));
#11373 = VECTOR('',#11374,1.);
#11374 = DIRECTION('',(0.161691392282,1.795135065956E-17,-0.986841372087
    ));
#11375 = ORIENTED_EDGE('',*,*,#11376,.T.);
#11376 = EDGE_CURVE('',#11369,#11377,#11379,.T.);
#11377 = VERTEX_POINT('',#11378);
#11378 = CARTESIAN_POINT('',(2.724938966801,1.7,-1.665334536938E-16));
#11379 = CIRCLE('',#11380,0.3);
#11380 = AXIS2_PLACEMENT_3D('',#11381,#11382,#11383);
#11381 = CARTESIAN_POINT('',(2.724938966801,1.7,0.3));
#11382 = DIRECTION('',(1.110223024625E-16,-1.,0.));
#11383 = DIRECTION('',(-0.984807753012,-1.093356242223E-16,
    -0.173648177667));
#11384 = ORIENTED_EDGE('',*,*,#11385,.T.);
#11385 = EDGE_CURVE('',#11377,#11386,#11388,.T.);
#11386 = VERTEX_POINT('',#11387);
#11387 = CARTESIAN_POINT('',(3.,1.7,-1.665334536938E-16));
#11388 = LINE('',#11389,#11390);
#11389 = CARTESIAN_POINT('',(2.724938966801,1.7,-1.665334536938E-16));
#11390 = VECTOR('',#11391,1.);
#11391 = DIRECTION('',(1.,1.110223024625E-16,0.));
#11392 = ORIENTED_EDGE('',*,*,#11393,.T.);
#11393 = EDGE_CURVE('',#11386,#11394,#11396,.T.);
#11394 = VERTEX_POINT('',#11395);
#11395 = CARTESIAN_POINT('',(3.,1.7,0.2));
#11396 = LINE('',#11397,#11398);
#11397 = CARTESIAN_POINT('',(3.,1.7,-1.665334536938E-16));
#11398 = VECTOR('',#11399,1.);
#11399 = DIRECTION('',(0.,0.,1.));
#11400 = ORIENTED_EDGE('',*,*,#11401,.T.);
#11401 = EDGE_CURVE('',#11394,#11402,#11404,.T.);
#11402 = VERTEX_POINT('',#11403);
#11403 = CARTESIAN_POINT('',(2.724938966801,1.7,0.2));
#11404 = LINE('',#11405,#11406);
#11405 = CARTESIAN_POINT('',(3.,1.7,0.2));
#11406 = VECTOR('',#11407,1.);
#11407 = DIRECTION('',(-1.,-1.110223024625E-16,0.));
#11408 = ORIENTED_EDGE('',*,*,#11409,.T.);
#11409 = EDGE_CURVE('',#11402,#11410,#11412,.T.);
#11410 = VERTEX_POINT('',#11411);
#11411 = CARTESIAN_POINT('',(2.6264581915,1.7,0.282635182233));
#11412 = CIRCLE('',#11413,0.1);
#11413 = AXIS2_PLACEMENT_3D('',#11414,#11415,#11416);
#11414 = CARTESIAN_POINT('',(2.724938966801,1.7,0.3));
#11415 = DIRECTION('',(-1.110223024625E-16,1.,0.));
#11416 = DIRECTION('',(0.,0.,-1.));
#11417 = ORIENTED_EDGE('',*,*,#11418,.T.);
#11418 = EDGE_CURVE('',#11410,#11419,#11421,.T.);
#11419 = VERTEX_POINT('',#11420);
#11420 = CARTESIAN_POINT('',(2.545442325904,1.7,0.7770944533));
#11421 = LINE('',#11422,#11423);
#11422 = CARTESIAN_POINT('',(2.6264581915,1.7,0.282635182233));
#11423 = VECTOR('',#11424,1.);
#11424 = DIRECTION('',(-0.161691392282,-1.795135065956E-17,
    0.986841372087));
#11425 = ORIENTED_EDGE('',*,*,#11426,.T.);
#11426 = EDGE_CURVE('',#11419,#10326,#11427,.T.);
#11427 = CIRCLE('',#11428,0.3);
#11428 = AXIS2_PLACEMENT_3D('',#11429,#11430,#11431);
#11429 = CARTESIAN_POINT('',(2.25,1.7,0.725));
#11430 = DIRECTION('',(1.110223024625E-16,-1.,0.));
#11431 = DIRECTION('',(0.984807753012,1.093356242223E-16,0.173648177667)
  );
#11432 = ORIENTED_EDGE('',*,*,#10333,.T.);
#11433 = PLANE('',#11434);
#11434 = AXIS2_PLACEMENT_3D('',#11435,#11436,#11437);
#11435 = CARTESIAN_POINT('',(2.42560961319,1.7,0.548953137803));
#11436 = DIRECTION('',(1.110223024625E-16,-1.,0.));
#11437 = DIRECTION('',(0.,0.,1.));
#11438 = ADVANCED_FACE('',(#11439),#11450,.F.);
#11439 = FACE_BOUND('',#11440,.F.);
#11440 = EDGE_LOOP('',(#11441,#11442,#11443,#11449));
#11441 = ORIENTED_EDGE('',*,*,#10339,.F.);
#11442 = ORIENTED_EDGE('',*,*,#9768,.T.);
#11443 = ORIENTED_EDGE('',*,*,#11444,.T.);
#11444 = EDGE_CURVE('',#9761,#10240,#11445,.T.);
#11445 = LINE('',#11446,#11447);
#11446 = CARTESIAN_POINT('',(2.25,0.84,1.025));
#11447 = VECTOR('',#11448,1.);
#11448 = DIRECTION('',(-1.,-1.110223024625E-16,0.));
#11449 = ORIENTED_EDGE('',*,*,#10239,.F.);
#11450 = PLANE('',#11451);
#11451 = AXIS2_PLACEMENT_3D('',#11452,#11453,#11454);
#11452 = CARTESIAN_POINT('',(-3.027078129022E-16,2.4125,1.025));
#11453 = DIRECTION('',(2.007919022429E-31,-7.713306628828E-27,-1.));
#11454 = DIRECTION('',(1.,1.112083013911E-16,2.00791902242E-31));
#11455 = ADVANCED_FACE('',(#11456),#11542,.F.);
#11456 = FACE_BOUND('',#11457,.F.);
#11457 = EDGE_LOOP('',(#11458,#11459,#11460,#11469,#11477,#11486,#11494,
    #11502,#11510,#11519,#11527,#11536));
#11458 = ORIENTED_EDGE('',*,*,#9760,.F.);
#11459 = ORIENTED_EDGE('',*,*,#9782,.T.);
#11460 = ORIENTED_EDGE('',*,*,#11461,.T.);
#11461 = EDGE_CURVE('',#9783,#11462,#11464,.T.);
#11462 = VERTEX_POINT('',#11463);
#11463 = CARTESIAN_POINT('',(2.348480775301,0.84,0.742364817767));
#11464 = CIRCLE('',#11465,0.1);
#11465 = AXIS2_PLACEMENT_3D('',#11466,#11467,#11468);
#11466 = CARTESIAN_POINT('',(2.25,0.84,0.725));
#11467 = DIRECTION('',(-1.110223024625E-16,1.,0.));
#11468 = DIRECTION('',(4.440892098501E-15,4.930380657631E-31,1.));
#11469 = ORIENTED_EDGE('',*,*,#11470,.T.);
#11470 = EDGE_CURVE('',#11462,#11471,#11473,.T.);
#11471 = VERTEX_POINT('',#11472);
#11472 = CARTESIAN_POINT('',(2.429496640897,0.84,0.2479055467));
#11473 = LINE('',#11474,#11475);
#11474 = CARTESIAN_POINT('',(2.348480775301,0.84,0.742364817767));
#11475 = VECTOR('',#11476,1.);
#11476 = DIRECTION('',(0.161691392282,1.795135065956E-17,-0.986841372087
    ));
#11477 = ORIENTED_EDGE('',*,*,#11478,.T.);
#11478 = EDGE_CURVE('',#11471,#11479,#11481,.T.);
#11479 = VERTEX_POINT('',#11480);
#11480 = CARTESIAN_POINT('',(2.724938966801,0.84,-1.665334536938E-16));
#11481 = CIRCLE('',#11482,0.3);
#11482 = AXIS2_PLACEMENT_3D('',#11483,#11484,#11485);
#11483 = CARTESIAN_POINT('',(2.724938966801,0.84,0.3));
#11484 = DIRECTION('',(1.110223024625E-16,-1.,0.));
#11485 = DIRECTION('',(-0.984807753012,-1.093356242223E-16,
    -0.173648177667));
#11486 = ORIENTED_EDGE('',*,*,#11487,.T.);
#11487 = EDGE_CURVE('',#11479,#11488,#11490,.T.);
#11488 = VERTEX_POINT('',#11489);
#11489 = CARTESIAN_POINT('',(3.,0.84,-1.665334536938E-16));
#11490 = LINE('',#11491,#11492);
#11491 = CARTESIAN_POINT('',(2.724938966801,0.84,-1.665334536938E-16));
#11492 = VECTOR('',#11493,1.);
#11493 = DIRECTION('',(1.,1.110223024625E-16,0.));
#11494 = ORIENTED_EDGE('',*,*,#11495,.T.);
#11495 = EDGE_CURVE('',#11488,#11496,#11498,.T.);
#11496 = VERTEX_POINT('',#11497);
#11497 = CARTESIAN_POINT('',(3.,0.84,0.2));
#11498 = LINE('',#11499,#11500);
#11499 = CARTESIAN_POINT('',(3.,0.84,-1.665334536938E-16));
#11500 = VECTOR('',#11501,1.);
#11501 = DIRECTION('',(0.,0.,1.));
#11502 = ORIENTED_EDGE('',*,*,#11503,.T.);
#11503 = EDGE_CURVE('',#11496,#11504,#11506,.T.);
#11504 = VERTEX_POINT('',#11505);
#11505 = CARTESIAN_POINT('',(2.724938966801,0.84,0.2));
#11506 = LINE('',#11507,#11508);
#11507 = CARTESIAN_POINT('',(3.,0.84,0.2));
#11508 = VECTOR('',#11509,1.);
#11509 = DIRECTION('',(-1.,-1.110223024625E-16,0.));
#11510 = ORIENTED_EDGE('',*,*,#11511,.T.);
#11511 = EDGE_CURVE('',#11504,#11512,#11514,.T.);
#11512 = VERTEX_POINT('',#11513);
#11513 = CARTESIAN_POINT('',(2.6264581915,0.84,0.282635182233));
#11514 = CIRCLE('',#11515,0.1);
#11515 = AXIS2_PLACEMENT_3D('',#11516,#11517,#11518);
#11516 = CARTESIAN_POINT('',(2.724938966801,0.84,0.3));
#11517 = DIRECTION('',(-1.110223024625E-16,1.,0.));
#11518 = DIRECTION('',(0.,0.,-1.));
#11519 = ORIENTED_EDGE('',*,*,#11520,.T.);
#11520 = EDGE_CURVE('',#11512,#11521,#11523,.T.);
#11521 = VERTEX_POINT('',#11522);
#11522 = CARTESIAN_POINT('',(2.545442325904,0.84,0.7770944533));
#11523 = LINE('',#11524,#11525);
#11524 = CARTESIAN_POINT('',(2.6264581915,0.84,0.282635182233));
#11525 = VECTOR('',#11526,1.);
#11526 = DIRECTION('',(-0.161691392282,-1.795135065956E-17,
    0.986841372087));
#11527 = ORIENTED_EDGE('',*,*,#11528,.T.);
#11528 = EDGE_CURVE('',#11521,#11529,#11531,.T.);
#11529 = VERTEX_POINT('',#11530);
#11530 = CARTESIAN_POINT('',(2.25,0.84,1.025));
#11531 = CIRCLE('',#11532,0.3);
#11532 = AXIS2_PLACEMENT_3D('',#11533,#11534,#11535);
#11533 = CARTESIAN_POINT('',(2.25,0.84,0.725));
#11534 = DIRECTION('',(1.110223024625E-16,-1.,0.));
#11535 = DIRECTION('',(0.984807753012,1.093356242223E-16,0.173648177667)
  );
#11536 = ORIENTED_EDGE('',*,*,#11537,.T.);
#11537 = EDGE_CURVE('',#11529,#9761,#11538,.T.);
#11538 = LINE('',#11539,#11540);
#11539 = CARTESIAN_POINT('',(2.25,0.84,1.025));
#11540 = VECTOR('',#11541,1.);
#11541 = DIRECTION('',(-1.,-1.110223024625E-16,0.));
#11542 = PLANE('',#11543);
#11543 = AXIS2_PLACEMENT_3D('',#11544,#11545,#11546);
#11544 = CARTESIAN_POINT('',(2.42560961319,0.84,0.548953137803));
#11545 = DIRECTION('',(1.110223024625E-16,-1.,0.));
#11546 = DIRECTION('',(0.,0.,1.));
#11547 = ADVANCED_FACE('',(#11548),#11567,.F.);
#11548 = FACE_BOUND('',#11549,.F.);
#11549 = EDGE_LOOP('',(#11550,#11551,#11560,#11566));
#11550 = ORIENTED_EDGE('',*,*,#9799,.T.);
#11551 = ORIENTED_EDGE('',*,*,#11552,.T.);
#11552 = EDGE_CURVE('',#9792,#11553,#11555,.T.);
#11553 = VERTEX_POINT('',#11554);
#11554 = CARTESIAN_POINT('',(2.348480775301,0.43,0.742364817767));
#11555 = CIRCLE('',#11556,0.1);
#11556 = AXIS2_PLACEMENT_3D('',#11557,#11558,#11559);
#11557 = CARTESIAN_POINT('',(2.25,0.43,0.725));
#11558 = DIRECTION('',(-1.110223024625E-16,1.,0.));
#11559 = DIRECTION('',(4.440892098501E-15,4.930380657631E-31,1.));
#11560 = ORIENTED_EDGE('',*,*,#11561,.F.);
#11561 = EDGE_CURVE('',#11462,#11553,#11562,.T.);
#11562 = LINE('',#11563,#11564);
#11563 = CARTESIAN_POINT('',(2.348480775301,0.84,0.742364817767));
#11564 = VECTOR('',#11565,1.);
#11565 = DIRECTION('',(1.110223024625E-16,-1.,0.));
#11566 = ORIENTED_EDGE('',*,*,#11461,.F.);
#11567 = CYLINDRICAL_SURFACE('',#11568,0.1);
#11568 = AXIS2_PLACEMENT_3D('',#11569,#11570,#11571);
#11569 = CARTESIAN_POINT('',(2.25,0.84,0.725));
#11570 = DIRECTION('',(-1.110223024625E-16,1.,0.));
#11571 = DIRECTION('',(4.440892098501E-15,4.930380657631E-31,1.));
#11572 = ADVANCED_FACE('',(#11573),#11651,.T.);
#11573 = FACE_BOUND('',#11574,.T.);
#11574 = EDGE_LOOP('',(#11575,#11576,#11577,#11578,#11586,#11595,#11603,
    #11611,#11619,#11628,#11636,#11645));
#11575 = ORIENTED_EDGE('',*,*,#9813,.F.);
#11576 = ORIENTED_EDGE('',*,*,#9791,.T.);
#11577 = ORIENTED_EDGE('',*,*,#11552,.T.);
#11578 = ORIENTED_EDGE('',*,*,#11579,.T.);
#11579 = EDGE_CURVE('',#11553,#11580,#11582,.T.);
#11580 = VERTEX_POINT('',#11581);
#11581 = CARTESIAN_POINT('',(2.429496640897,0.43,0.2479055467));
#11582 = LINE('',#11583,#11584);
#11583 = CARTESIAN_POINT('',(2.348480775301,0.43,0.742364817767));
#11584 = VECTOR('',#11585,1.);
#11585 = DIRECTION('',(0.161691392282,1.795135065956E-17,-0.986841372087
    ));
#11586 = ORIENTED_EDGE('',*,*,#11587,.T.);
#11587 = EDGE_CURVE('',#11580,#11588,#11590,.T.);
#11588 = VERTEX_POINT('',#11589);
#11589 = CARTESIAN_POINT('',(2.724938966801,0.43,-1.665334536938E-16));
#11590 = CIRCLE('',#11591,0.3);
#11591 = AXIS2_PLACEMENT_3D('',#11592,#11593,#11594);
#11592 = CARTESIAN_POINT('',(2.724938966801,0.43,0.3));
#11593 = DIRECTION('',(1.110223024625E-16,-1.,0.));
#11594 = DIRECTION('',(-0.984807753012,-1.093356242223E-16,
    -0.173648177667));
#11595 = ORIENTED_EDGE('',*,*,#11596,.T.);
#11596 = EDGE_CURVE('',#11588,#11597,#11599,.T.);
#11597 = VERTEX_POINT('',#11598);
#11598 = CARTESIAN_POINT('',(3.,0.43,-1.665334536938E-16));
#11599 = LINE('',#11600,#11601);
#11600 = CARTESIAN_POINT('',(2.724938966801,0.43,-1.665334536938E-16));
#11601 = VECTOR('',#11602,1.);
#11602 = DIRECTION('',(1.,1.110223024625E-16,0.));
#11603 = ORIENTED_EDGE('',*,*,#11604,.T.);
#11604 = EDGE_CURVE('',#11597,#11605,#11607,.T.);
#11605 = VERTEX_POINT('',#11606);
#11606 = CARTESIAN_POINT('',(3.,0.43,0.2));
#11607 = LINE('',#11608,#11609);
#11608 = CARTESIAN_POINT('',(3.,0.43,-1.665334536938E-16));
#11609 = VECTOR('',#11610,1.);
#11610 = DIRECTION('',(0.,0.,1.));
#11611 = ORIENTED_EDGE('',*,*,#11612,.T.);
#11612 = EDGE_CURVE('',#11605,#11613,#11615,.T.);
#11613 = VERTEX_POINT('',#11614);
#11614 = CARTESIAN_POINT('',(2.724938966801,0.43,0.2));
#11615 = LINE('',#11616,#11617);
#11616 = CARTESIAN_POINT('',(3.,0.43,0.2));
#11617 = VECTOR('',#11618,1.);
#11618 = DIRECTION('',(-1.,-1.110223024625E-16,0.));
#11619 = ORIENTED_EDGE('',*,*,#11620,.T.);
#11620 = EDGE_CURVE('',#11613,#11621,#11623,.T.);
#11621 = VERTEX_POINT('',#11622);
#11622 = CARTESIAN_POINT('',(2.6264581915,0.43,0.282635182233));
#11623 = CIRCLE('',#11624,0.1);
#11624 = AXIS2_PLACEMENT_3D('',#11625,#11626,#11627);
#11625 = CARTESIAN_POINT('',(2.724938966801,0.43,0.3));
#11626 = DIRECTION('',(-1.110223024625E-16,1.,0.));
#11627 = DIRECTION('',(0.,0.,-1.));
#11628 = ORIENTED_EDGE('',*,*,#11629,.T.);
#11629 = EDGE_CURVE('',#11621,#11630,#11632,.T.);
#11630 = VERTEX_POINT('',#11631);
#11631 = CARTESIAN_POINT('',(2.545442325904,0.43,0.7770944533));
#11632 = LINE('',#11633,#11634);
#11633 = CARTESIAN_POINT('',(2.6264581915,0.43,0.282635182233));
#11634 = VECTOR('',#11635,1.);
#11635 = DIRECTION('',(-0.161691392282,-1.795135065956E-17,
    0.986841372087));
#11636 = ORIENTED_EDGE('',*,*,#11637,.T.);
#11637 = EDGE_CURVE('',#11630,#11638,#11640,.T.);
#11638 = VERTEX_POINT('',#11639);
#11639 = CARTESIAN_POINT('',(2.25,0.43,1.025));
#11640 = CIRCLE('',#11641,0.3);
#11641 = AXIS2_PLACEMENT_3D('',#11642,#11643,#11644);
#11642 = CARTESIAN_POINT('',(2.25,0.43,0.725));
#11643 = DIRECTION('',(1.110223024625E-16,-1.,0.));
#11644 = DIRECTION('',(0.984807753012,1.093356242223E-16,0.173648177667)
  );
#11645 = ORIENTED_EDGE('',*,*,#11646,.T.);
#11646 = EDGE_CURVE('',#11638,#9814,#11647,.T.);
#11647 = LINE('',#11648,#11649);
#11648 = CARTESIAN_POINT('',(2.25,0.43,1.025));
#11649 = VECTOR('',#11650,1.);
#11650 = DIRECTION('',(-1.,-1.110223024625E-16,0.));
#11651 = PLANE('',#11652);
#11652 = AXIS2_PLACEMENT_3D('',#11653,#11654,#11655);
#11653 = CARTESIAN_POINT('',(2.42560961319,0.43,0.548953137803));
#11654 = DIRECTION('',(1.110223024625E-16,-1.,0.));
#11655 = DIRECTION('',(0.,0.,1.));
#11656 = ADVANCED_FACE('',(#11657),#11673,.F.);
#11657 = FACE_BOUND('',#11658,.F.);
#11658 = EDGE_LOOP('',(#11659,#11665,#11666,#11672));
#11659 = ORIENTED_EDGE('',*,*,#11660,.F.);
#11660 = EDGE_CURVE('',#9814,#10248,#11661,.T.);
#11661 = LINE('',#11662,#11663);
#11662 = CARTESIAN_POINT('',(2.25,0.43,1.025));
#11663 = VECTOR('',#11664,1.);
#11664 = DIRECTION('',(-1.,-1.110223024625E-16,0.));
#11665 = ORIENTED_EDGE('',*,*,#9830,.T.);
#11666 = ORIENTED_EDGE('',*,*,#11667,.T.);
#11667 = EDGE_CURVE('',#9823,#10256,#11668,.T.);
#11668 = LINE('',#11669,#11670);
#11669 = CARTESIAN_POINT('',(2.25,-0.43,1.025));
#11670 = VECTOR('',#11671,1.);
#11671 = DIRECTION('',(-1.,-1.110223024625E-16,0.));
#11672 = ORIENTED_EDGE('',*,*,#10255,.F.);
#11673 = PLANE('',#11674);
#11674 = AXIS2_PLACEMENT_3D('',#11675,#11676,#11677);
#11675 = CARTESIAN_POINT('',(-3.027078129022E-16,2.4125,1.025));
#11676 = DIRECTION('',(2.007919022429E-31,-7.713306628828E-27,-1.));
#11677 = DIRECTION('',(1.,1.112083013911E-16,2.00791902242E-31));
#11678 = ADVANCED_FACE('',(#11679),#11765,.F.);
#11679 = FACE_BOUND('',#11680,.F.);
#11680 = EDGE_LOOP('',(#11681,#11682,#11683,#11692,#11700,#11709,#11717,
    #11725,#11733,#11742,#11750,#11759));
#11681 = ORIENTED_EDGE('',*,*,#9822,.F.);
#11682 = ORIENTED_EDGE('',*,*,#9844,.T.);
#11683 = ORIENTED_EDGE('',*,*,#11684,.T.);
#11684 = EDGE_CURVE('',#9845,#11685,#11687,.T.);
#11685 = VERTEX_POINT('',#11686);
#11686 = CARTESIAN_POINT('',(2.348480775301,-0.43,0.742364817767));
#11687 = CIRCLE('',#11688,0.1);
#11688 = AXIS2_PLACEMENT_3D('',#11689,#11690,#11691);
#11689 = CARTESIAN_POINT('',(2.25,-0.43,0.725));
#11690 = DIRECTION('',(-1.110223024625E-16,1.,0.));
#11691 = DIRECTION('',(4.440892098501E-15,4.930380657631E-31,1.));
#11692 = ORIENTED_EDGE('',*,*,#11693,.T.);
#11693 = EDGE_CURVE('',#11685,#11694,#11696,.T.);
#11694 = VERTEX_POINT('',#11695);
#11695 = CARTESIAN_POINT('',(2.429496640897,-0.43,0.2479055467));
#11696 = LINE('',#11697,#11698);
#11697 = CARTESIAN_POINT('',(2.348480775301,-0.43,0.742364817767));
#11698 = VECTOR('',#11699,1.);
#11699 = DIRECTION('',(0.161691392282,1.795135065956E-17,-0.986841372087
    ));
#11700 = ORIENTED_EDGE('',*,*,#11701,.T.);
#11701 = EDGE_CURVE('',#11694,#11702,#11704,.T.);
#11702 = VERTEX_POINT('',#11703);
#11703 = CARTESIAN_POINT('',(2.724938966801,-0.43,-1.665334536938E-16));
#11704 = CIRCLE('',#11705,0.3);
#11705 = AXIS2_PLACEMENT_3D('',#11706,#11707,#11708);
#11706 = CARTESIAN_POINT('',(2.724938966801,-0.43,0.3));
#11707 = DIRECTION('',(1.110223024625E-16,-1.,0.));
#11708 = DIRECTION('',(-0.984807753012,-1.093356242223E-16,
    -0.173648177667));
#11709 = ORIENTED_EDGE('',*,*,#11710,.T.);
#11710 = EDGE_CURVE('',#11702,#11711,#11713,.T.);
#11711 = VERTEX_POINT('',#11712);
#11712 = CARTESIAN_POINT('',(3.,-0.43,-1.665334536938E-16));
#11713 = LINE('',#11714,#11715);
#11714 = CARTESIAN_POINT('',(2.724938966801,-0.43,-1.665334536938E-16));
#11715 = VECTOR('',#11716,1.);
#11716 = DIRECTION('',(1.,1.110223024625E-16,0.));
#11717 = ORIENTED_EDGE('',*,*,#11718,.T.);
#11718 = EDGE_CURVE('',#11711,#11719,#11721,.T.);
#11719 = VERTEX_POINT('',#11720);
#11720 = CARTESIAN_POINT('',(3.,-0.43,0.2));
#11721 = LINE('',#11722,#11723);
#11722 = CARTESIAN_POINT('',(3.,-0.43,-1.665334536938E-16));
#11723 = VECTOR('',#11724,1.);
#11724 = DIRECTION('',(0.,0.,1.));
#11725 = ORIENTED_EDGE('',*,*,#11726,.T.);
#11726 = EDGE_CURVE('',#11719,#11727,#11729,.T.);
#11727 = VERTEX_POINT('',#11728);
#11728 = CARTESIAN_POINT('',(2.724938966801,-0.43,0.2));
#11729 = LINE('',#11730,#11731);
#11730 = CARTESIAN_POINT('',(3.,-0.43,0.2));
#11731 = VECTOR('',#11732,1.);
#11732 = DIRECTION('',(-1.,-1.110223024625E-16,0.));
#11733 = ORIENTED_EDGE('',*,*,#11734,.T.);
#11734 = EDGE_CURVE('',#11727,#11735,#11737,.T.);
#11735 = VERTEX_POINT('',#11736);
#11736 = CARTESIAN_POINT('',(2.6264581915,-0.43,0.282635182233));
#11737 = CIRCLE('',#11738,0.1);
#11738 = AXIS2_PLACEMENT_3D('',#11739,#11740,#11741);
#11739 = CARTESIAN_POINT('',(2.724938966801,-0.43,0.3));
#11740 = DIRECTION('',(-1.110223024625E-16,1.,0.));
#11741 = DIRECTION('',(0.,0.,-1.));
#11742 = ORIENTED_EDGE('',*,*,#11743,.T.);
#11743 = EDGE_CURVE('',#11735,#11744,#11746,.T.);
#11744 = VERTEX_POINT('',#11745);
#11745 = CARTESIAN_POINT('',(2.545442325904,-0.43,0.7770944533));
#11746 = LINE('',#11747,#11748);
#11747 = CARTESIAN_POINT('',(2.6264581915,-0.43,0.282635182233));
#11748 = VECTOR('',#11749,1.);
#11749 = DIRECTION('',(-0.161691392282,-1.795135065956E-17,
    0.986841372087));
#11750 = ORIENTED_EDGE('',*,*,#11751,.T.);
#11751 = EDGE_CURVE('',#11744,#11752,#11754,.T.);
#11752 = VERTEX_POINT('',#11753);
#11753 = CARTESIAN_POINT('',(2.25,-0.43,1.025));
#11754 = CIRCLE('',#11755,0.3);
#11755 = AXIS2_PLACEMENT_3D('',#11756,#11757,#11758);
#11756 = CARTESIAN_POINT('',(2.25,-0.43,0.725));
#11757 = DIRECTION('',(1.110223024625E-16,-1.,0.));
#11758 = DIRECTION('',(0.984807753012,1.093356242223E-16,0.173648177667)
  );
#11759 = ORIENTED_EDGE('',*,*,#11760,.T.);
#11760 = EDGE_CURVE('',#11752,#9823,#11761,.T.);
#11761 = LINE('',#11762,#11763);
#11762 = CARTESIAN_POINT('',(2.25,-0.43,1.025));
#11763 = VECTOR('',#11764,1.);
#11764 = DIRECTION('',(-1.,-1.110223024625E-16,0.));
#11765 = PLANE('',#11766);
#11766 = AXIS2_PLACEMENT_3D('',#11767,#11768,#11769);
#11767 = CARTESIAN_POINT('',(2.42560961319,-0.43,0.548953137803));
#11768 = DIRECTION('',(1.110223024625E-16,-1.,0.));
#11769 = DIRECTION('',(0.,0.,1.));
#11770 = ADVANCED_FACE('',(#11771),#11790,.F.);
#11771 = FACE_BOUND('',#11772,.F.);
#11772 = EDGE_LOOP('',(#11773,#11774,#11783,#11789));
#11773 = ORIENTED_EDGE('',*,*,#9861,.T.);
#11774 = ORIENTED_EDGE('',*,*,#11775,.T.);
#11775 = EDGE_CURVE('',#9854,#11776,#11778,.T.);
#11776 = VERTEX_POINT('',#11777);
#11777 = CARTESIAN_POINT('',(2.348480775301,-0.84,0.742364817767));
#11778 = CIRCLE('',#11779,0.1);
#11779 = AXIS2_PLACEMENT_3D('',#11780,#11781,#11782);
#11780 = CARTESIAN_POINT('',(2.25,-0.84,0.725));
#11781 = DIRECTION('',(-1.110223024625E-16,1.,0.));
#11782 = DIRECTION('',(4.440892098501E-15,4.930380657631E-31,1.));
#11783 = ORIENTED_EDGE('',*,*,#11784,.F.);
#11784 = EDGE_CURVE('',#11685,#11776,#11785,.T.);
#11785 = LINE('',#11786,#11787);
#11786 = CARTESIAN_POINT('',(2.348480775301,-0.43,0.742364817767));
#11787 = VECTOR('',#11788,1.);
#11788 = DIRECTION('',(1.110223024625E-16,-1.,0.));
#11789 = ORIENTED_EDGE('',*,*,#11684,.F.);
#11790 = CYLINDRICAL_SURFACE('',#11791,0.1);
#11791 = AXIS2_PLACEMENT_3D('',#11792,#11793,#11794);
#11792 = CARTESIAN_POINT('',(2.25,-0.43,0.725));
#11793 = DIRECTION('',(-1.110223024625E-16,1.,0.));
#11794 = DIRECTION('',(4.440892098501E-15,4.930380657631E-31,1.));
#11795 = ADVANCED_FACE('',(#11796),#11874,.T.);
#11796 = FACE_BOUND('',#11797,.T.);
#11797 = EDGE_LOOP('',(#11798,#11799,#11800,#11801,#11809,#11818,#11826,
    #11834,#11842,#11851,#11859,#11868));
#11798 = ORIENTED_EDGE('',*,*,#9875,.F.);
#11799 = ORIENTED_EDGE('',*,*,#9853,.T.);
#11800 = ORIENTED_EDGE('',*,*,#11775,.T.);
#11801 = ORIENTED_EDGE('',*,*,#11802,.T.);
#11802 = EDGE_CURVE('',#11776,#11803,#11805,.T.);
#11803 = VERTEX_POINT('',#11804);
#11804 = CARTESIAN_POINT('',(2.429496640897,-0.84,0.2479055467));
#11805 = LINE('',#11806,#11807);
#11806 = CARTESIAN_POINT('',(2.348480775301,-0.84,0.742364817767));
#11807 = VECTOR('',#11808,1.);
#11808 = DIRECTION('',(0.161691392282,1.795135065956E-17,-0.986841372087
    ));
#11809 = ORIENTED_EDGE('',*,*,#11810,.T.);
#11810 = EDGE_CURVE('',#11803,#11811,#11813,.T.);
#11811 = VERTEX_POINT('',#11812);
#11812 = CARTESIAN_POINT('',(2.724938966801,-0.84,-1.665334536938E-16));
#11813 = CIRCLE('',#11814,0.3);
#11814 = AXIS2_PLACEMENT_3D('',#11815,#11816,#11817);
#11815 = CARTESIAN_POINT('',(2.724938966801,-0.84,0.3));
#11816 = DIRECTION('',(1.110223024625E-16,-1.,0.));
#11817 = DIRECTION('',(-0.984807753012,-1.093356242223E-16,
    -0.173648177667));
#11818 = ORIENTED_EDGE('',*,*,#11819,.T.);
#11819 = EDGE_CURVE('',#11811,#11820,#11822,.T.);
#11820 = VERTEX_POINT('',#11821);
#11821 = CARTESIAN_POINT('',(3.,-0.84,-1.665334536938E-16));
#11822 = LINE('',#11823,#11824);
#11823 = CARTESIAN_POINT('',(2.724938966801,-0.84,-1.665334536938E-16));
#11824 = VECTOR('',#11825,1.);
#11825 = DIRECTION('',(1.,1.110223024625E-16,0.));
#11826 = ORIENTED_EDGE('',*,*,#11827,.T.);
#11827 = EDGE_CURVE('',#11820,#11828,#11830,.T.);
#11828 = VERTEX_POINT('',#11829);
#11829 = CARTESIAN_POINT('',(3.,-0.84,0.2));
#11830 = LINE('',#11831,#11832);
#11831 = CARTESIAN_POINT('',(3.,-0.84,-1.665334536938E-16));
#11832 = VECTOR('',#11833,1.);
#11833 = DIRECTION('',(0.,0.,1.));
#11834 = ORIENTED_EDGE('',*,*,#11835,.T.);
#11835 = EDGE_CURVE('',#11828,#11836,#11838,.T.);
#11836 = VERTEX_POINT('',#11837);
#11837 = CARTESIAN_POINT('',(2.724938966801,-0.84,0.2));
#11838 = LINE('',#11839,#11840);
#11839 = CARTESIAN_POINT('',(3.,-0.84,0.2));
#11840 = VECTOR('',#11841,1.);
#11841 = DIRECTION('',(-1.,-1.110223024625E-16,0.));
#11842 = ORIENTED_EDGE('',*,*,#11843,.T.);
#11843 = EDGE_CURVE('',#11836,#11844,#11846,.T.);
#11844 = VERTEX_POINT('',#11845);
#11845 = CARTESIAN_POINT('',(2.6264581915,-0.84,0.282635182233));
#11846 = CIRCLE('',#11847,0.1);
#11847 = AXIS2_PLACEMENT_3D('',#11848,#11849,#11850);
#11848 = CARTESIAN_POINT('',(2.724938966801,-0.84,0.3));
#11849 = DIRECTION('',(-1.110223024625E-16,1.,0.));
#11850 = DIRECTION('',(0.,0.,-1.));
#11851 = ORIENTED_EDGE('',*,*,#11852,.T.);
#11852 = EDGE_CURVE('',#11844,#11853,#11855,.T.);
#11853 = VERTEX_POINT('',#11854);
#11854 = CARTESIAN_POINT('',(2.545442325904,-0.84,0.7770944533));
#11855 = LINE('',#11856,#11857);
#11856 = CARTESIAN_POINT('',(2.6264581915,-0.84,0.282635182233));
#11857 = VECTOR('',#11858,1.);
#11858 = DIRECTION('',(-0.161691392282,-1.795135065956E-17,
    0.986841372087));
#11859 = ORIENTED_EDGE('',*,*,#11860,.T.);
#11860 = EDGE_CURVE('',#11853,#11861,#11863,.T.);
#11861 = VERTEX_POINT('',#11862);
#11862 = CARTESIAN_POINT('',(2.25,-0.84,1.025));
#11863 = CIRCLE('',#11864,0.3);
#11864 = AXIS2_PLACEMENT_3D('',#11865,#11866,#11867);
#11865 = CARTESIAN_POINT('',(2.25,-0.84,0.725));
#11866 = DIRECTION('',(1.110223024625E-16,-1.,0.));
#11867 = DIRECTION('',(0.984807753012,1.093356242223E-16,0.173648177667)
  );
#11868 = ORIENTED_EDGE('',*,*,#11869,.T.);
#11869 = EDGE_CURVE('',#11861,#9876,#11870,.T.);
#11870 = LINE('',#11871,#11872);
#11871 = CARTESIAN_POINT('',(2.25,-0.84,1.025));
#11872 = VECTOR('',#11873,1.);
#11873 = DIRECTION('',(-1.,-1.110223024625E-16,0.));
#11874 = PLANE('',#11875);
#11875 = AXIS2_PLACEMENT_3D('',#11876,#11877,#11878);
#11876 = CARTESIAN_POINT('',(2.42560961319,-0.84,0.548953137803));
#11877 = DIRECTION('',(1.110223024625E-16,-1.,0.));
#11878 = DIRECTION('',(0.,0.,1.));
#11879 = ADVANCED_FACE('',(#11880),#11896,.F.);
#11880 = FACE_BOUND('',#11881,.F.);
#11881 = EDGE_LOOP('',(#11882,#11888,#11889,#11895));
#11882 = ORIENTED_EDGE('',*,*,#11883,.F.);
#11883 = EDGE_CURVE('',#9876,#10264,#11884,.T.);
#11884 = LINE('',#11885,#11886);
#11885 = CARTESIAN_POINT('',(2.25,-0.84,1.025));
#11886 = VECTOR('',#11887,1.);
#11887 = DIRECTION('',(-1.,-1.110223024625E-16,0.));
#11888 = ORIENTED_EDGE('',*,*,#9892,.T.);
#11889 = ORIENTED_EDGE('',*,*,#11890,.T.);
#11890 = EDGE_CURVE('',#9885,#10272,#11891,.T.);
#11891 = LINE('',#11892,#11893);
#11892 = CARTESIAN_POINT('',(2.25,-1.7,1.025));
#11893 = VECTOR('',#11894,1.);
#11894 = DIRECTION('',(-1.,-1.110223024625E-16,0.));
#11895 = ORIENTED_EDGE('',*,*,#10271,.F.);
#11896 = PLANE('',#11897);
#11897 = AXIS2_PLACEMENT_3D('',#11898,#11899,#11900);
#11898 = CARTESIAN_POINT('',(-3.027078129022E-16,2.4125,1.025));
#11899 = DIRECTION('',(2.007919022429E-31,-7.713306628828E-27,-1.));
#11900 = DIRECTION('',(1.,1.112083013911E-16,2.00791902242E-31));
#11901 = ADVANCED_FACE('',(#11902),#11988,.F.);
#11902 = FACE_BOUND('',#11903,.F.);
#11903 = EDGE_LOOP('',(#11904,#11905,#11906,#11915,#11923,#11932,#11940,
    #11948,#11956,#11965,#11973,#11982));
#11904 = ORIENTED_EDGE('',*,*,#9884,.F.);
#11905 = ORIENTED_EDGE('',*,*,#9906,.T.);
#11906 = ORIENTED_EDGE('',*,*,#11907,.T.);
#11907 = EDGE_CURVE('',#9907,#11908,#11910,.T.);
#11908 = VERTEX_POINT('',#11909);
#11909 = CARTESIAN_POINT('',(2.348480775301,-1.7,0.742364817767));
#11910 = CIRCLE('',#11911,0.1);
#11911 = AXIS2_PLACEMENT_3D('',#11912,#11913,#11914);
#11912 = CARTESIAN_POINT('',(2.25,-1.7,0.725));
#11913 = DIRECTION('',(-1.110223024625E-16,1.,0.));
#11914 = DIRECTION('',(4.440892098501E-15,4.930380657631E-31,1.));
#11915 = ORIENTED_EDGE('',*,*,#11916,.T.);
#11916 = EDGE_CURVE('',#11908,#11917,#11919,.T.);
#11917 = VERTEX_POINT('',#11918);
#11918 = CARTESIAN_POINT('',(2.429496640897,-1.7,0.2479055467));
#11919 = LINE('',#11920,#11921);
#11920 = CARTESIAN_POINT('',(2.348480775301,-1.7,0.742364817767));
#11921 = VECTOR('',#11922,1.);
#11922 = DIRECTION('',(0.161691392282,1.795135065956E-17,-0.986841372087
    ));
#11923 = ORIENTED_EDGE('',*,*,#11924,.T.);
#11924 = EDGE_CURVE('',#11917,#11925,#11927,.T.);
#11925 = VERTEX_POINT('',#11926);
#11926 = CARTESIAN_POINT('',(2.724938966801,-1.7,-1.665334536938E-16));
#11927 = CIRCLE('',#11928,0.3);
#11928 = AXIS2_PLACEMENT_3D('',#11929,#11930,#11931);
#11929 = CARTESIAN_POINT('',(2.724938966801,-1.7,0.3));
#11930 = DIRECTION('',(1.110223024625E-16,-1.,0.));
#11931 = DIRECTION('',(-0.984807753012,-1.093356242223E-16,
    -0.173648177667));
#11932 = ORIENTED_EDGE('',*,*,#11933,.T.);
#11933 = EDGE_CURVE('',#11925,#11934,#11936,.T.);
#11934 = VERTEX_POINT('',#11935);
#11935 = CARTESIAN_POINT('',(3.,-1.7,-1.665334536938E-16));
#11936 = LINE('',#11937,#11938);
#11937 = CARTESIAN_POINT('',(2.724938966801,-1.7,-1.665334536938E-16));
#11938 = VECTOR('',#11939,1.);
#11939 = DIRECTION('',(1.,1.110223024625E-16,0.));
#11940 = ORIENTED_EDGE('',*,*,#11941,.T.);
#11941 = EDGE_CURVE('',#11934,#11942,#11944,.T.);
#11942 = VERTEX_POINT('',#11943);
#11943 = CARTESIAN_POINT('',(3.,-1.7,0.2));
#11944 = LINE('',#11945,#11946);
#11945 = CARTESIAN_POINT('',(3.,-1.7,-1.665334536938E-16));
#11946 = VECTOR('',#11947,1.);
#11947 = DIRECTION('',(0.,0.,1.));
#11948 = ORIENTED_EDGE('',*,*,#11949,.T.);
#11949 = EDGE_CURVE('',#11942,#11950,#11952,.T.);
#11950 = VERTEX_POINT('',#11951);
#11951 = CARTESIAN_POINT('',(2.724938966801,-1.7,0.2));
#11952 = LINE('',#11953,#11954);
#11953 = CARTESIAN_POINT('',(3.,-1.7,0.2));
#11954 = VECTOR('',#11955,1.);
#11955 = DIRECTION('',(-1.,-1.110223024625E-16,0.));
#11956 = ORIENTED_EDGE('',*,*,#11957,.T.);
#11957 = EDGE_CURVE('',#11950,#11958,#11960,.T.);
#11958 = VERTEX_POINT('',#11959);
#11959 = CARTESIAN_POINT('',(2.6264581915,-1.7,0.282635182233));
#11960 = CIRCLE('',#11961,0.1);
#11961 = AXIS2_PLACEMENT_3D('',#11962,#11963,#11964);
#11962 = CARTESIAN_POINT('',(2.724938966801,-1.7,0.3));
#11963 = DIRECTION('',(-1.110223024625E-16,1.,0.));
#11964 = DIRECTION('',(0.,0.,-1.));
#11965 = ORIENTED_EDGE('',*,*,#11966,.T.);
#11966 = EDGE_CURVE('',#11958,#11967,#11969,.T.);
#11967 = VERTEX_POINT('',#11968);
#11968 = CARTESIAN_POINT('',(2.545442325904,-1.7,0.7770944533));
#11969 = LINE('',#11970,#11971);
#11970 = CARTESIAN_POINT('',(2.6264581915,-1.7,0.282635182233));
#11971 = VECTOR('',#11972,1.);
#11972 = DIRECTION('',(-0.161691392282,-1.795135065956E-17,
    0.986841372087));
#11973 = ORIENTED_EDGE('',*,*,#11974,.T.);
#11974 = EDGE_CURVE('',#11967,#11975,#11977,.T.);
#11975 = VERTEX_POINT('',#11976);
#11976 = CARTESIAN_POINT('',(2.25,-1.7,1.025));
#11977 = CIRCLE('',#11978,0.3);
#11978 = AXIS2_PLACEMENT_3D('',#11979,#11980,#11981);
#11979 = CARTESIAN_POINT('',(2.25,-1.7,0.725));
#11980 = DIRECTION('',(1.110223024625E-16,-1.,0.));
#11981 = DIRECTION('',(0.984807753012,1.093356242223E-16,0.173648177667)
  );
#11982 = ORIENTED_EDGE('',*,*,#11983,.T.);
#11983 = EDGE_CURVE('',#11975,#9885,#11984,.T.);
#11984 = LINE('',#11985,#11986);
#11985 = CARTESIAN_POINT('',(2.25,-1.7,1.025));
#11986 = VECTOR('',#11987,1.);
#11987 = DIRECTION('',(-1.,-1.110223024625E-16,0.));
#11988 = PLANE('',#11989);
#11989 = AXIS2_PLACEMENT_3D('',#11990,#11991,#11992);
#11990 = CARTESIAN_POINT('',(2.42560961319,-1.7,0.548953137803));
#11991 = DIRECTION('',(1.110223024625E-16,-1.,0.));
#11992 = DIRECTION('',(0.,0.,1.));
#11993 = ADVANCED_FACE('',(#11994),#12013,.F.);
#11994 = FACE_BOUND('',#11995,.F.);
#11995 = EDGE_LOOP('',(#11996,#11997,#12006,#12012));
#11996 = ORIENTED_EDGE('',*,*,#9923,.T.);
#11997 = ORIENTED_EDGE('',*,*,#11998,.T.);
#11998 = EDGE_CURVE('',#9916,#11999,#12001,.T.);
#11999 = VERTEX_POINT('',#12000);
#12000 = CARTESIAN_POINT('',(2.348480775301,-2.11,0.742364817767));
#12001 = CIRCLE('',#12002,0.1);
#12002 = AXIS2_PLACEMENT_3D('',#12003,#12004,#12005);
#12003 = CARTESIAN_POINT('',(2.25,-2.11,0.725));
#12004 = DIRECTION('',(-1.110223024625E-16,1.,0.));
#12005 = DIRECTION('',(4.440892098501E-15,4.930380657631E-31,1.));
#12006 = ORIENTED_EDGE('',*,*,#12007,.F.);
#12007 = EDGE_CURVE('',#11908,#11999,#12008,.T.);
#12008 = LINE('',#12009,#12010);
#12009 = CARTESIAN_POINT('',(2.348480775301,-1.7,0.742364817767));
#12010 = VECTOR('',#12011,1.);
#12011 = DIRECTION('',(1.110223024625E-16,-1.,0.));
#12012 = ORIENTED_EDGE('',*,*,#11907,.F.);
#12013 = CYLINDRICAL_SURFACE('',#12014,0.1);
#12014 = AXIS2_PLACEMENT_3D('',#12015,#12016,#12017);
#12015 = CARTESIAN_POINT('',(2.25,-1.7,0.725));
#12016 = DIRECTION('',(-1.110223024625E-16,1.,0.));
#12017 = DIRECTION('',(4.440892098501E-15,4.930380657631E-31,1.));
#12018 = ADVANCED_FACE('',(#12019),#12097,.T.);
#12019 = FACE_BOUND('',#12020,.T.);
#12020 = EDGE_LOOP('',(#12021,#12022,#12023,#12024,#12032,#12041,#12049,
    #12057,#12065,#12074,#12082,#12091));
#12021 = ORIENTED_EDGE('',*,*,#9937,.F.);
#12022 = ORIENTED_EDGE('',*,*,#9915,.T.);
#12023 = ORIENTED_EDGE('',*,*,#11998,.T.);
#12024 = ORIENTED_EDGE('',*,*,#12025,.T.);
#12025 = EDGE_CURVE('',#11999,#12026,#12028,.T.);
#12026 = VERTEX_POINT('',#12027);
#12027 = CARTESIAN_POINT('',(2.429496640897,-2.11,0.2479055467));
#12028 = LINE('',#12029,#12030);
#12029 = CARTESIAN_POINT('',(2.348480775301,-2.11,0.742364817767));
#12030 = VECTOR('',#12031,1.);
#12031 = DIRECTION('',(0.161691392282,1.795135065956E-17,-0.986841372087
    ));
#12032 = ORIENTED_EDGE('',*,*,#12033,.T.);
#12033 = EDGE_CURVE('',#12026,#12034,#12036,.T.);
#12034 = VERTEX_POINT('',#12035);
#12035 = CARTESIAN_POINT('',(2.724938966801,-2.11,-1.665334536938E-16));
#12036 = CIRCLE('',#12037,0.3);
#12037 = AXIS2_PLACEMENT_3D('',#12038,#12039,#12040);
#12038 = CARTESIAN_POINT('',(2.724938966801,-2.11,0.3));
#12039 = DIRECTION('',(1.110223024625E-16,-1.,0.));
#12040 = DIRECTION('',(-0.984807753012,-1.093356242223E-16,
    -0.173648177667));
#12041 = ORIENTED_EDGE('',*,*,#12042,.T.);
#12042 = EDGE_CURVE('',#12034,#12043,#12045,.T.);
#12043 = VERTEX_POINT('',#12044);
#12044 = CARTESIAN_POINT('',(3.,-2.11,-1.665334536938E-16));
#12045 = LINE('',#12046,#12047);
#12046 = CARTESIAN_POINT('',(2.724938966801,-2.11,-1.665334536938E-16));
#12047 = VECTOR('',#12048,1.);
#12048 = DIRECTION('',(1.,1.110223024625E-16,0.));
#12049 = ORIENTED_EDGE('',*,*,#12050,.T.);
#12050 = EDGE_CURVE('',#12043,#12051,#12053,.T.);
#12051 = VERTEX_POINT('',#12052);
#12052 = CARTESIAN_POINT('',(3.,-2.11,0.2));
#12053 = LINE('',#12054,#12055);
#12054 = CARTESIAN_POINT('',(3.,-2.11,-1.665334536938E-16));
#12055 = VECTOR('',#12056,1.);
#12056 = DIRECTION('',(0.,0.,1.));
#12057 = ORIENTED_EDGE('',*,*,#12058,.T.);
#12058 = EDGE_CURVE('',#12051,#12059,#12061,.T.);
#12059 = VERTEX_POINT('',#12060);
#12060 = CARTESIAN_POINT('',(2.724938966801,-2.11,0.2));
#12061 = LINE('',#12062,#12063);
#12062 = CARTESIAN_POINT('',(3.,-2.11,0.2));
#12063 = VECTOR('',#12064,1.);
#12064 = DIRECTION('',(-1.,-1.110223024625E-16,0.));
#12065 = ORIENTED_EDGE('',*,*,#12066,.T.);
#12066 = EDGE_CURVE('',#12059,#12067,#12069,.T.);
#12067 = VERTEX_POINT('',#12068);
#12068 = CARTESIAN_POINT('',(2.6264581915,-2.11,0.282635182233));
#12069 = CIRCLE('',#12070,0.1);
#12070 = AXIS2_PLACEMENT_3D('',#12071,#12072,#12073);
#12071 = CARTESIAN_POINT('',(2.724938966801,-2.11,0.3));
#12072 = DIRECTION('',(-1.110223024625E-16,1.,0.));
#12073 = DIRECTION('',(0.,0.,-1.));
#12074 = ORIENTED_EDGE('',*,*,#12075,.T.);
#12075 = EDGE_CURVE('',#12067,#12076,#12078,.T.);
#12076 = VERTEX_POINT('',#12077);
#12077 = CARTESIAN_POINT('',(2.545442325904,-2.11,0.7770944533));
#12078 = LINE('',#12079,#12080);
#12079 = CARTESIAN_POINT('',(2.6264581915,-2.11,0.282635182233));
#12080 = VECTOR('',#12081,1.);
#12081 = DIRECTION('',(-0.161691392282,-1.795135065956E-17,
    0.986841372087));
#12082 = ORIENTED_EDGE('',*,*,#12083,.T.);
#12083 = EDGE_CURVE('',#12076,#12084,#12086,.T.);
#12084 = VERTEX_POINT('',#12085);
#12085 = CARTESIAN_POINT('',(2.25,-2.11,1.025));
#12086 = CIRCLE('',#12087,0.3);
#12087 = AXIS2_PLACEMENT_3D('',#12088,#12089,#12090);
#12088 = CARTESIAN_POINT('',(2.25,-2.11,0.725));
#12089 = DIRECTION('',(1.110223024625E-16,-1.,0.));
#12090 = DIRECTION('',(0.984807753012,1.093356242223E-16,0.173648177667)
  );
#12091 = ORIENTED_EDGE('',*,*,#12092,.T.);
#12092 = EDGE_CURVE('',#12084,#9938,#12093,.T.);
#12093 = LINE('',#12094,#12095);
#12094 = CARTESIAN_POINT('',(2.25,-2.11,1.025));
#12095 = VECTOR('',#12096,1.);
#12096 = DIRECTION('',(-1.,-1.110223024625E-16,0.));
#12097 = PLANE('',#12098);
#12098 = AXIS2_PLACEMENT_3D('',#12099,#12100,#12101);
#12099 = CARTESIAN_POINT('',(2.42560961319,-2.11,0.548953137803));
#12100 = DIRECTION('',(1.110223024625E-16,-1.,0.));
#12101 = DIRECTION('',(0.,0.,1.));
#12102 = ADVANCED_FACE('',(#12103),#12114,.T.);
#12103 = FACE_BOUND('',#12104,.T.);
#12104 = EDGE_LOOP('',(#12105,#12106,#12107,#12108));
#12105 = ORIENTED_EDGE('',*,*,#11137,.T.);
#12106 = ORIENTED_EDGE('',*,*,#10038,.T.);
#12107 = ORIENTED_EDGE('',*,*,#11239,.F.);
#12108 = ORIENTED_EDGE('',*,*,#12109,.F.);
#12109 = EDGE_CURVE('',#11130,#11232,#12110,.T.);
#12110 = LINE('',#12111,#12112);
#12111 = CARTESIAN_POINT('',(-2.545442325904,1.7,0.7770944533));
#12112 = VECTOR('',#12113,1.);
#12113 = DIRECTION('',(1.144237745222E-17,1.,0.));
#12114 = CYLINDRICAL_SURFACE('',#12115,0.3);
#12115 = AXIS2_PLACEMENT_3D('',#12116,#12117,#12118);
#12116 = CARTESIAN_POINT('',(-2.25,1.7,0.725));
#12117 = DIRECTION('',(-1.144237745222E-17,-1.,0.));
#12118 = DIRECTION('',(-0.984807753012,1.126854202784E-17,0.173648177667
    ));
#12119 = ADVANCED_FACE('',(#12120),#12133,.F.);
#12120 = FACE_BOUND('',#12121,.F.);
#12121 = EDGE_LOOP('',(#12122,#12123,#12129,#12130,#12131,#12132));
#12122 = ORIENTED_EDGE('',*,*,#10482,.F.);
#12123 = ORIENTED_EDGE('',*,*,#12124,.T.);
#12124 = EDGE_CURVE('',#10474,#10583,#12125,.T.);
#12125 = LINE('',#12126,#12127);
#12126 = CARTESIAN_POINT('',(-2.25,-2.11,1.025));
#12127 = VECTOR('',#12128,1.);
#12128 = DIRECTION('',(1.144237745222E-17,1.,0.));
#12129 = ORIENTED_EDGE('',*,*,#10591,.T.);
#12130 = ORIENTED_EDGE('',*,*,#10613,.T.);
#12131 = ORIENTED_EDGE('',*,*,#10085,.F.);
#12132 = ORIENTED_EDGE('',*,*,#10356,.F.);
#12133 = PLANE('',#12134);
#12134 = AXIS2_PLACEMENT_3D('',#12135,#12136,#12137);
#12135 = CARTESIAN_POINT('',(-2.25,-2.11,1.025));
#12136 = DIRECTION('',(0.,0.,-1.));
#12137 = DIRECTION('',(1.,-1.144237745222E-17,0.));
#12138 = ADVANCED_FACE('',(#12139),#12152,.F.);
#12139 = FACE_BOUND('',#12140,.F.);
#12140 = EDGE_LOOP('',(#12141,#12142,#12148,#12149,#12150,#12151));
#12141 = ORIENTED_EDGE('',*,*,#10705,.F.);
#12142 = ORIENTED_EDGE('',*,*,#12143,.T.);
#12143 = EDGE_CURVE('',#10697,#10806,#12144,.T.);
#12144 = LINE('',#12145,#12146);
#12145 = CARTESIAN_POINT('',(-2.25,-0.84,1.025));
#12146 = VECTOR('',#12147,1.);
#12147 = DIRECTION('',(1.144237745222E-17,1.,0.));
#12148 = ORIENTED_EDGE('',*,*,#10814,.T.);
#12149 = ORIENTED_EDGE('',*,*,#10836,.T.);
#12150 = ORIENTED_EDGE('',*,*,#10101,.F.);
#12151 = ORIENTED_EDGE('',*,*,#10606,.F.);
#12152 = PLANE('',#12153);
#12153 = AXIS2_PLACEMENT_3D('',#12154,#12155,#12156);
#12154 = CARTESIAN_POINT('',(-2.25,-0.84,1.025));
#12155 = DIRECTION('',(0.,0.,-1.));
#12156 = DIRECTION('',(1.,-1.144237745222E-17,0.));
#12157 = ADVANCED_FACE('',(#12158),#12171,.F.);
#12158 = FACE_BOUND('',#12159,.F.);
#12159 = EDGE_LOOP('',(#12160,#12161,#12167,#12168,#12169,#12170));
#12160 = ORIENTED_EDGE('',*,*,#10928,.F.);
#12161 = ORIENTED_EDGE('',*,*,#12162,.T.);
#12162 = EDGE_CURVE('',#10920,#11029,#12163,.T.);
#12163 = LINE('',#12164,#12165);
#12164 = CARTESIAN_POINT('',(-2.25,0.43,1.025));
#12165 = VECTOR('',#12166,1.);
#12166 = DIRECTION('',(1.144237745222E-17,1.,0.));
#12167 = ORIENTED_EDGE('',*,*,#11037,.T.);
#12168 = ORIENTED_EDGE('',*,*,#11054,.T.);
#12169 = ORIENTED_EDGE('',*,*,#10117,.F.);
#12170 = ORIENTED_EDGE('',*,*,#10829,.F.);
#12171 = PLANE('',#12172);
#12172 = AXIS2_PLACEMENT_3D('',#12173,#12174,#12175);
#12173 = CARTESIAN_POINT('',(-2.25,0.43,1.025));
#12174 = DIRECTION('',(0.,0.,-1.));
#12175 = DIRECTION('',(1.,-1.144237745222E-17,0.));
#12176 = ADVANCED_FACE('',(#12177,#12206),#12217,.F.);
#12177 = FACE_BOUND('',#12178,.F.);
#12178 = EDGE_LOOP('',(#12179,#12180,#12181,#12182,#12190,#12198,#12204,
    #12205));
#12179 = ORIENTED_EDGE('',*,*,#10192,.T.);
#12180 = ORIENTED_EDGE('',*,*,#10215,.T.);
#12181 = ORIENTED_EDGE('',*,*,#10302,.T.);
#12182 = ORIENTED_EDGE('',*,*,#12183,.T.);
#12183 = EDGE_CURVE('',#10296,#12184,#12186,.T.);
#12184 = VERTEX_POINT('',#12185);
#12185 = CARTESIAN_POINT('',(1.680085640382,-2.260171280765,1.75));
#12186 = LINE('',#12187,#12188);
#12187 = CARTESIAN_POINT('',(1.760171280765,-2.180085640382,1.75));
#12188 = VECTOR('',#12189,1.);
#12189 = DIRECTION('',(-0.707106781187,-0.707106781187,0.));
#12190 = ORIENTED_EDGE('',*,*,#12191,.T.);
#12191 = EDGE_CURVE('',#12184,#12192,#12194,.T.);
#12192 = VERTEX_POINT('',#12193);
#12193 = CARTESIAN_POINT('',(-1.680085640382,-2.260171280765,1.75));
#12194 = LINE('',#12195,#12196);
#12195 = CARTESIAN_POINT('',(1.680085640382,-2.260171280765,1.75));
#12196 = VECTOR('',#12197,1.);
#12197 = DIRECTION('',(-1.,-1.110223024625E-16,0.));
#12198 = ORIENTED_EDGE('',*,*,#12199,.T.);
#12199 = EDGE_CURVE('',#12192,#10141,#12200,.T.);
#12200 = LINE('',#12201,#12202);
#12201 = CARTESIAN_POINT('',(-1.680085640382,-2.260171280765,1.75));
#12202 = VECTOR('',#12203,1.);
#12203 = DIRECTION('',(-0.707106781187,0.707106781187,0.));
#12204 = ORIENTED_EDGE('',*,*,#10140,.T.);
#12205 = ORIENTED_EDGE('',*,*,#10169,.T.);
#12206 = FACE_BOUND('',#12207,.F.);
#12207 = EDGE_LOOP('',(#12208));
#12208 = ORIENTED_EDGE('',*,*,#12209,.F.);
#12209 = EDGE_CURVE('',#12210,#12210,#12212,.T.);
#12210 = VERTEX_POINT('',#12211);
#12211 = CARTESIAN_POINT('',(-1.110171280765,1.310171280765,1.75));
#12212 = CIRCLE('',#12213,0.3);
#12213 = AXIS2_PLACEMENT_3D('',#12214,#12215,#12216);
#12214 = CARTESIAN_POINT('',(-1.110171280765,1.610171280765,1.75));
#12215 = DIRECTION('',(0.,-0.,-1.));
#12216 = DIRECTION('',(1.110223024625E-16,-1.,0.));
#12217 = PLANE('',#12218);
#12218 = AXIS2_PLACEMENT_3D('',#12219,#12220,#12221);
#12219 = CARTESIAN_POINT('',(-1.680085640382,2.260171280765,1.75));
#12220 = DIRECTION('',(0.,0.,-1.));
#12221 = DIRECTION('',(0.596575959062,-0.802556617983,0.));
#12222 = ADVANCED_FACE('',(#12223),#12233,.F.);
#12223 = FACE_BOUND('',#12224,.F.);
#12224 = EDGE_LOOP('',(#12225,#12226,#12227,#12228));
#12225 = ORIENTED_EDGE('',*,*,#10363,.T.);
#12226 = ORIENTED_EDGE('',*,*,#10148,.T.);
#12227 = ORIENTED_EDGE('',*,*,#12199,.F.);
#12228 = ORIENTED_EDGE('',*,*,#12229,.F.);
#12229 = EDGE_CURVE('',#10364,#12192,#12230,.T.);
#12230 = B_SPLINE_CURVE_WITH_KNOTS('',1,(#12231,#12232),.UNSPECIFIED.,
  .F.,.F.,(2,2),(0.,1.),.PIECEWISE_BEZIER_KNOTS.);
#12231 = CARTESIAN_POINT('',(-1.7375,-2.375,1.025));
#12232 = CARTESIAN_POINT('',(-1.680085640382,-2.260171280765,1.75));
#12233 = B_SPLINE_SURFACE_WITH_KNOTS('',1,1,(
    (#12234,#12235)
    ,(#12236,#12237
    )),.UNSPECIFIED.,.F.,.F.,.F.,(2,2),(2,2),(0.,0.194454364826),(0.,1.)
  ,.PIECEWISE_BEZIER_KNOTS.);
#12234 = CARTESIAN_POINT('',(-1.7375,-2.375,1.025));
#12235 = CARTESIAN_POINT('',(-1.680085640382,-2.260171280765,1.75));
#12236 = CARTESIAN_POINT('',(-1.875,-2.2375,1.025));
#12237 = CARTESIAN_POINT('',(-1.760171280765,-2.180085640382,1.75));
#12238 = ADVANCED_FACE('',(#12239),#12252,.F.);
#12239 = FACE_BOUND('',#12240,.F.);
#12240 = EDGE_LOOP('',(#12241,#12242,#12248,#12249,#12250,#12251));
#12241 = ORIENTED_EDGE('',*,*,#11537,.F.);
#12242 = ORIENTED_EDGE('',*,*,#12243,.T.);
#12243 = EDGE_CURVE('',#11529,#11638,#12244,.T.);
#12244 = LINE('',#12245,#12246);
#12245 = CARTESIAN_POINT('',(2.25,0.84,1.025));
#12246 = VECTOR('',#12247,1.);
#12247 = DIRECTION('',(1.110223024625E-16,-1.,0.));
#12248 = ORIENTED_EDGE('',*,*,#11646,.T.);
#12249 = ORIENTED_EDGE('',*,*,#11660,.T.);
#12250 = ORIENTED_EDGE('',*,*,#10247,.F.);
#12251 = ORIENTED_EDGE('',*,*,#11444,.F.);
#12252 = PLANE('',#12253);
#12253 = AXIS2_PLACEMENT_3D('',#12254,#12255,#12256);
#12254 = CARTESIAN_POINT('',(2.25,0.84,1.025));
#12255 = DIRECTION('',(0.,0.,-1.));
#12256 = DIRECTION('',(-1.,-1.110223024625E-16,-0.));
#12257 = ADVANCED_FACE('',(#12258),#12271,.F.);
#12258 = FACE_BOUND('',#12259,.F.);
#12259 = EDGE_LOOP('',(#12260,#12261,#12267,#12268,#12269,#12270));
#12260 = ORIENTED_EDGE('',*,*,#11760,.F.);
#12261 = ORIENTED_EDGE('',*,*,#12262,.T.);
#12262 = EDGE_CURVE('',#11752,#11861,#12263,.T.);
#12263 = LINE('',#12264,#12265);
#12264 = CARTESIAN_POINT('',(2.25,-0.43,1.025));
#12265 = VECTOR('',#12266,1.);
#12266 = DIRECTION('',(1.110223024625E-16,-1.,0.));
#12267 = ORIENTED_EDGE('',*,*,#11869,.T.);
#12268 = ORIENTED_EDGE('',*,*,#11883,.T.);
#12269 = ORIENTED_EDGE('',*,*,#10263,.F.);
#12270 = ORIENTED_EDGE('',*,*,#11667,.F.);
#12271 = PLANE('',#12272);
#12272 = AXIS2_PLACEMENT_3D('',#12273,#12274,#12275);
#12273 = CARTESIAN_POINT('',(2.25,-0.43,1.025));
#12274 = DIRECTION('',(0.,0.,-1.));
#12275 = DIRECTION('',(-1.,-1.110223024625E-16,-0.));
#12276 = ADVANCED_FACE('',(#12277),#12290,.F.);
#12277 = FACE_BOUND('',#12278,.F.);
#12278 = EDGE_LOOP('',(#12279,#12280,#12286,#12287,#12288,#12289));
#12279 = ORIENTED_EDGE('',*,*,#11983,.F.);
#12280 = ORIENTED_EDGE('',*,*,#12281,.T.);
#12281 = EDGE_CURVE('',#11975,#12084,#12282,.T.);
#12282 = LINE('',#12283,#12284);
#12283 = CARTESIAN_POINT('',(2.25,-1.7,1.025));
#12284 = VECTOR('',#12285,1.);
#12285 = DIRECTION('',(1.110223024625E-16,-1.,0.));
#12286 = ORIENTED_EDGE('',*,*,#12092,.T.);
#12287 = ORIENTED_EDGE('',*,*,#10386,.T.);
#12288 = ORIENTED_EDGE('',*,*,#10279,.F.);
#12289 = ORIENTED_EDGE('',*,*,#11890,.F.);
#12290 = PLANE('',#12291);
#12291 = AXIS2_PLACEMENT_3D('',#12292,#12293,#12294);
#12292 = CARTESIAN_POINT('',(2.25,-1.7,1.025));
#12293 = DIRECTION('',(0.,0.,-1.));
#12294 = DIRECTION('',(-1.,-1.110223024625E-16,-0.));
#12295 = ADVANCED_FACE('',(#12296),#12306,.F.);
#12296 = FACE_BOUND('',#12297,.F.);
#12297 = EDGE_LOOP('',(#12298,#12299,#12304,#12305));
#12298 = ORIENTED_EDGE('',*,*,#10379,.T.);
#12299 = ORIENTED_EDGE('',*,*,#12300,.T.);
#12300 = EDGE_CURVE('',#10372,#12184,#12301,.T.);
#12301 = B_SPLINE_CURVE_WITH_KNOTS('',1,(#12302,#12303),.UNSPECIFIED.,
  .F.,.F.,(2,2),(0.,1.),.PIECEWISE_BEZIER_KNOTS.);
#12302 = CARTESIAN_POINT('',(1.7375,-2.375,1.025));
#12303 = CARTESIAN_POINT('',(1.680085640382,-2.260171280765,1.75));
#12304 = ORIENTED_EDGE('',*,*,#12183,.F.);
#12305 = ORIENTED_EDGE('',*,*,#10295,.F.);
#12306 = B_SPLINE_SURFACE_WITH_KNOTS('',1,1,(
    (#12307,#12308)
    ,(#12309,#12310
    )),.UNSPECIFIED.,.F.,.F.,.F.,(2,2),(2,2),(0.,0.194454364826),(0.,1.)
  ,.PIECEWISE_BEZIER_KNOTS.);
#12307 = CARTESIAN_POINT('',(1.875,-2.2375,1.025));
#12308 = CARTESIAN_POINT('',(1.760171280765,-2.180085640382,1.75));
#12309 = CARTESIAN_POINT('',(1.7375,-2.375,1.025));
#12310 = CARTESIAN_POINT('',(1.680085640382,-2.260171280765,1.75));
#12311 = ADVANCED_FACE('',(#12312),#12323,.T.);
#12312 = FACE_BOUND('',#12313,.T.);
#12313 = EDGE_LOOP('',(#12314,#12315,#12316,#12317));
#12314 = ORIENTED_EDGE('',*,*,#11324,.T.);
#12315 = ORIENTED_EDGE('',*,*,#10325,.T.);
#12316 = ORIENTED_EDGE('',*,*,#11426,.F.);
#12317 = ORIENTED_EDGE('',*,*,#12318,.F.);
#12318 = EDGE_CURVE('',#11317,#11419,#12319,.T.);
#12319 = LINE('',#12320,#12321);
#12320 = CARTESIAN_POINT('',(2.545442325904,2.11,0.7770944533));
#12321 = VECTOR('',#12322,1.);
#12322 = DIRECTION('',(1.110223024625E-16,-1.,0.));
#12323 = CYLINDRICAL_SURFACE('',#12324,0.3);
#12324 = AXIS2_PLACEMENT_3D('',#12325,#12326,#12327);
#12325 = CARTESIAN_POINT('',(2.25,2.11,0.725));
#12326 = DIRECTION('',(-1.110223024625E-16,1.,0.));
#12327 = DIRECTION('',(0.984807753012,1.093356242223E-16,0.173648177667)
  );
#12328 = ADVANCED_FACE('',(#12329),#12335,.F.);
#12329 = FACE_BOUND('',#12330,.F.);
#12330 = EDGE_LOOP('',(#12331,#12332,#12333,#12334));
#12331 = ORIENTED_EDGE('',*,*,#10371,.T.);
#12332 = ORIENTED_EDGE('',*,*,#12229,.T.);
#12333 = ORIENTED_EDGE('',*,*,#12191,.F.);
#12334 = ORIENTED_EDGE('',*,*,#12300,.F.);
#12335 = B_SPLINE_SURFACE_WITH_KNOTS('',1,1,(
    (#12336,#12337)
    ,(#12338,#12339
    )),.UNSPECIFIED.,.F.,.F.,.F.,(2,2),(2,2),(0.,3.475),(0.,1.),
  .PIECEWISE_BEZIER_KNOTS.);
#12336 = CARTESIAN_POINT('',(1.7375,-2.375,1.025));
#12337 = CARTESIAN_POINT('',(1.680085640382,-2.260171280765,1.75));
#12338 = CARTESIAN_POINT('',(-1.7375,-2.375,1.025));
#12339 = CARTESIAN_POINT('',(-1.680085640382,-2.260171280765,1.75));
#12340 = ADVANCED_FACE('',(#12341),#12352,.T.);
#12341 = FACE_BOUND('',#12342,.T.);
#12342 = EDGE_LOOP('',(#12343,#12344,#12345,#12346));
#12343 = ORIENTED_EDGE('',*,*,#10473,.T.);
#12344 = ORIENTED_EDGE('',*,*,#12124,.T.);
#12345 = ORIENTED_EDGE('',*,*,#10582,.F.);
#12346 = ORIENTED_EDGE('',*,*,#12347,.F.);
#12347 = EDGE_CURVE('',#10466,#10575,#12348,.T.);
#12348 = LINE('',#12349,#12350);
#12349 = CARTESIAN_POINT('',(-2.545442325904,-2.11,0.7770944533));
#12350 = VECTOR('',#12351,1.);
#12351 = DIRECTION('',(1.144237745222E-17,1.,0.));
#12352 = CYLINDRICAL_SURFACE('',#12353,0.3);
#12353 = AXIS2_PLACEMENT_3D('',#12354,#12355,#12356);
#12354 = CARTESIAN_POINT('',(-2.25,-2.11,0.725));
#12355 = DIRECTION('',(-1.144237745222E-17,-1.,0.));
#12356 = DIRECTION('',(-0.984807753012,1.126854202784E-17,0.173648177667
    ));
#12357 = ADVANCED_FACE('',(#12358),#12369,.F.);
#12358 = FACE_BOUND('',#12359,.F.);
#12359 = EDGE_LOOP('',(#12360,#12366,#12367,#12368));
#12360 = ORIENTED_EDGE('',*,*,#12361,.T.);
#12361 = EDGE_CURVE('',#10457,#10566,#12362,.T.);
#12362 = LINE('',#12363,#12364);
#12363 = CARTESIAN_POINT('',(-2.6264581915,-2.11,0.282635182233));
#12364 = VECTOR('',#12365,1.);
#12365 = DIRECTION('',(1.144237745222E-17,1.,0.));
#12366 = ORIENTED_EDGE('',*,*,#10574,.T.);
#12367 = ORIENTED_EDGE('',*,*,#12347,.F.);
#12368 = ORIENTED_EDGE('',*,*,#10465,.F.);
#12369 = PLANE('',#12370);
#12370 = AXIS2_PLACEMENT_3D('',#12371,#12372,#12373);
#12371 = CARTESIAN_POINT('',(-2.6264581915,-2.11,0.282635182233));
#12372 = DIRECTION('',(0.986841372087,-1.129181146488E-17,
    -0.161691392282));
#12373 = DIRECTION('',(0.161691392282,-1.85013394127E-18,0.986841372087)
  );
#12374 = ADVANCED_FACE('',(#12375),#12386,.F.);
#12375 = FACE_BOUND('',#12376,.F.);
#12376 = EDGE_LOOP('',(#12377,#12383,#12384,#12385));
#12377 = ORIENTED_EDGE('',*,*,#12378,.T.);
#12378 = EDGE_CURVE('',#10449,#10558,#12379,.T.);
#12379 = LINE('',#12380,#12381);
#12380 = CARTESIAN_POINT('',(-2.724938966801,-2.11,0.2));
#12381 = VECTOR('',#12382,1.);
#12382 = DIRECTION('',(1.144237745222E-17,1.,0.));
#12383 = ORIENTED_EDGE('',*,*,#10565,.T.);
#12384 = ORIENTED_EDGE('',*,*,#12361,.F.);
#12385 = ORIENTED_EDGE('',*,*,#10456,.F.);
#12386 = CYLINDRICAL_SURFACE('',#12387,0.1);
#12387 = AXIS2_PLACEMENT_3D('',#12388,#12389,#12390);
#12388 = CARTESIAN_POINT('',(-2.724938966801,-2.11,0.3));
#12389 = DIRECTION('',(-1.144237745222E-17,-1.,0.));
#12390 = DIRECTION('',(-0.,0.,-1.));
#12391 = ADVANCED_FACE('',(#12392),#12403,.F.);
#12392 = FACE_BOUND('',#12393,.F.);
#12393 = EDGE_LOOP('',(#12394,#12400,#12401,#12402));
#12394 = ORIENTED_EDGE('',*,*,#12395,.T.);
#12395 = EDGE_CURVE('',#10441,#10550,#12396,.T.);
#12396 = LINE('',#12397,#12398);
#12397 = CARTESIAN_POINT('',(-3.,-2.11,0.2));
#12398 = VECTOR('',#12399,1.);
#12399 = DIRECTION('',(1.144237745222E-17,1.,0.));
#12400 = ORIENTED_EDGE('',*,*,#10557,.T.);
#12401 = ORIENTED_EDGE('',*,*,#12378,.F.);
#12402 = ORIENTED_EDGE('',*,*,#10448,.F.);
#12403 = PLANE('',#12404);
#12404 = AXIS2_PLACEMENT_3D('',#12405,#12406,#12407);
#12405 = CARTESIAN_POINT('',(-3.,-2.11,0.2));
#12406 = DIRECTION('',(0.,0.,-1.));
#12407 = DIRECTION('',(1.,-1.144237745222E-17,0.));
#12408 = ADVANCED_FACE('',(#12409),#12420,.F.);
#12409 = FACE_BOUND('',#12410,.F.);
#12410 = EDGE_LOOP('',(#12411,#12417,#12418,#12419));
#12411 = ORIENTED_EDGE('',*,*,#12412,.T.);
#12412 = EDGE_CURVE('',#10433,#10542,#12413,.T.);
#12413 = LINE('',#12414,#12415);
#12414 = CARTESIAN_POINT('',(-3.,-2.11,-1.665334536938E-16));
#12415 = VECTOR('',#12416,1.);
#12416 = DIRECTION('',(1.144237745222E-17,1.,0.));
#12417 = ORIENTED_EDGE('',*,*,#10549,.T.);
#12418 = ORIENTED_EDGE('',*,*,#12395,.F.);
#12419 = ORIENTED_EDGE('',*,*,#10440,.F.);
#12420 = PLANE('',#12421);
#12421 = AXIS2_PLACEMENT_3D('',#12422,#12423,#12424);
#12422 = CARTESIAN_POINT('',(-3.,-2.11,-1.665334536938E-16));
#12423 = DIRECTION('',(1.,-1.144237745222E-17,0.));
#12424 = DIRECTION('',(0.,0.,1.));
#12425 = ADVANCED_FACE('',(#12426),#12437,.F.);
#12426 = FACE_BOUND('',#12427,.F.);
#12427 = EDGE_LOOP('',(#12428,#12434,#12435,#12436));
#12428 = ORIENTED_EDGE('',*,*,#12429,.T.);
#12429 = EDGE_CURVE('',#10424,#10533,#12430,.T.);
#12430 = LINE('',#12431,#12432);
#12431 = CARTESIAN_POINT('',(-2.724938966801,-2.11,-1.665334536938E-16)
  );
#12432 = VECTOR('',#12433,1.);
#12433 = DIRECTION('',(1.144237745222E-17,1.,0.));
#12434 = ORIENTED_EDGE('',*,*,#10541,.T.);
#12435 = ORIENTED_EDGE('',*,*,#12412,.F.);
#12436 = ORIENTED_EDGE('',*,*,#10432,.F.);
#12437 = PLANE('',#12438);
#12438 = AXIS2_PLACEMENT_3D('',#12439,#12440,#12441);
#12439 = CARTESIAN_POINT('',(-2.724938966801,-2.11,-1.665334536938E-16)
  );
#12440 = DIRECTION('',(0.,0.,1.));
#12441 = DIRECTION('',(-1.,1.144237745222E-17,0.));
#12442 = ADVANCED_FACE('',(#12443),#12454,.T.);
#12443 = FACE_BOUND('',#12444,.T.);
#12444 = EDGE_LOOP('',(#12445,#12446,#12447,#12448));
#12445 = ORIENTED_EDGE('',*,*,#10423,.T.);
#12446 = ORIENTED_EDGE('',*,*,#12429,.T.);
#12447 = ORIENTED_EDGE('',*,*,#10532,.F.);
#12448 = ORIENTED_EDGE('',*,*,#12449,.F.);
#12449 = EDGE_CURVE('',#10416,#10525,#12450,.T.);
#12450 = LINE('',#12451,#12452);
#12451 = CARTESIAN_POINT('',(-2.429496640897,-2.11,0.2479055467));
#12452 = VECTOR('',#12453,1.);
#12453 = DIRECTION('',(1.144237745222E-17,1.,0.));
#12454 = CYLINDRICAL_SURFACE('',#12455,0.3);
#12455 = AXIS2_PLACEMENT_3D('',#12456,#12457,#12458);
#12456 = CARTESIAN_POINT('',(-2.724938966801,-2.11,0.3));
#12457 = DIRECTION('',(-1.144237745222E-17,-1.,0.));
#12458 = DIRECTION('',(0.984807753012,-1.126854202784E-17,
    -0.173648177667));
#12459 = ADVANCED_FACE('',(#12460),#12466,.F.);
#12460 = FACE_BOUND('',#12461,.F.);
#12461 = EDGE_LOOP('',(#12462,#12463,#12464,#12465));
#12462 = ORIENTED_EDGE('',*,*,#10506,.T.);
#12463 = ORIENTED_EDGE('',*,*,#10524,.T.);
#12464 = ORIENTED_EDGE('',*,*,#12449,.F.);
#12465 = ORIENTED_EDGE('',*,*,#10415,.F.);
#12466 = PLANE('',#12467);
#12467 = AXIS2_PLACEMENT_3D('',#12468,#12469,#12470);
#12468 = CARTESIAN_POINT('',(-2.348480775301,-2.11,0.742364817767));
#12469 = DIRECTION('',(-0.986841372087,1.129181146488E-17,0.161691392282
    ));
#12470 = DIRECTION('',(-0.161691392282,1.85013394127E-18,-0.986841372087
    ));
#12471 = ADVANCED_FACE('',(#12472),#12483,.T.);
#12472 = FACE_BOUND('',#12473,.T.);
#12473 = EDGE_LOOP('',(#12474,#12475,#12476,#12477));
#12474 = ORIENTED_EDGE('',*,*,#10696,.T.);
#12475 = ORIENTED_EDGE('',*,*,#12143,.T.);
#12476 = ORIENTED_EDGE('',*,*,#10805,.F.);
#12477 = ORIENTED_EDGE('',*,*,#12478,.F.);
#12478 = EDGE_CURVE('',#10689,#10798,#12479,.T.);
#12479 = LINE('',#12480,#12481);
#12480 = CARTESIAN_POINT('',(-2.545442325904,-0.84,0.7770944533));
#12481 = VECTOR('',#12482,1.);
#12482 = DIRECTION('',(1.144237745222E-17,1.,0.));
#12483 = CYLINDRICAL_SURFACE('',#12484,0.3);
#12484 = AXIS2_PLACEMENT_3D('',#12485,#12486,#12487);
#12485 = CARTESIAN_POINT('',(-2.25,-0.84,0.725));
#12486 = DIRECTION('',(-1.144237745222E-17,-1.,0.));
#12487 = DIRECTION('',(-0.984807753012,1.126854202784E-17,0.173648177667
    ));
#12488 = ADVANCED_FACE('',(#12489),#12500,.F.);
#12489 = FACE_BOUND('',#12490,.F.);
#12490 = EDGE_LOOP('',(#12491,#12497,#12498,#12499));
#12491 = ORIENTED_EDGE('',*,*,#12492,.T.);
#12492 = EDGE_CURVE('',#10680,#10789,#12493,.T.);
#12493 = LINE('',#12494,#12495);
#12494 = CARTESIAN_POINT('',(-2.6264581915,-0.84,0.282635182233));
#12495 = VECTOR('',#12496,1.);
#12496 = DIRECTION('',(1.144237745222E-17,1.,0.));
#12497 = ORIENTED_EDGE('',*,*,#10797,.T.);
#12498 = ORIENTED_EDGE('',*,*,#12478,.F.);
#12499 = ORIENTED_EDGE('',*,*,#10688,.F.);
#12500 = PLANE('',#12501);
#12501 = AXIS2_PLACEMENT_3D('',#12502,#12503,#12504);
#12502 = CARTESIAN_POINT('',(-2.6264581915,-0.84,0.282635182233));
#12503 = DIRECTION('',(0.986841372087,-1.129181146488E-17,
    -0.161691392282));
#12504 = DIRECTION('',(0.161691392282,-1.85013394127E-18,0.986841372087)
  );
#12505 = ADVANCED_FACE('',(#12506),#12517,.F.);
#12506 = FACE_BOUND('',#12507,.F.);
#12507 = EDGE_LOOP('',(#12508,#12514,#12515,#12516));
#12508 = ORIENTED_EDGE('',*,*,#12509,.T.);
#12509 = EDGE_CURVE('',#10672,#10781,#12510,.T.);
#12510 = LINE('',#12511,#12512);
#12511 = CARTESIAN_POINT('',(-2.724938966801,-0.84,0.2));
#12512 = VECTOR('',#12513,1.);
#12513 = DIRECTION('',(1.144237745222E-17,1.,0.));
#12514 = ORIENTED_EDGE('',*,*,#10788,.T.);
#12515 = ORIENTED_EDGE('',*,*,#12492,.F.);
#12516 = ORIENTED_EDGE('',*,*,#10679,.F.);
#12517 = CYLINDRICAL_SURFACE('',#12518,0.1);
#12518 = AXIS2_PLACEMENT_3D('',#12519,#12520,#12521);
#12519 = CARTESIAN_POINT('',(-2.724938966801,-0.84,0.3));
#12520 = DIRECTION('',(-1.144237745222E-17,-1.,0.));
#12521 = DIRECTION('',(-0.,0.,-1.));
#12522 = ADVANCED_FACE('',(#12523),#12534,.F.);
#12523 = FACE_BOUND('',#12524,.F.);
#12524 = EDGE_LOOP('',(#12525,#12531,#12532,#12533));
#12525 = ORIENTED_EDGE('',*,*,#12526,.T.);
#12526 = EDGE_CURVE('',#10664,#10773,#12527,.T.);
#12527 = LINE('',#12528,#12529);
#12528 = CARTESIAN_POINT('',(-3.,-0.84,0.2));
#12529 = VECTOR('',#12530,1.);
#12530 = DIRECTION('',(1.144237745222E-17,1.,0.));
#12531 = ORIENTED_EDGE('',*,*,#10780,.T.);
#12532 = ORIENTED_EDGE('',*,*,#12509,.F.);
#12533 = ORIENTED_EDGE('',*,*,#10671,.F.);
#12534 = PLANE('',#12535);
#12535 = AXIS2_PLACEMENT_3D('',#12536,#12537,#12538);
#12536 = CARTESIAN_POINT('',(-3.,-0.84,0.2));
#12537 = DIRECTION('',(0.,0.,-1.));
#12538 = DIRECTION('',(1.,-1.144237745222E-17,0.));
#12539 = ADVANCED_FACE('',(#12540),#12551,.F.);
#12540 = FACE_BOUND('',#12541,.F.);
#12541 = EDGE_LOOP('',(#12542,#12548,#12549,#12550));
#12542 = ORIENTED_EDGE('',*,*,#12543,.T.);
#12543 = EDGE_CURVE('',#10656,#10765,#12544,.T.);
#12544 = LINE('',#12545,#12546);
#12545 = CARTESIAN_POINT('',(-3.,-0.84,-1.665334536938E-16));
#12546 = VECTOR('',#12547,1.);
#12547 = DIRECTION('',(1.144237745222E-17,1.,0.));
#12548 = ORIENTED_EDGE('',*,*,#10772,.T.);
#12549 = ORIENTED_EDGE('',*,*,#12526,.F.);
#12550 = ORIENTED_EDGE('',*,*,#10663,.F.);
#12551 = PLANE('',#12552);
#12552 = AXIS2_PLACEMENT_3D('',#12553,#12554,#12555);
#12553 = CARTESIAN_POINT('',(-3.,-0.84,-1.665334536938E-16));
#12554 = DIRECTION('',(1.,-1.144237745222E-17,0.));
#12555 = DIRECTION('',(0.,0.,1.));
#12556 = ADVANCED_FACE('',(#12557),#12568,.F.);
#12557 = FACE_BOUND('',#12558,.F.);
#12558 = EDGE_LOOP('',(#12559,#12565,#12566,#12567));
#12559 = ORIENTED_EDGE('',*,*,#12560,.T.);
#12560 = EDGE_CURVE('',#10647,#10756,#12561,.T.);
#12561 = LINE('',#12562,#12563);
#12562 = CARTESIAN_POINT('',(-2.724938966801,-0.84,-1.665334536938E-16)
  );
#12563 = VECTOR('',#12564,1.);
#12564 = DIRECTION('',(1.144237745222E-17,1.,0.));
#12565 = ORIENTED_EDGE('',*,*,#10764,.T.);
#12566 = ORIENTED_EDGE('',*,*,#12543,.F.);
#12567 = ORIENTED_EDGE('',*,*,#10655,.F.);
#12568 = PLANE('',#12569);
#12569 = AXIS2_PLACEMENT_3D('',#12570,#12571,#12572);
#12570 = CARTESIAN_POINT('',(-2.724938966801,-0.84,-1.665334536938E-16)
  );
#12571 = DIRECTION('',(0.,0.,1.));
#12572 = DIRECTION('',(-1.,1.144237745222E-17,0.));
#12573 = ADVANCED_FACE('',(#12574),#12585,.T.);
#12574 = FACE_BOUND('',#12575,.T.);
#12575 = EDGE_LOOP('',(#12576,#12577,#12578,#12579));
#12576 = ORIENTED_EDGE('',*,*,#10646,.T.);
#12577 = ORIENTED_EDGE('',*,*,#12560,.T.);
#12578 = ORIENTED_EDGE('',*,*,#10755,.F.);
#12579 = ORIENTED_EDGE('',*,*,#12580,.F.);
#12580 = EDGE_CURVE('',#10639,#10748,#12581,.T.);
#12581 = LINE('',#12582,#12583);
#12582 = CARTESIAN_POINT('',(-2.429496640897,-0.84,0.2479055467));
#12583 = VECTOR('',#12584,1.);
#12584 = DIRECTION('',(1.144237745222E-17,1.,0.));
#12585 = CYLINDRICAL_SURFACE('',#12586,0.3);
#12586 = AXIS2_PLACEMENT_3D('',#12587,#12588,#12589);
#12587 = CARTESIAN_POINT('',(-2.724938966801,-0.84,0.3));
#12588 = DIRECTION('',(-1.144237745222E-17,-1.,0.));
#12589 = DIRECTION('',(0.984807753012,-1.126854202784E-17,
    -0.173648177667));
#12590 = ADVANCED_FACE('',(#12591),#12597,.F.);
#12591 = FACE_BOUND('',#12592,.F.);
#12592 = EDGE_LOOP('',(#12593,#12594,#12595,#12596));
#12593 = ORIENTED_EDGE('',*,*,#10729,.T.);
#12594 = ORIENTED_EDGE('',*,*,#10747,.T.);
#12595 = ORIENTED_EDGE('',*,*,#12580,.F.);
#12596 = ORIENTED_EDGE('',*,*,#10638,.F.);
#12597 = PLANE('',#12598);
#12598 = AXIS2_PLACEMENT_3D('',#12599,#12600,#12601);
#12599 = CARTESIAN_POINT('',(-2.348480775301,-0.84,0.742364817767));
#12600 = DIRECTION('',(-0.986841372087,1.129181146488E-17,0.161691392282
    ));
#12601 = DIRECTION('',(-0.161691392282,1.85013394127E-18,-0.986841372087
    ));
#12602 = ADVANCED_FACE('',(#12603),#12614,.T.);
#12603 = FACE_BOUND('',#12604,.T.);
#12604 = EDGE_LOOP('',(#12605,#12606,#12607,#12608));
#12605 = ORIENTED_EDGE('',*,*,#10919,.T.);
#12606 = ORIENTED_EDGE('',*,*,#12162,.T.);
#12607 = ORIENTED_EDGE('',*,*,#11028,.F.);
#12608 = ORIENTED_EDGE('',*,*,#12609,.F.);
#12609 = EDGE_CURVE('',#10912,#11021,#12610,.T.);
#12610 = LINE('',#12611,#12612);
#12611 = CARTESIAN_POINT('',(-2.545442325904,0.43,0.7770944533));
#12612 = VECTOR('',#12613,1.);
#12613 = DIRECTION('',(1.144237745222E-17,1.,0.));
#12614 = CYLINDRICAL_SURFACE('',#12615,0.3);
#12615 = AXIS2_PLACEMENT_3D('',#12616,#12617,#12618);
#12616 = CARTESIAN_POINT('',(-2.25,0.43,0.725));
#12617 = DIRECTION('',(-1.144237745222E-17,-1.,0.));
#12618 = DIRECTION('',(-0.984807753012,1.126854202784E-17,0.173648177667
    ));
#12619 = ADVANCED_FACE('',(#12620),#12631,.F.);
#12620 = FACE_BOUND('',#12621,.F.);
#12621 = EDGE_LOOP('',(#12622,#12628,#12629,#12630));
#12622 = ORIENTED_EDGE('',*,*,#12623,.T.);
#12623 = EDGE_CURVE('',#10903,#11012,#12624,.T.);
#12624 = LINE('',#12625,#12626);
#12625 = CARTESIAN_POINT('',(-2.6264581915,0.43,0.282635182233));
#12626 = VECTOR('',#12627,1.);
#12627 = DIRECTION('',(1.144237745222E-17,1.,0.));
#12628 = ORIENTED_EDGE('',*,*,#11020,.T.);
#12629 = ORIENTED_EDGE('',*,*,#12609,.F.);
#12630 = ORIENTED_EDGE('',*,*,#10911,.F.);
#12631 = PLANE('',#12632);
#12632 = AXIS2_PLACEMENT_3D('',#12633,#12634,#12635);
#12633 = CARTESIAN_POINT('',(-2.6264581915,0.43,0.282635182233));
#12634 = DIRECTION('',(0.986841372087,-1.129181146488E-17,
    -0.161691392282));
#12635 = DIRECTION('',(0.161691392282,-1.85013394127E-18,0.986841372087)
  );
#12636 = ADVANCED_FACE('',(#12637),#12648,.F.);
#12637 = FACE_BOUND('',#12638,.F.);
#12638 = EDGE_LOOP('',(#12639,#12645,#12646,#12647));
#12639 = ORIENTED_EDGE('',*,*,#12640,.T.);
#12640 = EDGE_CURVE('',#10895,#11004,#12641,.T.);
#12641 = LINE('',#12642,#12643);
#12642 = CARTESIAN_POINT('',(-2.724938966801,0.43,0.2));
#12643 = VECTOR('',#12644,1.);
#12644 = DIRECTION('',(1.144237745222E-17,1.,0.));
#12645 = ORIENTED_EDGE('',*,*,#11011,.T.);
#12646 = ORIENTED_EDGE('',*,*,#12623,.F.);
#12647 = ORIENTED_EDGE('',*,*,#10902,.F.);
#12648 = CYLINDRICAL_SURFACE('',#12649,0.1);
#12649 = AXIS2_PLACEMENT_3D('',#12650,#12651,#12652);
#12650 = CARTESIAN_POINT('',(-2.724938966801,0.43,0.3));
#12651 = DIRECTION('',(-1.144237745222E-17,-1.,0.));
#12652 = DIRECTION('',(-0.,0.,-1.));
#12653 = ADVANCED_FACE('',(#12654),#12665,.F.);
#12654 = FACE_BOUND('',#12655,.F.);
#12655 = EDGE_LOOP('',(#12656,#12662,#12663,#12664));
#12656 = ORIENTED_EDGE('',*,*,#12657,.T.);
#12657 = EDGE_CURVE('',#10887,#10996,#12658,.T.);
#12658 = LINE('',#12659,#12660);
#12659 = CARTESIAN_POINT('',(-3.,0.43,0.2));
#12660 = VECTOR('',#12661,1.);
#12661 = DIRECTION('',(1.144237745222E-17,1.,0.));
#12662 = ORIENTED_EDGE('',*,*,#11003,.T.);
#12663 = ORIENTED_EDGE('',*,*,#12640,.F.);
#12664 = ORIENTED_EDGE('',*,*,#10894,.F.);
#12665 = PLANE('',#12666);
#12666 = AXIS2_PLACEMENT_3D('',#12667,#12668,#12669);
#12667 = CARTESIAN_POINT('',(-3.,0.43,0.2));
#12668 = DIRECTION('',(0.,0.,-1.));
#12669 = DIRECTION('',(1.,-1.144237745222E-17,0.));
#12670 = ADVANCED_FACE('',(#12671),#12682,.F.);
#12671 = FACE_BOUND('',#12672,.F.);
#12672 = EDGE_LOOP('',(#12673,#12679,#12680,#12681));
#12673 = ORIENTED_EDGE('',*,*,#12674,.T.);
#12674 = EDGE_CURVE('',#10879,#10988,#12675,.T.);
#12675 = LINE('',#12676,#12677);
#12676 = CARTESIAN_POINT('',(-3.,0.43,-1.665334536938E-16));
#12677 = VECTOR('',#12678,1.);
#12678 = DIRECTION('',(1.144237745222E-17,1.,0.));
#12679 = ORIENTED_EDGE('',*,*,#10995,.T.);
#12680 = ORIENTED_EDGE('',*,*,#12657,.F.);
#12681 = ORIENTED_EDGE('',*,*,#10886,.F.);
#12682 = PLANE('',#12683);
#12683 = AXIS2_PLACEMENT_3D('',#12684,#12685,#12686);
#12684 = CARTESIAN_POINT('',(-3.,0.43,-1.665334536938E-16));
#12685 = DIRECTION('',(1.,-1.144237745222E-17,0.));
#12686 = DIRECTION('',(0.,0.,1.));
#12687 = ADVANCED_FACE('',(#12688),#12699,.F.);
#12688 = FACE_BOUND('',#12689,.F.);
#12689 = EDGE_LOOP('',(#12690,#12696,#12697,#12698));
#12690 = ORIENTED_EDGE('',*,*,#12691,.T.);
#12691 = EDGE_CURVE('',#10870,#10979,#12692,.T.);
#12692 = LINE('',#12693,#12694);
#12693 = CARTESIAN_POINT('',(-2.724938966801,0.43,-1.665334536938E-16));
#12694 = VECTOR('',#12695,1.);
#12695 = DIRECTION('',(1.144237745222E-17,1.,0.));
#12696 = ORIENTED_EDGE('',*,*,#10987,.T.);
#12697 = ORIENTED_EDGE('',*,*,#12674,.F.);
#12698 = ORIENTED_EDGE('',*,*,#10878,.F.);
#12699 = PLANE('',#12700);
#12700 = AXIS2_PLACEMENT_3D('',#12701,#12702,#12703);
#12701 = CARTESIAN_POINT('',(-2.724938966801,0.43,-1.665334536938E-16));
#12702 = DIRECTION('',(0.,0.,1.));
#12703 = DIRECTION('',(-1.,1.144237745222E-17,0.));
#12704 = ADVANCED_FACE('',(#12705),#12716,.T.);
#12705 = FACE_BOUND('',#12706,.T.);
#12706 = EDGE_LOOP('',(#12707,#12708,#12709,#12710));
#12707 = ORIENTED_EDGE('',*,*,#10869,.T.);
#12708 = ORIENTED_EDGE('',*,*,#12691,.T.);
#12709 = ORIENTED_EDGE('',*,*,#10978,.F.);
#12710 = ORIENTED_EDGE('',*,*,#12711,.F.);
#12711 = EDGE_CURVE('',#10862,#10971,#12712,.T.);
#12712 = LINE('',#12713,#12714);
#12713 = CARTESIAN_POINT('',(-2.429496640897,0.43,0.2479055467));
#12714 = VECTOR('',#12715,1.);
#12715 = DIRECTION('',(1.144237745222E-17,1.,0.));
#12716 = CYLINDRICAL_SURFACE('',#12717,0.3);
#12717 = AXIS2_PLACEMENT_3D('',#12718,#12719,#12720);
#12718 = CARTESIAN_POINT('',(-2.724938966801,0.43,0.3));
#12719 = DIRECTION('',(-1.144237745222E-17,-1.,0.));
#12720 = DIRECTION('',(0.984807753012,-1.126854202784E-17,
    -0.173648177667));
#12721 = ADVANCED_FACE('',(#12722),#12728,.F.);
#12722 = FACE_BOUND('',#12723,.F.);
#12723 = EDGE_LOOP('',(#12724,#12725,#12726,#12727));
#12724 = ORIENTED_EDGE('',*,*,#10952,.T.);
#12725 = ORIENTED_EDGE('',*,*,#10970,.T.);
#12726 = ORIENTED_EDGE('',*,*,#12711,.F.);
#12727 = ORIENTED_EDGE('',*,*,#10861,.F.);
#12728 = PLANE('',#12729);
#12729 = AXIS2_PLACEMENT_3D('',#12730,#12731,#12732);
#12730 = CARTESIAN_POINT('',(-2.348480775301,0.43,0.742364817767));
#12731 = DIRECTION('',(-0.986841372087,1.129181146488E-17,0.161691392282
    ));
#12732 = DIRECTION('',(-0.161691392282,1.85013394127E-18,-0.986841372087
    ));
#12733 = ADVANCED_FACE('',(#12734),#12745,.F.);
#12734 = FACE_BOUND('',#12735,.F.);
#12735 = EDGE_LOOP('',(#12736,#12742,#12743,#12744));
#12736 = ORIENTED_EDGE('',*,*,#12737,.T.);
#12737 = EDGE_CURVE('',#11121,#11223,#12738,.T.);
#12738 = LINE('',#12739,#12740);
#12739 = CARTESIAN_POINT('',(-2.6264581915,1.7,0.282635182233));
#12740 = VECTOR('',#12741,1.);
#12741 = DIRECTION('',(1.144237745222E-17,1.,0.));
#12742 = ORIENTED_EDGE('',*,*,#11231,.T.);
#12743 = ORIENTED_EDGE('',*,*,#12109,.F.);
#12744 = ORIENTED_EDGE('',*,*,#11129,.F.);
#12745 = PLANE('',#12746);
#12746 = AXIS2_PLACEMENT_3D('',#12747,#12748,#12749);
#12747 = CARTESIAN_POINT('',(-2.6264581915,1.7,0.282635182233));
#12748 = DIRECTION('',(0.986841372087,-1.129181146488E-17,
    -0.161691392282));
#12749 = DIRECTION('',(0.161691392282,-1.85013394127E-18,0.986841372087)
  );
#12750 = ADVANCED_FACE('',(#12751),#12762,.F.);
#12751 = FACE_BOUND('',#12752,.F.);
#12752 = EDGE_LOOP('',(#12753,#12759,#12760,#12761));
#12753 = ORIENTED_EDGE('',*,*,#12754,.T.);
#12754 = EDGE_CURVE('',#11113,#11215,#12755,.T.);
#12755 = LINE('',#12756,#12757);
#12756 = CARTESIAN_POINT('',(-2.724938966801,1.7,0.2));
#12757 = VECTOR('',#12758,1.);
#12758 = DIRECTION('',(1.144237745222E-17,1.,0.));
#12759 = ORIENTED_EDGE('',*,*,#11222,.T.);
#12760 = ORIENTED_EDGE('',*,*,#12737,.F.);
#12761 = ORIENTED_EDGE('',*,*,#11120,.F.);
#12762 = CYLINDRICAL_SURFACE('',#12763,0.1);
#12763 = AXIS2_PLACEMENT_3D('',#12764,#12765,#12766);
#12764 = CARTESIAN_POINT('',(-2.724938966801,1.7,0.3));
#12765 = DIRECTION('',(-1.144237745222E-17,-1.,0.));
#12766 = DIRECTION('',(-0.,0.,-1.));
#12767 = ADVANCED_FACE('',(#12768),#12779,.F.);
#12768 = FACE_BOUND('',#12769,.F.);
#12769 = EDGE_LOOP('',(#12770,#12776,#12777,#12778));
#12770 = ORIENTED_EDGE('',*,*,#12771,.T.);
#12771 = EDGE_CURVE('',#11105,#11207,#12772,.T.);
#12772 = LINE('',#12773,#12774);
#12773 = CARTESIAN_POINT('',(-3.,1.7,0.2));
#12774 = VECTOR('',#12775,1.);
#12775 = DIRECTION('',(1.144237745222E-17,1.,0.));
#12776 = ORIENTED_EDGE('',*,*,#11214,.T.);
#12777 = ORIENTED_EDGE('',*,*,#12754,.F.);
#12778 = ORIENTED_EDGE('',*,*,#11112,.F.);
#12779 = PLANE('',#12780);
#12780 = AXIS2_PLACEMENT_3D('',#12781,#12782,#12783);
#12781 = CARTESIAN_POINT('',(-3.,1.7,0.2));
#12782 = DIRECTION('',(0.,0.,-1.));
#12783 = DIRECTION('',(1.,-1.144237745222E-17,0.));
#12784 = ADVANCED_FACE('',(#12785),#12796,.F.);
#12785 = FACE_BOUND('',#12786,.F.);
#12786 = EDGE_LOOP('',(#12787,#12793,#12794,#12795));
#12787 = ORIENTED_EDGE('',*,*,#12788,.T.);
#12788 = EDGE_CURVE('',#11097,#11199,#12789,.T.);
#12789 = LINE('',#12790,#12791);
#12790 = CARTESIAN_POINT('',(-3.,1.7,-1.665334536938E-16));
#12791 = VECTOR('',#12792,1.);
#12792 = DIRECTION('',(1.144237745222E-17,1.,0.));
#12793 = ORIENTED_EDGE('',*,*,#11206,.T.);
#12794 = ORIENTED_EDGE('',*,*,#12771,.F.);
#12795 = ORIENTED_EDGE('',*,*,#11104,.F.);
#12796 = PLANE('',#12797);
#12797 = AXIS2_PLACEMENT_3D('',#12798,#12799,#12800);
#12798 = CARTESIAN_POINT('',(-3.,1.7,-1.665334536938E-16));
#12799 = DIRECTION('',(1.,-1.144237745222E-17,0.));
#12800 = DIRECTION('',(0.,0.,1.));
#12801 = ADVANCED_FACE('',(#12802),#12813,.F.);
#12802 = FACE_BOUND('',#12803,.F.);
#12803 = EDGE_LOOP('',(#12804,#12810,#12811,#12812));
#12804 = ORIENTED_EDGE('',*,*,#12805,.T.);
#12805 = EDGE_CURVE('',#11088,#11190,#12806,.T.);
#12806 = LINE('',#12807,#12808);
#12807 = CARTESIAN_POINT('',(-2.724938966801,1.7,-1.665334536938E-16));
#12808 = VECTOR('',#12809,1.);
#12809 = DIRECTION('',(1.144237745222E-17,1.,0.));
#12810 = ORIENTED_EDGE('',*,*,#11198,.T.);
#12811 = ORIENTED_EDGE('',*,*,#12788,.F.);
#12812 = ORIENTED_EDGE('',*,*,#11096,.F.);
#12813 = PLANE('',#12814);
#12814 = AXIS2_PLACEMENT_3D('',#12815,#12816,#12817);
#12815 = CARTESIAN_POINT('',(-2.724938966801,1.7,-1.665334536938E-16));
#12816 = DIRECTION('',(0.,0.,1.));
#12817 = DIRECTION('',(-1.,1.144237745222E-17,0.));
#12818 = ADVANCED_FACE('',(#12819),#12830,.T.);
#12819 = FACE_BOUND('',#12820,.T.);
#12820 = EDGE_LOOP('',(#12821,#12822,#12823,#12824));
#12821 = ORIENTED_EDGE('',*,*,#11087,.T.);
#12822 = ORIENTED_EDGE('',*,*,#12805,.T.);
#12823 = ORIENTED_EDGE('',*,*,#11189,.F.);
#12824 = ORIENTED_EDGE('',*,*,#12825,.F.);
#12825 = EDGE_CURVE('',#11080,#11182,#12826,.T.);
#12826 = LINE('',#12827,#12828);
#12827 = CARTESIAN_POINT('',(-2.429496640897,1.7,0.2479055467));
#12828 = VECTOR('',#12829,1.);
#12829 = DIRECTION('',(1.144237745222E-17,1.,0.));
#12830 = CYLINDRICAL_SURFACE('',#12831,0.3);
#12831 = AXIS2_PLACEMENT_3D('',#12832,#12833,#12834);
#12832 = CARTESIAN_POINT('',(-2.724938966801,1.7,0.3));
#12833 = DIRECTION('',(-1.144237745222E-17,-1.,0.));
#12834 = DIRECTION('',(0.984807753012,-1.126854202784E-17,
    -0.173648177667));
#12835 = ADVANCED_FACE('',(#12836),#12842,.F.);
#12836 = FACE_BOUND('',#12837,.F.);
#12837 = EDGE_LOOP('',(#12838,#12839,#12840,#12841));
#12838 = ORIENTED_EDGE('',*,*,#11163,.T.);
#12839 = ORIENTED_EDGE('',*,*,#11181,.T.);
#12840 = ORIENTED_EDGE('',*,*,#12825,.F.);
#12841 = ORIENTED_EDGE('',*,*,#11079,.F.);
#12842 = PLANE('',#12843);
#12843 = AXIS2_PLACEMENT_3D('',#12844,#12845,#12846);
#12844 = CARTESIAN_POINT('',(-2.348480775301,1.7,0.742364817767));
#12845 = DIRECTION('',(-0.986841372087,1.129181146488E-17,0.161691392282
    ));
#12846 = DIRECTION('',(-0.161691392282,1.85013394127E-18,-0.986841372087
    ));
#12847 = ADVANCED_FACE('',(#12848),#12859,.F.);
#12848 = FACE_BOUND('',#12849,.F.);
#12849 = EDGE_LOOP('',(#12850,#12856,#12857,#12858));
#12850 = ORIENTED_EDGE('',*,*,#12851,.T.);
#12851 = EDGE_CURVE('',#11308,#11410,#12852,.T.);
#12852 = LINE('',#12853,#12854);
#12853 = CARTESIAN_POINT('',(2.6264581915,2.11,0.282635182233));
#12854 = VECTOR('',#12855,1.);
#12855 = DIRECTION('',(1.110223024625E-16,-1.,0.));
#12856 = ORIENTED_EDGE('',*,*,#11418,.T.);
#12857 = ORIENTED_EDGE('',*,*,#12318,.F.);
#12858 = ORIENTED_EDGE('',*,*,#11316,.F.);
#12859 = PLANE('',#12860);
#12860 = AXIS2_PLACEMENT_3D('',#12861,#12862,#12863);
#12861 = CARTESIAN_POINT('',(2.6264581915,2.11,0.282635182233));
#12862 = DIRECTION('',(-0.986841372087,-1.095614012943E-16,
    -0.161691392282));
#12863 = DIRECTION('',(-0.161691392282,-1.795135065956E-17,
    0.986841372087));
#12864 = ADVANCED_FACE('',(#12865),#12876,.F.);
#12865 = FACE_BOUND('',#12866,.F.);
#12866 = EDGE_LOOP('',(#12867,#12873,#12874,#12875));
#12867 = ORIENTED_EDGE('',*,*,#12868,.T.);
#12868 = EDGE_CURVE('',#11300,#11402,#12869,.T.);
#12869 = LINE('',#12870,#12871);
#12870 = CARTESIAN_POINT('',(2.724938966801,2.11,0.2));
#12871 = VECTOR('',#12872,1.);
#12872 = DIRECTION('',(1.110223024625E-16,-1.,0.));
#12873 = ORIENTED_EDGE('',*,*,#11409,.T.);
#12874 = ORIENTED_EDGE('',*,*,#12851,.F.);
#12875 = ORIENTED_EDGE('',*,*,#11307,.F.);
#12876 = CYLINDRICAL_SURFACE('',#12877,0.1);
#12877 = AXIS2_PLACEMENT_3D('',#12878,#12879,#12880);
#12878 = CARTESIAN_POINT('',(2.724938966801,2.11,0.3));
#12879 = DIRECTION('',(-1.110223024625E-16,1.,0.));
#12880 = DIRECTION('',(0.,0.,-1.));
#12881 = ADVANCED_FACE('',(#12882),#12893,.F.);
#12882 = FACE_BOUND('',#12883,.F.);
#12883 = EDGE_LOOP('',(#12884,#12890,#12891,#12892));
#12884 = ORIENTED_EDGE('',*,*,#12885,.T.);
#12885 = EDGE_CURVE('',#11292,#11394,#12886,.T.);
#12886 = LINE('',#12887,#12888);
#12887 = CARTESIAN_POINT('',(3.,2.11,0.2));
#12888 = VECTOR('',#12889,1.);
#12889 = DIRECTION('',(1.110223024625E-16,-1.,0.));
#12890 = ORIENTED_EDGE('',*,*,#11401,.T.);
#12891 = ORIENTED_EDGE('',*,*,#12868,.F.);
#12892 = ORIENTED_EDGE('',*,*,#11299,.F.);
#12893 = PLANE('',#12894);
#12894 = AXIS2_PLACEMENT_3D('',#12895,#12896,#12897);
#12895 = CARTESIAN_POINT('',(3.,2.11,0.2));
#12896 = DIRECTION('',(0.,0.,-1.));
#12897 = DIRECTION('',(-1.,-1.110223024625E-16,-0.));
#12898 = ADVANCED_FACE('',(#12899),#12910,.F.);
#12899 = FACE_BOUND('',#12900,.F.);
#12900 = EDGE_LOOP('',(#12901,#12907,#12908,#12909));
#12901 = ORIENTED_EDGE('',*,*,#12902,.T.);
#12902 = EDGE_CURVE('',#11284,#11386,#12903,.T.);
#12903 = LINE('',#12904,#12905);
#12904 = CARTESIAN_POINT('',(3.,2.11,-1.665334536938E-16));
#12905 = VECTOR('',#12906,1.);
#12906 = DIRECTION('',(1.110223024625E-16,-1.,0.));
#12907 = ORIENTED_EDGE('',*,*,#11393,.T.);
#12908 = ORIENTED_EDGE('',*,*,#12885,.F.);
#12909 = ORIENTED_EDGE('',*,*,#11291,.F.);
#12910 = PLANE('',#12911);
#12911 = AXIS2_PLACEMENT_3D('',#12912,#12913,#12914);
#12912 = CARTESIAN_POINT('',(3.,2.11,-1.665334536938E-16));
#12913 = DIRECTION('',(-1.,-1.110223024625E-16,0.));
#12914 = DIRECTION('',(0.,0.,1.));
#12915 = ADVANCED_FACE('',(#12916),#12927,.F.);
#12916 = FACE_BOUND('',#12917,.F.);
#12917 = EDGE_LOOP('',(#12918,#12924,#12925,#12926));
#12918 = ORIENTED_EDGE('',*,*,#12919,.T.);
#12919 = EDGE_CURVE('',#11275,#11377,#12920,.T.);
#12920 = LINE('',#12921,#12922);
#12921 = CARTESIAN_POINT('',(2.724938966801,2.11,-1.665334536938E-16));
#12922 = VECTOR('',#12923,1.);
#12923 = DIRECTION('',(1.110223024625E-16,-1.,0.));
#12924 = ORIENTED_EDGE('',*,*,#11385,.T.);
#12925 = ORIENTED_EDGE('',*,*,#12902,.F.);
#12926 = ORIENTED_EDGE('',*,*,#11283,.F.);
#12927 = PLANE('',#12928);
#12928 = AXIS2_PLACEMENT_3D('',#12929,#12930,#12931);
#12929 = CARTESIAN_POINT('',(2.724938966801,2.11,-1.665334536938E-16));
#12930 = DIRECTION('',(0.,0.,1.));
#12931 = DIRECTION('',(1.,1.110223024625E-16,-0.));
#12932 = ADVANCED_FACE('',(#12933),#12944,.T.);
#12933 = FACE_BOUND('',#12934,.T.);
#12934 = EDGE_LOOP('',(#12935,#12936,#12937,#12938));
#12935 = ORIENTED_EDGE('',*,*,#11274,.T.);
#12936 = ORIENTED_EDGE('',*,*,#12919,.T.);
#12937 = ORIENTED_EDGE('',*,*,#11376,.F.);
#12938 = ORIENTED_EDGE('',*,*,#12939,.F.);
#12939 = EDGE_CURVE('',#11267,#11369,#12940,.T.);
#12940 = LINE('',#12941,#12942);
#12941 = CARTESIAN_POINT('',(2.429496640897,2.11,0.2479055467));
#12942 = VECTOR('',#12943,1.);
#12943 = DIRECTION('',(1.110223024625E-16,-1.,0.));
#12944 = CYLINDRICAL_SURFACE('',#12945,0.3);
#12945 = AXIS2_PLACEMENT_3D('',#12946,#12947,#12948);
#12946 = CARTESIAN_POINT('',(2.724938966801,2.11,0.3));
#12947 = DIRECTION('',(-1.110223024625E-16,1.,0.));
#12948 = DIRECTION('',(-0.984807753012,-1.093356242223E-16,
    -0.173648177667));
#12949 = ADVANCED_FACE('',(#12950),#12956,.F.);
#12950 = FACE_BOUND('',#12951,.F.);
#12951 = EDGE_LOOP('',(#12952,#12953,#12954,#12955));
#12952 = ORIENTED_EDGE('',*,*,#11350,.T.);
#12953 = ORIENTED_EDGE('',*,*,#11368,.T.);
#12954 = ORIENTED_EDGE('',*,*,#12939,.F.);
#12955 = ORIENTED_EDGE('',*,*,#11266,.F.);
#12956 = PLANE('',#12957);
#12957 = AXIS2_PLACEMENT_3D('',#12958,#12959,#12960);
#12958 = CARTESIAN_POINT('',(2.348480775301,2.11,0.742364817767));
#12959 = DIRECTION('',(0.986841372087,1.095614012943E-16,0.161691392282)
  );
#12960 = DIRECTION('',(0.161691392282,1.795135065956E-17,-0.986841372087
    ));
#12961 = ADVANCED_FACE('',(#12962),#12973,.T.);
#12962 = FACE_BOUND('',#12963,.T.);
#12963 = EDGE_LOOP('',(#12964,#12965,#12966,#12967));
#12964 = ORIENTED_EDGE('',*,*,#11528,.T.);
#12965 = ORIENTED_EDGE('',*,*,#12243,.T.);
#12966 = ORIENTED_EDGE('',*,*,#11637,.F.);
#12967 = ORIENTED_EDGE('',*,*,#12968,.F.);
#12968 = EDGE_CURVE('',#11521,#11630,#12969,.T.);
#12969 = LINE('',#12970,#12971);
#12970 = CARTESIAN_POINT('',(2.545442325904,0.84,0.7770944533));
#12971 = VECTOR('',#12972,1.);
#12972 = DIRECTION('',(1.110223024625E-16,-1.,0.));
#12973 = CYLINDRICAL_SURFACE('',#12974,0.3);
#12974 = AXIS2_PLACEMENT_3D('',#12975,#12976,#12977);
#12975 = CARTESIAN_POINT('',(2.25,0.84,0.725));
#12976 = DIRECTION('',(-1.110223024625E-16,1.,0.));
#12977 = DIRECTION('',(0.984807753012,1.093356242223E-16,0.173648177667)
  );
#12978 = ADVANCED_FACE('',(#12979),#12990,.F.);
#12979 = FACE_BOUND('',#12980,.F.);
#12980 = EDGE_LOOP('',(#12981,#12987,#12988,#12989));
#12981 = ORIENTED_EDGE('',*,*,#12982,.T.);
#12982 = EDGE_CURVE('',#11512,#11621,#12983,.T.);
#12983 = LINE('',#12984,#12985);
#12984 = CARTESIAN_POINT('',(2.6264581915,0.84,0.282635182233));
#12985 = VECTOR('',#12986,1.);
#12986 = DIRECTION('',(1.110223024625E-16,-1.,0.));
#12987 = ORIENTED_EDGE('',*,*,#11629,.T.);
#12988 = ORIENTED_EDGE('',*,*,#12968,.F.);
#12989 = ORIENTED_EDGE('',*,*,#11520,.F.);
#12990 = PLANE('',#12991);
#12991 = AXIS2_PLACEMENT_3D('',#12992,#12993,#12994);
#12992 = CARTESIAN_POINT('',(2.6264581915,0.84,0.282635182233));
#12993 = DIRECTION('',(-0.986841372087,-1.095614012943E-16,
    -0.161691392282));
#12994 = DIRECTION('',(-0.161691392282,-1.795135065956E-17,
    0.986841372087));
#12995 = ADVANCED_FACE('',(#12996),#13007,.F.);
#12996 = FACE_BOUND('',#12997,.F.);
#12997 = EDGE_LOOP('',(#12998,#13004,#13005,#13006));
#12998 = ORIENTED_EDGE('',*,*,#12999,.T.);
#12999 = EDGE_CURVE('',#11504,#11613,#13000,.T.);
#13000 = LINE('',#13001,#13002);
#13001 = CARTESIAN_POINT('',(2.724938966801,0.84,0.2));
#13002 = VECTOR('',#13003,1.);
#13003 = DIRECTION('',(1.110223024625E-16,-1.,0.));
#13004 = ORIENTED_EDGE('',*,*,#11620,.T.);
#13005 = ORIENTED_EDGE('',*,*,#12982,.F.);
#13006 = ORIENTED_EDGE('',*,*,#11511,.F.);
#13007 = CYLINDRICAL_SURFACE('',#13008,0.1);
#13008 = AXIS2_PLACEMENT_3D('',#13009,#13010,#13011);
#13009 = CARTESIAN_POINT('',(2.724938966801,0.84,0.3));
#13010 = DIRECTION('',(-1.110223024625E-16,1.,0.));
#13011 = DIRECTION('',(0.,0.,-1.));
#13012 = ADVANCED_FACE('',(#13013),#13024,.F.);
#13013 = FACE_BOUND('',#13014,.F.);
#13014 = EDGE_LOOP('',(#13015,#13021,#13022,#13023));
#13015 = ORIENTED_EDGE('',*,*,#13016,.T.);
#13016 = EDGE_CURVE('',#11496,#11605,#13017,.T.);
#13017 = LINE('',#13018,#13019);
#13018 = CARTESIAN_POINT('',(3.,0.84,0.2));
#13019 = VECTOR('',#13020,1.);
#13020 = DIRECTION('',(1.110223024625E-16,-1.,0.));
#13021 = ORIENTED_EDGE('',*,*,#11612,.T.);
#13022 = ORIENTED_EDGE('',*,*,#12999,.F.);
#13023 = ORIENTED_EDGE('',*,*,#11503,.F.);
#13024 = PLANE('',#13025);
#13025 = AXIS2_PLACEMENT_3D('',#13026,#13027,#13028);
#13026 = CARTESIAN_POINT('',(3.,0.84,0.2));
#13027 = DIRECTION('',(0.,0.,-1.));
#13028 = DIRECTION('',(-1.,-1.110223024625E-16,-0.));
#13029 = ADVANCED_FACE('',(#13030),#13041,.F.);
#13030 = FACE_BOUND('',#13031,.F.);
#13031 = EDGE_LOOP('',(#13032,#13038,#13039,#13040));
#13032 = ORIENTED_EDGE('',*,*,#13033,.T.);
#13033 = EDGE_CURVE('',#11488,#11597,#13034,.T.);
#13034 = LINE('',#13035,#13036);
#13035 = CARTESIAN_POINT('',(3.,0.84,-1.665334536938E-16));
#13036 = VECTOR('',#13037,1.);
#13037 = DIRECTION('',(1.110223024625E-16,-1.,0.));
#13038 = ORIENTED_EDGE('',*,*,#11604,.T.);
#13039 = ORIENTED_EDGE('',*,*,#13016,.F.);
#13040 = ORIENTED_EDGE('',*,*,#11495,.F.);
#13041 = PLANE('',#13042);
#13042 = AXIS2_PLACEMENT_3D('',#13043,#13044,#13045);
#13043 = CARTESIAN_POINT('',(3.,0.84,-1.665334536938E-16));
#13044 = DIRECTION('',(-1.,-1.110223024625E-16,0.));
#13045 = DIRECTION('',(0.,0.,1.));
#13046 = ADVANCED_FACE('',(#13047),#13058,.F.);
#13047 = FACE_BOUND('',#13048,.F.);
#13048 = EDGE_LOOP('',(#13049,#13055,#13056,#13057));
#13049 = ORIENTED_EDGE('',*,*,#13050,.T.);
#13050 = EDGE_CURVE('',#11479,#11588,#13051,.T.);
#13051 = LINE('',#13052,#13053);
#13052 = CARTESIAN_POINT('',(2.724938966801,0.84,-1.665334536938E-16));
#13053 = VECTOR('',#13054,1.);
#13054 = DIRECTION('',(1.110223024625E-16,-1.,0.));
#13055 = ORIENTED_EDGE('',*,*,#11596,.T.);
#13056 = ORIENTED_EDGE('',*,*,#13033,.F.);
#13057 = ORIENTED_EDGE('',*,*,#11487,.F.);
#13058 = PLANE('',#13059);
#13059 = AXIS2_PLACEMENT_3D('',#13060,#13061,#13062);
#13060 = CARTESIAN_POINT('',(2.724938966801,0.84,-1.665334536938E-16));
#13061 = DIRECTION('',(0.,0.,1.));
#13062 = DIRECTION('',(1.,1.110223024625E-16,-0.));
#13063 = ADVANCED_FACE('',(#13064),#13075,.T.);
#13064 = FACE_BOUND('',#13065,.T.);
#13065 = EDGE_LOOP('',(#13066,#13067,#13068,#13069));
#13066 = ORIENTED_EDGE('',*,*,#11478,.T.);
#13067 = ORIENTED_EDGE('',*,*,#13050,.T.);
#13068 = ORIENTED_EDGE('',*,*,#11587,.F.);
#13069 = ORIENTED_EDGE('',*,*,#13070,.F.);
#13070 = EDGE_CURVE('',#11471,#11580,#13071,.T.);
#13071 = LINE('',#13072,#13073);
#13072 = CARTESIAN_POINT('',(2.429496640897,0.84,0.2479055467));
#13073 = VECTOR('',#13074,1.);
#13074 = DIRECTION('',(1.110223024625E-16,-1.,0.));
#13075 = CYLINDRICAL_SURFACE('',#13076,0.3);
#13076 = AXIS2_PLACEMENT_3D('',#13077,#13078,#13079);
#13077 = CARTESIAN_POINT('',(2.724938966801,0.84,0.3));
#13078 = DIRECTION('',(-1.110223024625E-16,1.,0.));
#13079 = DIRECTION('',(-0.984807753012,-1.093356242223E-16,
    -0.173648177667));
#13080 = ADVANCED_FACE('',(#13081),#13087,.F.);
#13081 = FACE_BOUND('',#13082,.F.);
#13082 = EDGE_LOOP('',(#13083,#13084,#13085,#13086));
#13083 = ORIENTED_EDGE('',*,*,#11561,.T.);
#13084 = ORIENTED_EDGE('',*,*,#11579,.T.);
#13085 = ORIENTED_EDGE('',*,*,#13070,.F.);
#13086 = ORIENTED_EDGE('',*,*,#11470,.F.);
#13087 = PLANE('',#13088);
#13088 = AXIS2_PLACEMENT_3D('',#13089,#13090,#13091);
#13089 = CARTESIAN_POINT('',(2.348480775301,0.84,0.742364817767));
#13090 = DIRECTION('',(0.986841372087,1.095614012943E-16,0.161691392282)
  );
#13091 = DIRECTION('',(0.161691392282,1.795135065956E-17,-0.986841372087
    ));
#13092 = ADVANCED_FACE('',(#13093),#13104,.T.);
#13093 = FACE_BOUND('',#13094,.T.);
#13094 = EDGE_LOOP('',(#13095,#13096,#13097,#13098));
#13095 = ORIENTED_EDGE('',*,*,#11751,.T.);
#13096 = ORIENTED_EDGE('',*,*,#12262,.T.);
#13097 = ORIENTED_EDGE('',*,*,#11860,.F.);
#13098 = ORIENTED_EDGE('',*,*,#13099,.F.);
#13099 = EDGE_CURVE('',#11744,#11853,#13100,.T.);
#13100 = LINE('',#13101,#13102);
#13101 = CARTESIAN_POINT('',(2.545442325904,-0.43,0.7770944533));
#13102 = VECTOR('',#13103,1.);
#13103 = DIRECTION('',(1.110223024625E-16,-1.,0.));
#13104 = CYLINDRICAL_SURFACE('',#13105,0.3);
#13105 = AXIS2_PLACEMENT_3D('',#13106,#13107,#13108);
#13106 = CARTESIAN_POINT('',(2.25,-0.43,0.725));
#13107 = DIRECTION('',(-1.110223024625E-16,1.,0.));
#13108 = DIRECTION('',(0.984807753012,1.093356242223E-16,0.173648177667)
  );
#13109 = ADVANCED_FACE('',(#13110),#13121,.F.);
#13110 = FACE_BOUND('',#13111,.F.);
#13111 = EDGE_LOOP('',(#13112,#13118,#13119,#13120));
#13112 = ORIENTED_EDGE('',*,*,#13113,.T.);
#13113 = EDGE_CURVE('',#11735,#11844,#13114,.T.);
#13114 = LINE('',#13115,#13116);
#13115 = CARTESIAN_POINT('',(2.6264581915,-0.43,0.282635182233));
#13116 = VECTOR('',#13117,1.);
#13117 = DIRECTION('',(1.110223024625E-16,-1.,0.));
#13118 = ORIENTED_EDGE('',*,*,#11852,.T.);
#13119 = ORIENTED_EDGE('',*,*,#13099,.F.);
#13120 = ORIENTED_EDGE('',*,*,#11743,.F.);
#13121 = PLANE('',#13122);
#13122 = AXIS2_PLACEMENT_3D('',#13123,#13124,#13125);
#13123 = CARTESIAN_POINT('',(2.6264581915,-0.43,0.282635182233));
#13124 = DIRECTION('',(-0.986841372087,-1.095614012943E-16,
    -0.161691392282));
#13125 = DIRECTION('',(-0.161691392282,-1.795135065956E-17,
    0.986841372087));
#13126 = ADVANCED_FACE('',(#13127),#13138,.F.);
#13127 = FACE_BOUND('',#13128,.F.);
#13128 = EDGE_LOOP('',(#13129,#13135,#13136,#13137));
#13129 = ORIENTED_EDGE('',*,*,#13130,.T.);
#13130 = EDGE_CURVE('',#11727,#11836,#13131,.T.);
#13131 = LINE('',#13132,#13133);
#13132 = CARTESIAN_POINT('',(2.724938966801,-0.43,0.2));
#13133 = VECTOR('',#13134,1.);
#13134 = DIRECTION('',(1.110223024625E-16,-1.,0.));
#13135 = ORIENTED_EDGE('',*,*,#11843,.T.);
#13136 = ORIENTED_EDGE('',*,*,#13113,.F.);
#13137 = ORIENTED_EDGE('',*,*,#11734,.F.);
#13138 = CYLINDRICAL_SURFACE('',#13139,0.1);
#13139 = AXIS2_PLACEMENT_3D('',#13140,#13141,#13142);
#13140 = CARTESIAN_POINT('',(2.724938966801,-0.43,0.3));
#13141 = DIRECTION('',(-1.110223024625E-16,1.,0.));
#13142 = DIRECTION('',(0.,0.,-1.));
#13143 = ADVANCED_FACE('',(#13144),#13155,.F.);
#13144 = FACE_BOUND('',#13145,.F.);
#13145 = EDGE_LOOP('',(#13146,#13152,#13153,#13154));
#13146 = ORIENTED_EDGE('',*,*,#13147,.T.);
#13147 = EDGE_CURVE('',#11719,#11828,#13148,.T.);
#13148 = LINE('',#13149,#13150);
#13149 = CARTESIAN_POINT('',(3.,-0.43,0.2));
#13150 = VECTOR('',#13151,1.);
#13151 = DIRECTION('',(1.110223024625E-16,-1.,0.));
#13152 = ORIENTED_EDGE('',*,*,#11835,.T.);
#13153 = ORIENTED_EDGE('',*,*,#13130,.F.);
#13154 = ORIENTED_EDGE('',*,*,#11726,.F.);
#13155 = PLANE('',#13156);
#13156 = AXIS2_PLACEMENT_3D('',#13157,#13158,#13159);
#13157 = CARTESIAN_POINT('',(3.,-0.43,0.2));
#13158 = DIRECTION('',(0.,0.,-1.));
#13159 = DIRECTION('',(-1.,-1.110223024625E-16,-0.));
#13160 = ADVANCED_FACE('',(#13161),#13172,.F.);
#13161 = FACE_BOUND('',#13162,.F.);
#13162 = EDGE_LOOP('',(#13163,#13169,#13170,#13171));
#13163 = ORIENTED_EDGE('',*,*,#13164,.T.);
#13164 = EDGE_CURVE('',#11711,#11820,#13165,.T.);
#13165 = LINE('',#13166,#13167);
#13166 = CARTESIAN_POINT('',(3.,-0.43,-1.665334536938E-16));
#13167 = VECTOR('',#13168,1.);
#13168 = DIRECTION('',(1.110223024625E-16,-1.,0.));
#13169 = ORIENTED_EDGE('',*,*,#11827,.T.);
#13170 = ORIENTED_EDGE('',*,*,#13147,.F.);
#13171 = ORIENTED_EDGE('',*,*,#11718,.F.);
#13172 = PLANE('',#13173);
#13173 = AXIS2_PLACEMENT_3D('',#13174,#13175,#13176);
#13174 = CARTESIAN_POINT('',(3.,-0.43,-1.665334536938E-16));
#13175 = DIRECTION('',(-1.,-1.110223024625E-16,0.));
#13176 = DIRECTION('',(0.,0.,1.));
#13177 = ADVANCED_FACE('',(#13178),#13189,.F.);
#13178 = FACE_BOUND('',#13179,.F.);
#13179 = EDGE_LOOP('',(#13180,#13186,#13187,#13188));
#13180 = ORIENTED_EDGE('',*,*,#13181,.T.);
#13181 = EDGE_CURVE('',#11702,#11811,#13182,.T.);
#13182 = LINE('',#13183,#13184);
#13183 = CARTESIAN_POINT('',(2.724938966801,-0.43,-1.665334536938E-16));
#13184 = VECTOR('',#13185,1.);
#13185 = DIRECTION('',(1.110223024625E-16,-1.,0.));
#13186 = ORIENTED_EDGE('',*,*,#11819,.T.);
#13187 = ORIENTED_EDGE('',*,*,#13164,.F.);
#13188 = ORIENTED_EDGE('',*,*,#11710,.F.);
#13189 = PLANE('',#13190);
#13190 = AXIS2_PLACEMENT_3D('',#13191,#13192,#13193);
#13191 = CARTESIAN_POINT('',(2.724938966801,-0.43,-1.665334536938E-16));
#13192 = DIRECTION('',(0.,0.,1.));
#13193 = DIRECTION('',(1.,1.110223024625E-16,-0.));
#13194 = ADVANCED_FACE('',(#13195),#13206,.T.);
#13195 = FACE_BOUND('',#13196,.T.);
#13196 = EDGE_LOOP('',(#13197,#13198,#13199,#13200));
#13197 = ORIENTED_EDGE('',*,*,#11701,.T.);
#13198 = ORIENTED_EDGE('',*,*,#13181,.T.);
#13199 = ORIENTED_EDGE('',*,*,#11810,.F.);
#13200 = ORIENTED_EDGE('',*,*,#13201,.F.);
#13201 = EDGE_CURVE('',#11694,#11803,#13202,.T.);
#13202 = LINE('',#13203,#13204);
#13203 = CARTESIAN_POINT('',(2.429496640897,-0.43,0.2479055467));
#13204 = VECTOR('',#13205,1.);
#13205 = DIRECTION('',(1.110223024625E-16,-1.,0.));
#13206 = CYLINDRICAL_SURFACE('',#13207,0.3);
#13207 = AXIS2_PLACEMENT_3D('',#13208,#13209,#13210);
#13208 = CARTESIAN_POINT('',(2.724938966801,-0.43,0.3));
#13209 = DIRECTION('',(-1.110223024625E-16,1.,0.));
#13210 = DIRECTION('',(-0.984807753012,-1.093356242223E-16,
    -0.173648177667));
#13211 = ADVANCED_FACE('',(#13212),#13218,.F.);
#13212 = FACE_BOUND('',#13213,.F.);
#13213 = EDGE_LOOP('',(#13214,#13215,#13216,#13217));
#13214 = ORIENTED_EDGE('',*,*,#11784,.T.);
#13215 = ORIENTED_EDGE('',*,*,#11802,.T.);
#13216 = ORIENTED_EDGE('',*,*,#13201,.F.);
#13217 = ORIENTED_EDGE('',*,*,#11693,.F.);
#13218 = PLANE('',#13219);
#13219 = AXIS2_PLACEMENT_3D('',#13220,#13221,#13222);
#13220 = CARTESIAN_POINT('',(2.348480775301,-0.43,0.742364817767));
#13221 = DIRECTION('',(0.986841372087,1.095614012943E-16,0.161691392282)
  );
#13222 = DIRECTION('',(0.161691392282,1.795135065956E-17,-0.986841372087
    ));
#13223 = ADVANCED_FACE('',(#13224),#13235,.T.);
#13224 = FACE_BOUND('',#13225,.T.);
#13225 = EDGE_LOOP('',(#13226,#13227,#13228,#13229));
#13226 = ORIENTED_EDGE('',*,*,#11974,.T.);
#13227 = ORIENTED_EDGE('',*,*,#12281,.T.);
#13228 = ORIENTED_EDGE('',*,*,#12083,.F.);
#13229 = ORIENTED_EDGE('',*,*,#13230,.F.);
#13230 = EDGE_CURVE('',#11967,#12076,#13231,.T.);
#13231 = LINE('',#13232,#13233);
#13232 = CARTESIAN_POINT('',(2.545442325904,-1.7,0.7770944533));
#13233 = VECTOR('',#13234,1.);
#13234 = DIRECTION('',(1.110223024625E-16,-1.,0.));
#13235 = CYLINDRICAL_SURFACE('',#13236,0.3);
#13236 = AXIS2_PLACEMENT_3D('',#13237,#13238,#13239);
#13237 = CARTESIAN_POINT('',(2.25,-1.7,0.725));
#13238 = DIRECTION('',(-1.110223024625E-16,1.,0.));
#13239 = DIRECTION('',(0.984807753012,1.093356242223E-16,0.173648177667)
  );
#13240 = ADVANCED_FACE('',(#13241),#13252,.F.);
#13241 = FACE_BOUND('',#13242,.F.);
#13242 = EDGE_LOOP('',(#13243,#13249,#13250,#13251));
#13243 = ORIENTED_EDGE('',*,*,#13244,.T.);
#13244 = EDGE_CURVE('',#11958,#12067,#13245,.T.);
#13245 = LINE('',#13246,#13247);
#13246 = CARTESIAN_POINT('',(2.6264581915,-1.7,0.282635182233));
#13247 = VECTOR('',#13248,1.);
#13248 = DIRECTION('',(1.110223024625E-16,-1.,0.));
#13249 = ORIENTED_EDGE('',*,*,#12075,.T.);
#13250 = ORIENTED_EDGE('',*,*,#13230,.F.);
#13251 = ORIENTED_EDGE('',*,*,#11966,.F.);
#13252 = PLANE('',#13253);
#13253 = AXIS2_PLACEMENT_3D('',#13254,#13255,#13256);
#13254 = CARTESIAN_POINT('',(2.6264581915,-1.7,0.282635182233));
#13255 = DIRECTION('',(-0.986841372087,-1.095614012943E-16,
    -0.161691392282));
#13256 = DIRECTION('',(-0.161691392282,-1.795135065956E-17,
    0.986841372087));
#13257 = ADVANCED_FACE('',(#13258),#13269,.F.);
#13258 = FACE_BOUND('',#13259,.F.);
#13259 = EDGE_LOOP('',(#13260,#13266,#13267,#13268));
#13260 = ORIENTED_EDGE('',*,*,#13261,.T.);
#13261 = EDGE_CURVE('',#11950,#12059,#13262,.T.);
#13262 = LINE('',#13263,#13264);
#13263 = CARTESIAN_POINT('',(2.724938966801,-1.7,0.2));
#13264 = VECTOR('',#13265,1.);
#13265 = DIRECTION('',(1.110223024625E-16,-1.,0.));
#13266 = ORIENTED_EDGE('',*,*,#12066,.T.);
#13267 = ORIENTED_EDGE('',*,*,#13244,.F.);
#13268 = ORIENTED_EDGE('',*,*,#11957,.F.);
#13269 = CYLINDRICAL_SURFACE('',#13270,0.1);
#13270 = AXIS2_PLACEMENT_3D('',#13271,#13272,#13273);
#13271 = CARTESIAN_POINT('',(2.724938966801,-1.7,0.3));
#13272 = DIRECTION('',(-1.110223024625E-16,1.,0.));
#13273 = DIRECTION('',(0.,0.,-1.));
#13274 = ADVANCED_FACE('',(#13275),#13286,.F.);
#13275 = FACE_BOUND('',#13276,.F.);
#13276 = EDGE_LOOP('',(#13277,#13283,#13284,#13285));
#13277 = ORIENTED_EDGE('',*,*,#13278,.T.);
#13278 = EDGE_CURVE('',#11942,#12051,#13279,.T.);
#13279 = LINE('',#13280,#13281);
#13280 = CARTESIAN_POINT('',(3.,-1.7,0.2));
#13281 = VECTOR('',#13282,1.);
#13282 = DIRECTION('',(1.110223024625E-16,-1.,0.));
#13283 = ORIENTED_EDGE('',*,*,#12058,.T.);
#13284 = ORIENTED_EDGE('',*,*,#13261,.F.);
#13285 = ORIENTED_EDGE('',*,*,#11949,.F.);
#13286 = PLANE('',#13287);
#13287 = AXIS2_PLACEMENT_3D('',#13288,#13289,#13290);
#13288 = CARTESIAN_POINT('',(3.,-1.7,0.2));
#13289 = DIRECTION('',(0.,0.,-1.));
#13290 = DIRECTION('',(-1.,-1.110223024625E-16,-0.));
#13291 = ADVANCED_FACE('',(#13292),#13303,.F.);
#13292 = FACE_BOUND('',#13293,.F.);
#13293 = EDGE_LOOP('',(#13294,#13300,#13301,#13302));
#13294 = ORIENTED_EDGE('',*,*,#13295,.T.);
#13295 = EDGE_CURVE('',#11934,#12043,#13296,.T.);
#13296 = LINE('',#13297,#13298);
#13297 = CARTESIAN_POINT('',(3.,-1.7,-1.665334536938E-16));
#13298 = VECTOR('',#13299,1.);
#13299 = DIRECTION('',(1.110223024625E-16,-1.,0.));
#13300 = ORIENTED_EDGE('',*,*,#12050,.T.);
#13301 = ORIENTED_EDGE('',*,*,#13278,.F.);
#13302 = ORIENTED_EDGE('',*,*,#11941,.F.);
#13303 = PLANE('',#13304);
#13304 = AXIS2_PLACEMENT_3D('',#13305,#13306,#13307);
#13305 = CARTESIAN_POINT('',(3.,-1.7,-1.665334536938E-16));
#13306 = DIRECTION('',(-1.,-1.110223024625E-16,0.));
#13307 = DIRECTION('',(0.,0.,1.));
#13308 = ADVANCED_FACE('',(#13309),#13320,.F.);
#13309 = FACE_BOUND('',#13310,.F.);
#13310 = EDGE_LOOP('',(#13311,#13317,#13318,#13319));
#13311 = ORIENTED_EDGE('',*,*,#13312,.T.);
#13312 = EDGE_CURVE('',#11925,#12034,#13313,.T.);
#13313 = LINE('',#13314,#13315);
#13314 = CARTESIAN_POINT('',(2.724938966801,-1.7,-1.665334536938E-16));
#13315 = VECTOR('',#13316,1.);
#13316 = DIRECTION('',(1.110223024625E-16,-1.,0.));
#13317 = ORIENTED_EDGE('',*,*,#12042,.T.);
#13318 = ORIENTED_EDGE('',*,*,#13295,.F.);
#13319 = ORIENTED_EDGE('',*,*,#11933,.F.);
#13320 = PLANE('',#13321);
#13321 = AXIS2_PLACEMENT_3D('',#13322,#13323,#13324);
#13322 = CARTESIAN_POINT('',(2.724938966801,-1.7,-1.665334536938E-16));
#13323 = DIRECTION('',(0.,0.,1.));
#13324 = DIRECTION('',(1.,1.110223024625E-16,-0.));
#13325 = ADVANCED_FACE('',(#13326),#13337,.T.);
#13326 = FACE_BOUND('',#13327,.T.);
#13327 = EDGE_LOOP('',(#13328,#13329,#13330,#13331));
#13328 = ORIENTED_EDGE('',*,*,#11924,.T.);
#13329 = ORIENTED_EDGE('',*,*,#13312,.T.);
#13330 = ORIENTED_EDGE('',*,*,#12033,.F.);
#13331 = ORIENTED_EDGE('',*,*,#13332,.F.);
#13332 = EDGE_CURVE('',#11917,#12026,#13333,.T.);
#13333 = LINE('',#13334,#13335);
#13334 = CARTESIAN_POINT('',(2.429496640897,-1.7,0.2479055467));
#13335 = VECTOR('',#13336,1.);
#13336 = DIRECTION('',(1.110223024625E-16,-1.,0.));
#13337 = CYLINDRICAL_SURFACE('',#13338,0.3);
#13338 = AXIS2_PLACEMENT_3D('',#13339,#13340,#13341);
#13339 = CARTESIAN_POINT('',(2.724938966801,-1.7,0.3));
#13340 = DIRECTION('',(-1.110223024625E-16,1.,0.));
#13341 = DIRECTION('',(-0.984807753012,-1.093356242223E-16,
    -0.173648177667));
#13342 = ADVANCED_FACE('',(#13343),#13349,.F.);
#13343 = FACE_BOUND('',#13344,.F.);
#13344 = EDGE_LOOP('',(#13345,#13346,#13347,#13348));
#13345 = ORIENTED_EDGE('',*,*,#12007,.T.);
#13346 = ORIENTED_EDGE('',*,*,#12025,.T.);
#13347 = ORIENTED_EDGE('',*,*,#13332,.F.);
#13348 = ORIENTED_EDGE('',*,*,#11916,.F.);
#13349 = PLANE('',#13350);
#13350 = AXIS2_PLACEMENT_3D('',#13351,#13352,#13353);
#13351 = CARTESIAN_POINT('',(2.348480775301,-1.7,0.742364817767));
#13352 = DIRECTION('',(0.986841372087,1.095614012943E-16,0.161691392282)
  );
#13353 = DIRECTION('',(0.161691392282,1.795135065956E-17,-0.986841372087
    ));
#13354 = ADVANCED_FACE('',(#13355),#13356,.F.);
#13355 = FACE_BOUND('',#12207,.T.);
#13356 = PLANE('',#13357);
#13357 = AXIS2_PLACEMENT_3D('',#13358,#13359,#13360);
#13358 = CARTESIAN_POINT('',(-1.110171280765,1.610171280765,1.75));
#13359 = DIRECTION('',(0.,0.,-1.));
#13360 = DIRECTION('',(1.110223024625E-16,-1.,0.));
#13361 = ( GEOMETRIC_REPRESENTATION_CONTEXT(3) 
GLOBAL_UNCERTAINTY_ASSIGNED_CONTEXT((#13365)) 
GLOBAL_UNIT_ASSIGNED_CONTEXT((#13362,#13363,#13364)) 
REPRESENTATION_CONTEXT('Context #1',
  '3D Context with UNIT and UNCERTAINTY') );
#13362 = ( LENGTH_UNIT() NAMED_UNIT(*) SI_UNIT(.MILLI.,.METRE.) );
#13363 = ( NAMED_UNIT(*) PLANE_ANGLE_UNIT() SI_UNIT($,.RADIAN.) );
#13364 = ( NAMED_UNIT(*) SI_UNIT($,.STERADIAN.) SOLID_ANGLE_UNIT() );
#13365 = UNCERTAINTY_MEASURE_WITH_UNIT(LENGTH_MEASURE(1.E-07),#13362,
  'distance_accuracy_value','confusion accuracy');
#13366 = CONTEXT_DEPENDENT_SHAPE_REPRESENTATION(#13367,#13369);
#13367 = ( REPRESENTATION_RELATIONSHIP('','',#8892,#10) 
REPRESENTATION_RELATIONSHIP_WITH_TRANSFORMATION(#13368) 
SHAPE_REPRESENTATION_RELATIONSHIP() );
#13368 = ITEM_DEFINED_TRANSFORMATION('','',#11,#31);
#13369 = PRODUCT_DEFINITION_SHAPE('Placement','Placement of an item',
  #13370);
#13370 = NEXT_ASSEMBLY_USAGE_OCCURRENCE('5','U1','',#5,#8887,$);
#13371 = PRODUCT_RELATED_PRODUCT_CATEGORY('part',$,(#8889));
#13372 = SHAPE_DEFINITION_REPRESENTATION(#13373,#13379);
#13373 = PRODUCT_DEFINITION_SHAPE('','',#13374);
#13374 = PRODUCT_DEFINITION('design','',#13375,#13378);
#13375 = PRODUCT_DEFINITION_FORMATION('','',#13376);
#13376 = PRODUCT('R_1206_3216Metric','R_1206_3216Metric','',(#13377));
#13377 = PRODUCT_CONTEXT('',#2,'mechanical');
#13378 = PRODUCT_DEFINITION_CONTEXT('part definition',#2,'design');
#13379 = ADVANCED_BREP_SHAPE_REPRESENTATION('',(#11,#13380),#14170);
#13380 = MANIFOLD_SOLID_BREP('',#13381);
#13381 = CLOSED_SHELL('',(#13382,#13422,#13505,#13530,#13555,#13622,
    #13639,#13656,#13705,#13722,#13739,#13788,#13805,#13874,#13905,
    #13929,#13998,#14022,#14039,#14056,#14073,#14090,#14107,#14124,
    #14141,#14158));
#13382 = ADVANCED_FACE('',(#13383),#13417,.F.);
#13383 = FACE_BOUND('',#13384,.F.);
#13384 = EDGE_LOOP('',(#13385,#13395,#13403,#13411));
#13385 = ORIENTED_EDGE('',*,*,#13386,.F.);
#13386 = EDGE_CURVE('',#13387,#13389,#13391,.T.);
#13387 = VERTEX_POINT('',#13388);
#13388 = CARTESIAN_POINT('',(-1.6,-0.8,5.5E-02));
#13389 = VERTEX_POINT('',#13390);
#13390 = CARTESIAN_POINT('',(-1.6,-0.8,0.495));
#13391 = LINE('',#13392,#13393);
#13392 = CARTESIAN_POINT('',(-1.6,-0.8,0.));
#13393 = VECTOR('',#13394,1.);
#13394 = DIRECTION('',(0.,0.,1.));
#13395 = ORIENTED_EDGE('',*,*,#13396,.T.);
#13396 = EDGE_CURVE('',#13387,#13397,#13399,.T.);
#13397 = VERTEX_POINT('',#13398);
#13398 = CARTESIAN_POINT('',(-1.6,0.8,5.5E-02));
#13399 = LINE('',#13400,#13401);
#13400 = CARTESIAN_POINT('',(-1.6,-0.8,5.5E-02));
#13401 = VECTOR('',#13402,1.);
#13402 = DIRECTION('',(0.,1.,0.));
#13403 = ORIENTED_EDGE('',*,*,#13404,.T.);
#13404 = EDGE_CURVE('',#13397,#13405,#13407,.T.);
#13405 = VERTEX_POINT('',#13406);
#13406 = CARTESIAN_POINT('',(-1.6,0.8,0.495));
#13407 = LINE('',#13408,#13409);
#13408 = CARTESIAN_POINT('',(-1.6,0.8,0.));
#13409 = VECTOR('',#13410,1.);
#13410 = DIRECTION('',(0.,0.,1.));
#13411 = ORIENTED_EDGE('',*,*,#13412,.F.);
#13412 = EDGE_CURVE('',#13389,#13405,#13413,.T.);
#13413 = LINE('',#13414,#13415);
#13414 = CARTESIAN_POINT('',(-1.6,-0.8,0.495));
#13415 = VECTOR('',#13416,1.);
#13416 = DIRECTION('',(0.,1.,0.));
#13417 = PLANE('',#13418);
#13418 = AXIS2_PLACEMENT_3D('',#13419,#13420,#13421);
#13419 = CARTESIAN_POINT('',(-1.6,-0.8,0.));
#13420 = DIRECTION('',(1.,0.,0.));
#13421 = DIRECTION('',(0.,0.,1.));
#13422 = ADVANCED_FACE('',(#13423),#13500,.F.);
#13423 = FACE_BOUND('',#13424,.F.);
#13424 = EDGE_LOOP('',(#13425,#13435,#13442,#13443,#13452,#13460,#13469,
    #13477,#13485,#13493));
#13425 = ORIENTED_EDGE('',*,*,#13426,.F.);
#13426 = EDGE_CURVE('',#13427,#13429,#13431,.T.);
#13427 = VERTEX_POINT('',#13428);
#13428 = CARTESIAN_POINT('',(-1.545,-0.8,0.));
#13429 = VERTEX_POINT('',#13430);
#13430 = CARTESIAN_POINT('',(-1.255,-0.8,0.));
#13431 = LINE('',#13432,#13433);
#13432 = CARTESIAN_POINT('',(-1.6,-0.8,0.));
#13433 = VECTOR('',#13434,1.);
#13434 = DIRECTION('',(1.,0.,0.));
#13435 = ORIENTED_EDGE('',*,*,#13436,.F.);
#13436 = EDGE_CURVE('',#13387,#13427,#13437,.T.);
#13437 = CIRCLE('',#13438,5.5E-02);
#13438 = AXIS2_PLACEMENT_3D('',#13439,#13440,#13441);
#13439 = CARTESIAN_POINT('',(-1.545,-0.8,5.5E-02));
#13440 = DIRECTION('',(0.,-1.,0.));
#13441 = DIRECTION('',(0.,0.,1.));
#13442 = ORIENTED_EDGE('',*,*,#13386,.T.);
#13443 = ORIENTED_EDGE('',*,*,#13444,.T.);
#13444 = EDGE_CURVE('',#13389,#13445,#13447,.T.);
#13445 = VERTEX_POINT('',#13446);
#13446 = CARTESIAN_POINT('',(-1.545,-0.8,0.55));
#13447 = CIRCLE('',#13448,5.5E-02);
#13448 = AXIS2_PLACEMENT_3D('',#13449,#13450,#13451);
#13449 = CARTESIAN_POINT('',(-1.545,-0.8,0.495));
#13450 = DIRECTION('',(0.,1.,0.));
#13451 = DIRECTION('',(0.,-0.,1.));
#13452 = ORIENTED_EDGE('',*,*,#13453,.T.);
#13453 = EDGE_CURVE('',#13445,#13454,#13456,.T.);
#13454 = VERTEX_POINT('',#13455);
#13455 = CARTESIAN_POINT('',(-1.255,-0.8,0.55));
#13456 = LINE('',#13457,#13458);
#13457 = CARTESIAN_POINT('',(-1.6,-0.8,0.55));
#13458 = VECTOR('',#13459,1.);
#13459 = DIRECTION('',(1.,0.,0.));
#13460 = ORIENTED_EDGE('',*,*,#13461,.F.);
#13461 = EDGE_CURVE('',#13462,#13454,#13464,.T.);
#13462 = VERTEX_POINT('',#13463);
#13463 = CARTESIAN_POINT('',(-1.2,-0.8,0.495));
#13464 = CIRCLE('',#13465,5.5E-02);
#13465 = AXIS2_PLACEMENT_3D('',#13466,#13467,#13468);
#13466 = CARTESIAN_POINT('',(-1.255,-0.8,0.495));
#13467 = DIRECTION('',(0.,-1.,0.));
#13468 = DIRECTION('',(0.,0.,1.));
#13469 = ORIENTED_EDGE('',*,*,#13470,.F.);
#13470 = EDGE_CURVE('',#13471,#13462,#13473,.T.);
#13471 = VERTEX_POINT('',#13472);
#13472 = CARTESIAN_POINT('',(-1.545,-0.8,0.495));
#13473 = LINE('',#13474,#13475);
#13474 = CARTESIAN_POINT('',(-1.545,-0.8,0.495));
#13475 = VECTOR('',#13476,1.);
#13476 = DIRECTION('',(1.,0.,0.));
#13477 = ORIENTED_EDGE('',*,*,#13478,.F.);
#13478 = EDGE_CURVE('',#13479,#13471,#13481,.T.);
#13479 = VERTEX_POINT('',#13480);
#13480 = CARTESIAN_POINT('',(-1.545,-0.8,5.5E-02));
#13481 = LINE('',#13482,#13483);
#13482 = CARTESIAN_POINT('',(-1.545,-0.8,5.5E-02));
#13483 = VECTOR('',#13484,1.);
#13484 = DIRECTION('',(0.,0.,1.));
#13485 = ORIENTED_EDGE('',*,*,#13486,.T.);
#13486 = EDGE_CURVE('',#13479,#13487,#13489,.T.);
#13487 = VERTEX_POINT('',#13488);
#13488 = CARTESIAN_POINT('',(-1.2,-0.8,5.5E-02));
#13489 = LINE('',#13490,#13491);
#13490 = CARTESIAN_POINT('',(-1.545,-0.8,5.5E-02));
#13491 = VECTOR('',#13492,1.);
#13492 = DIRECTION('',(1.,0.,0.));
#13493 = ORIENTED_EDGE('',*,*,#13494,.T.);
#13494 = EDGE_CURVE('',#13487,#13429,#13495,.T.);
#13495 = CIRCLE('',#13496,5.5E-02);
#13496 = AXIS2_PLACEMENT_3D('',#13497,#13498,#13499);
#13497 = CARTESIAN_POINT('',(-1.255,-0.8,5.5E-02));
#13498 = DIRECTION('',(0.,1.,0.));
#13499 = DIRECTION('',(0.,-0.,1.));
#13500 = PLANE('',#13501);
#13501 = AXIS2_PLACEMENT_3D('',#13502,#13503,#13504);
#13502 = CARTESIAN_POINT('',(-1.6,-0.8,0.));
#13503 = DIRECTION('',(0.,1.,0.));
#13504 = DIRECTION('',(0.,-0.,1.));
#13505 = ADVANCED_FACE('',(#13506),#13525,.T.);
#13506 = FACE_BOUND('',#13507,.T.);
#13507 = EDGE_LOOP('',(#13508,#13509,#13518,#13524));
#13508 = ORIENTED_EDGE('',*,*,#13396,.T.);
#13509 = ORIENTED_EDGE('',*,*,#13510,.T.);
#13510 = EDGE_CURVE('',#13397,#13511,#13513,.T.);
#13511 = VERTEX_POINT('',#13512);
#13512 = CARTESIAN_POINT('',(-1.545,0.8,0.));
#13513 = CIRCLE('',#13514,5.5E-02);
#13514 = AXIS2_PLACEMENT_3D('',#13515,#13516,#13517);
#13515 = CARTESIAN_POINT('',(-1.545,0.8,5.5E-02));
#13516 = DIRECTION('',(0.,-1.,0.));
#13517 = DIRECTION('',(0.,0.,1.));
#13518 = ORIENTED_EDGE('',*,*,#13519,.F.);
#13519 = EDGE_CURVE('',#13427,#13511,#13520,.T.);
#13520 = LINE('',#13521,#13522);
#13521 = CARTESIAN_POINT('',(-1.545,-0.8,0.));
#13522 = VECTOR('',#13523,1.);
#13523 = DIRECTION('',(0.,1.,0.));
#13524 = ORIENTED_EDGE('',*,*,#13436,.F.);
#13525 = CYLINDRICAL_SURFACE('',#13526,5.5E-02);
#13526 = AXIS2_PLACEMENT_3D('',#13527,#13528,#13529);
#13527 = CARTESIAN_POINT('',(-1.545,-0.8,5.5E-02));
#13528 = DIRECTION('',(0.,1.,0.));
#13529 = DIRECTION('',(-1.,0.,0.));
#13530 = ADVANCED_FACE('',(#13531),#13550,.T.);
#13531 = FACE_BOUND('',#13532,.T.);
#13532 = EDGE_LOOP('',(#13533,#13534,#13542,#13549));
#13533 = ORIENTED_EDGE('',*,*,#13444,.T.);
#13534 = ORIENTED_EDGE('',*,*,#13535,.T.);
#13535 = EDGE_CURVE('',#13445,#13536,#13538,.T.);
#13536 = VERTEX_POINT('',#13537);
#13537 = CARTESIAN_POINT('',(-1.545,0.8,0.55));
#13538 = LINE('',#13539,#13540);
#13539 = CARTESIAN_POINT('',(-1.545,-0.8,0.55));
#13540 = VECTOR('',#13541,1.);
#13541 = DIRECTION('',(0.,1.,0.));
#13542 = ORIENTED_EDGE('',*,*,#13543,.F.);
#13543 = EDGE_CURVE('',#13405,#13536,#13544,.T.);
#13544 = CIRCLE('',#13545,5.5E-02);
#13545 = AXIS2_PLACEMENT_3D('',#13546,#13547,#13548);
#13546 = CARTESIAN_POINT('',(-1.545,0.8,0.495));
#13547 = DIRECTION('',(0.,1.,0.));
#13548 = DIRECTION('',(0.,-0.,1.));
#13549 = ORIENTED_EDGE('',*,*,#13412,.F.);
#13550 = CYLINDRICAL_SURFACE('',#13551,5.5E-02);
#13551 = AXIS2_PLACEMENT_3D('',#13552,#13553,#13554);
#13552 = CARTESIAN_POINT('',(-1.545,-0.8,0.495));
#13553 = DIRECTION('',(0.,1.,0.));
#13554 = DIRECTION('',(-1.,0.,0.));
#13555 = ADVANCED_FACE('',(#13556),#13617,.T.);
#13556 = FACE_BOUND('',#13557,.T.);
#13557 = EDGE_LOOP('',(#13558,#13566,#13567,#13568,#13569,#13577,#13586,
    #13594,#13602,#13610));
#13558 = ORIENTED_EDGE('',*,*,#13559,.F.);
#13559 = EDGE_CURVE('',#13511,#13560,#13562,.T.);
#13560 = VERTEX_POINT('',#13561);
#13561 = CARTESIAN_POINT('',(-1.255,0.8,0.));
#13562 = LINE('',#13563,#13564);
#13563 = CARTESIAN_POINT('',(-1.6,0.8,0.));
#13564 = VECTOR('',#13565,1.);
#13565 = DIRECTION('',(1.,0.,0.));
#13566 = ORIENTED_EDGE('',*,*,#13510,.F.);
#13567 = ORIENTED_EDGE('',*,*,#13404,.T.);
#13568 = ORIENTED_EDGE('',*,*,#13543,.T.);
#13569 = ORIENTED_EDGE('',*,*,#13570,.T.);
#13570 = EDGE_CURVE('',#13536,#13571,#13573,.T.);
#13571 = VERTEX_POINT('',#13572);
#13572 = CARTESIAN_POINT('',(-1.255,0.8,0.55));
#13573 = LINE('',#13574,#13575);
#13574 = CARTESIAN_POINT('',(-1.6,0.8,0.55));
#13575 = VECTOR('',#13576,1.);
#13576 = DIRECTION('',(1.,0.,0.));
#13577 = ORIENTED_EDGE('',*,*,#13578,.F.);
#13578 = EDGE_CURVE('',#13579,#13571,#13581,.T.);
#13579 = VERTEX_POINT('',#13580);
#13580 = CARTESIAN_POINT('',(-1.2,0.8,0.495));
#13581 = CIRCLE('',#13582,5.5E-02);
#13582 = AXIS2_PLACEMENT_3D('',#13583,#13584,#13585);
#13583 = CARTESIAN_POINT('',(-1.255,0.8,0.495));
#13584 = DIRECTION('',(0.,-1.,0.));
#13585 = DIRECTION('',(0.,0.,1.));
#13586 = ORIENTED_EDGE('',*,*,#13587,.F.);
#13587 = EDGE_CURVE('',#13588,#13579,#13590,.T.);
#13588 = VERTEX_POINT('',#13589);
#13589 = CARTESIAN_POINT('',(-1.545,0.8,0.495));
#13590 = LINE('',#13591,#13592);
#13591 = CARTESIAN_POINT('',(-1.545,0.8,0.495));
#13592 = VECTOR('',#13593,1.);
#13593 = DIRECTION('',(1.,0.,0.));
#13594 = ORIENTED_EDGE('',*,*,#13595,.F.);
#13595 = EDGE_CURVE('',#13596,#13588,#13598,.T.);
#13596 = VERTEX_POINT('',#13597);
#13597 = CARTESIAN_POINT('',(-1.545,0.8,5.5E-02));
#13598 = LINE('',#13599,#13600);
#13599 = CARTESIAN_POINT('',(-1.545,0.8,5.5E-02));
#13600 = VECTOR('',#13601,1.);
#13601 = DIRECTION('',(0.,0.,1.));
#13602 = ORIENTED_EDGE('',*,*,#13603,.T.);
#13603 = EDGE_CURVE('',#13596,#13604,#13606,.T.);
#13604 = VERTEX_POINT('',#13605);
#13605 = CARTESIAN_POINT('',(-1.2,0.8,5.5E-02));
#13606 = LINE('',#13607,#13608);
#13607 = CARTESIAN_POINT('',(-1.545,0.8,5.5E-02));
#13608 = VECTOR('',#13609,1.);
#13609 = DIRECTION('',(1.,0.,0.));
#13610 = ORIENTED_EDGE('',*,*,#13611,.T.);
#13611 = EDGE_CURVE('',#13604,#13560,#13612,.T.);
#13612 = CIRCLE('',#13613,5.5E-02);
#13613 = AXIS2_PLACEMENT_3D('',#13614,#13615,#13616);
#13614 = CARTESIAN_POINT('',(-1.255,0.8,5.5E-02));
#13615 = DIRECTION('',(0.,1.,0.));
#13616 = DIRECTION('',(0.,-0.,1.));
#13617 = PLANE('',#13618);
#13618 = AXIS2_PLACEMENT_3D('',#13619,#13620,#13621);
#13619 = CARTESIAN_POINT('',(-1.6,0.8,0.));
#13620 = DIRECTION('',(0.,1.,0.));
#13621 = DIRECTION('',(0.,-0.,1.));
#13622 = ADVANCED_FACE('',(#13623),#13634,.F.);
#13623 = FACE_BOUND('',#13624,.F.);
#13624 = EDGE_LOOP('',(#13625,#13626,#13627,#13628));
#13625 = ORIENTED_EDGE('',*,*,#13559,.F.);
#13626 = ORIENTED_EDGE('',*,*,#13519,.F.);
#13627 = ORIENTED_EDGE('',*,*,#13426,.T.);
#13628 = ORIENTED_EDGE('',*,*,#13629,.T.);
#13629 = EDGE_CURVE('',#13429,#13560,#13630,.T.);
#13630 = LINE('',#13631,#13632);
#13631 = CARTESIAN_POINT('',(-1.255,-0.8,0.));
#13632 = VECTOR('',#13633,1.);
#13633 = DIRECTION('',(0.,1.,0.));
#13634 = PLANE('',#13635);
#13635 = AXIS2_PLACEMENT_3D('',#13636,#13637,#13638);
#13636 = CARTESIAN_POINT('',(-1.6,-0.8,0.));
#13637 = DIRECTION('',(0.,0.,1.));
#13638 = DIRECTION('',(1.,0.,-0.));
#13639 = ADVANCED_FACE('',(#13640),#13651,.T.);
#13640 = FACE_BOUND('',#13641,.T.);
#13641 = EDGE_LOOP('',(#13642,#13643,#13644,#13645));
#13642 = ORIENTED_EDGE('',*,*,#13494,.T.);
#13643 = ORIENTED_EDGE('',*,*,#13629,.T.);
#13644 = ORIENTED_EDGE('',*,*,#13611,.F.);
#13645 = ORIENTED_EDGE('',*,*,#13646,.F.);
#13646 = EDGE_CURVE('',#13487,#13604,#13647,.T.);
#13647 = LINE('',#13648,#13649);
#13648 = CARTESIAN_POINT('',(-1.2,-0.8,5.5E-02));
#13649 = VECTOR('',#13650,1.);
#13650 = DIRECTION('',(0.,1.,0.));
#13651 = CYLINDRICAL_SURFACE('',#13652,5.5E-02);
#13652 = AXIS2_PLACEMENT_3D('',#13653,#13654,#13655);
#13653 = CARTESIAN_POINT('',(-1.255,-0.8,5.5E-02));
#13654 = DIRECTION('',(0.,1.,0.));
#13655 = DIRECTION('',(1.,0.,0.));
#13656 = ADVANCED_FACE('',(#13657),#13700,.F.);
#13657 = FACE_BOUND('',#13658,.F.);
#13658 = EDGE_LOOP('',(#13659,#13660,#13661,#13662,#13670,#13678,#13686,
    #13694));
#13659 = ORIENTED_EDGE('',*,*,#13486,.F.);
#13660 = ORIENTED_EDGE('',*,*,#13478,.T.);
#13661 = ORIENTED_EDGE('',*,*,#13470,.T.);
#13662 = ORIENTED_EDGE('',*,*,#13663,.T.);
#13663 = EDGE_CURVE('',#13462,#13664,#13666,.T.);
#13664 = VERTEX_POINT('',#13665);
#13665 = CARTESIAN_POINT('',(1.2,-0.8,0.495));
#13666 = LINE('',#13667,#13668);
#13667 = CARTESIAN_POINT('',(-1.2,-0.8,0.495));
#13668 = VECTOR('',#13669,1.);
#13669 = DIRECTION('',(1.,0.,0.));
#13670 = ORIENTED_EDGE('',*,*,#13671,.T.);
#13671 = EDGE_CURVE('',#13664,#13672,#13674,.T.);
#13672 = VERTEX_POINT('',#13673);
#13673 = CARTESIAN_POINT('',(1.545,-0.8,0.495));
#13674 = LINE('',#13675,#13676);
#13675 = CARTESIAN_POINT('',(-1.545,-0.8,0.495));
#13676 = VECTOR('',#13677,1.);
#13677 = DIRECTION('',(1.,0.,0.));
#13678 = ORIENTED_EDGE('',*,*,#13679,.F.);
#13679 = EDGE_CURVE('',#13680,#13672,#13682,.T.);
#13680 = VERTEX_POINT('',#13681);
#13681 = CARTESIAN_POINT('',(1.545,-0.8,5.5E-02));
#13682 = LINE('',#13683,#13684);
#13683 = CARTESIAN_POINT('',(1.545,-0.8,5.5E-02));
#13684 = VECTOR('',#13685,1.);
#13685 = DIRECTION('',(0.,0.,1.));
#13686 = ORIENTED_EDGE('',*,*,#13687,.F.);
#13687 = EDGE_CURVE('',#13688,#13680,#13690,.T.);
#13688 = VERTEX_POINT('',#13689);
#13689 = CARTESIAN_POINT('',(1.2,-0.8,5.5E-02));
#13690 = LINE('',#13691,#13692);
#13691 = CARTESIAN_POINT('',(-1.545,-0.8,5.5E-02));
#13692 = VECTOR('',#13693,1.);
#13693 = DIRECTION('',(1.,0.,0.));
#13694 = ORIENTED_EDGE('',*,*,#13695,.F.);
#13695 = EDGE_CURVE('',#13487,#13688,#13696,.T.);
#13696 = LINE('',#13697,#13698);
#13697 = CARTESIAN_POINT('',(-1.545,-0.8,5.5E-02));
#13698 = VECTOR('',#13699,1.);
#13699 = DIRECTION('',(1.,0.,0.));
#13700 = PLANE('',#13701);
#13701 = AXIS2_PLACEMENT_3D('',#13702,#13703,#13704);
#13702 = CARTESIAN_POINT('',(-1.545,-0.8,5.5E-02));
#13703 = DIRECTION('',(0.,1.,0.));
#13704 = DIRECTION('',(0.,-0.,1.));
#13705 = ADVANCED_FACE('',(#13706),#13717,.T.);
#13706 = FACE_BOUND('',#13707,.T.);
#13707 = EDGE_LOOP('',(#13708,#13709,#13710,#13711));
#13708 = ORIENTED_EDGE('',*,*,#13570,.F.);
#13709 = ORIENTED_EDGE('',*,*,#13535,.F.);
#13710 = ORIENTED_EDGE('',*,*,#13453,.T.);
#13711 = ORIENTED_EDGE('',*,*,#13712,.T.);
#13712 = EDGE_CURVE('',#13454,#13571,#13713,.T.);
#13713 = LINE('',#13714,#13715);
#13714 = CARTESIAN_POINT('',(-1.255,-0.8,0.55));
#13715 = VECTOR('',#13716,1.);
#13716 = DIRECTION('',(0.,1.,0.));
#13717 = PLANE('',#13718);
#13718 = AXIS2_PLACEMENT_3D('',#13719,#13720,#13721);
#13719 = CARTESIAN_POINT('',(-1.6,-0.8,0.55));
#13720 = DIRECTION('',(0.,0.,1.));
#13721 = DIRECTION('',(1.,0.,-0.));
#13722 = ADVANCED_FACE('',(#13723),#13734,.T.);
#13723 = FACE_BOUND('',#13724,.T.);
#13724 = EDGE_LOOP('',(#13725,#13731,#13732,#13733));
#13725 = ORIENTED_EDGE('',*,*,#13726,.T.);
#13726 = EDGE_CURVE('',#13462,#13579,#13727,.T.);
#13727 = LINE('',#13728,#13729);
#13728 = CARTESIAN_POINT('',(-1.2,-0.8,0.495));
#13729 = VECTOR('',#13730,1.);
#13730 = DIRECTION('',(0.,1.,0.));
#13731 = ORIENTED_EDGE('',*,*,#13578,.T.);
#13732 = ORIENTED_EDGE('',*,*,#13712,.F.);
#13733 = ORIENTED_EDGE('',*,*,#13461,.F.);
#13734 = CYLINDRICAL_SURFACE('',#13735,5.5E-02);
#13735 = AXIS2_PLACEMENT_3D('',#13736,#13737,#13738);
#13736 = CARTESIAN_POINT('',(-1.255,-0.8,0.495));
#13737 = DIRECTION('',(0.,1.,0.));
#13738 = DIRECTION('',(1.,0.,0.));
#13739 = ADVANCED_FACE('',(#13740),#13783,.T.);
#13740 = FACE_BOUND('',#13741,.T.);
#13741 = EDGE_LOOP('',(#13742,#13743,#13744,#13745,#13753,#13761,#13769,
    #13777));
#13742 = ORIENTED_EDGE('',*,*,#13603,.F.);
#13743 = ORIENTED_EDGE('',*,*,#13595,.T.);
#13744 = ORIENTED_EDGE('',*,*,#13587,.T.);
#13745 = ORIENTED_EDGE('',*,*,#13746,.T.);
#13746 = EDGE_CURVE('',#13579,#13747,#13749,.T.);
#13747 = VERTEX_POINT('',#13748);
#13748 = CARTESIAN_POINT('',(1.2,0.8,0.495));
#13749 = LINE('',#13750,#13751);
#13750 = CARTESIAN_POINT('',(-1.2,0.8,0.495));
#13751 = VECTOR('',#13752,1.);
#13752 = DIRECTION('',(1.,0.,0.));
#13753 = ORIENTED_EDGE('',*,*,#13754,.T.);
#13754 = EDGE_CURVE('',#13747,#13755,#13757,.T.);
#13755 = VERTEX_POINT('',#13756);
#13756 = CARTESIAN_POINT('',(1.545,0.8,0.495));
#13757 = LINE('',#13758,#13759);
#13758 = CARTESIAN_POINT('',(-1.545,0.8,0.495));
#13759 = VECTOR('',#13760,1.);
#13760 = DIRECTION('',(1.,0.,0.));
#13761 = ORIENTED_EDGE('',*,*,#13762,.F.);
#13762 = EDGE_CURVE('',#13763,#13755,#13765,.T.);
#13763 = VERTEX_POINT('',#13764);
#13764 = CARTESIAN_POINT('',(1.545,0.8,5.5E-02));
#13765 = LINE('',#13766,#13767);
#13766 = CARTESIAN_POINT('',(1.545,0.8,5.5E-02));
#13767 = VECTOR('',#13768,1.);
#13768 = DIRECTION('',(0.,0.,1.));
#13769 = ORIENTED_EDGE('',*,*,#13770,.F.);
#13770 = EDGE_CURVE('',#13771,#13763,#13773,.T.);
#13771 = VERTEX_POINT('',#13772);
#13772 = CARTESIAN_POINT('',(1.2,0.8,5.5E-02));
#13773 = LINE('',#13774,#13775);
#13774 = CARTESIAN_POINT('',(-1.545,0.8,5.5E-02));
#13775 = VECTOR('',#13776,1.);
#13776 = DIRECTION('',(1.,0.,0.));
#13777 = ORIENTED_EDGE('',*,*,#13778,.F.);
#13778 = EDGE_CURVE('',#13604,#13771,#13779,.T.);
#13779 = LINE('',#13780,#13781);
#13780 = CARTESIAN_POINT('',(-1.545,0.8,5.5E-02));
#13781 = VECTOR('',#13782,1.);
#13782 = DIRECTION('',(1.,0.,0.));
#13783 = PLANE('',#13784);
#13784 = AXIS2_PLACEMENT_3D('',#13785,#13786,#13787);
#13785 = CARTESIAN_POINT('',(-1.545,0.8,5.5E-02));
#13786 = DIRECTION('',(0.,1.,0.));
#13787 = DIRECTION('',(0.,-0.,1.));
#13788 = ADVANCED_FACE('',(#13789),#13800,.F.);
#13789 = FACE_BOUND('',#13790,.F.);
#13790 = EDGE_LOOP('',(#13791,#13792,#13793,#13799));
#13791 = ORIENTED_EDGE('',*,*,#13646,.F.);
#13792 = ORIENTED_EDGE('',*,*,#13695,.T.);
#13793 = ORIENTED_EDGE('',*,*,#13794,.T.);
#13794 = EDGE_CURVE('',#13688,#13771,#13795,.T.);
#13795 = LINE('',#13796,#13797);
#13796 = CARTESIAN_POINT('',(1.2,-0.8,5.5E-02));
#13797 = VECTOR('',#13798,1.);
#13798 = DIRECTION('',(0.,1.,0.));
#13799 = ORIENTED_EDGE('',*,*,#13778,.F.);
#13800 = PLANE('',#13801);
#13801 = AXIS2_PLACEMENT_3D('',#13802,#13803,#13804);
#13802 = CARTESIAN_POINT('',(-1.545,-0.8,5.5E-02));
#13803 = DIRECTION('',(0.,0.,1.));
#13804 = DIRECTION('',(1.,0.,-0.));
#13805 = ADVANCED_FACE('',(#13806),#13869,.F.);
#13806 = FACE_BOUND('',#13807,.F.);
#13807 = EDGE_LOOP('',(#13808,#13818,#13825,#13826,#13827,#13828,#13837,
    #13845,#13854,#13862));
#13808 = ORIENTED_EDGE('',*,*,#13809,.F.);
#13809 = EDGE_CURVE('',#13810,#13812,#13814,.T.);
#13810 = VERTEX_POINT('',#13811);
#13811 = CARTESIAN_POINT('',(1.255,-0.8,0.));
#13812 = VERTEX_POINT('',#13813);
#13813 = CARTESIAN_POINT('',(1.545,-0.8,0.));
#13814 = LINE('',#13815,#13816);
#13815 = CARTESIAN_POINT('',(1.2,-0.8,0.));
#13816 = VECTOR('',#13817,1.);
#13817 = DIRECTION('',(1.,0.,0.));
#13818 = ORIENTED_EDGE('',*,*,#13819,.F.);
#13819 = EDGE_CURVE('',#13688,#13810,#13820,.T.);
#13820 = CIRCLE('',#13821,5.5E-02);
#13821 = AXIS2_PLACEMENT_3D('',#13822,#13823,#13824);
#13822 = CARTESIAN_POINT('',(1.255,-0.8,5.5E-02));
#13823 = DIRECTION('',(0.,-1.,0.));
#13824 = DIRECTION('',(0.,0.,1.));
#13825 = ORIENTED_EDGE('',*,*,#13687,.T.);
#13826 = ORIENTED_EDGE('',*,*,#13679,.T.);
#13827 = ORIENTED_EDGE('',*,*,#13671,.F.);
#13828 = ORIENTED_EDGE('',*,*,#13829,.T.);
#13829 = EDGE_CURVE('',#13664,#13830,#13832,.T.);
#13830 = VERTEX_POINT('',#13831);
#13831 = CARTESIAN_POINT('',(1.255,-0.8,0.55));
#13832 = CIRCLE('',#13833,5.5E-02);
#13833 = AXIS2_PLACEMENT_3D('',#13834,#13835,#13836);
#13834 = CARTESIAN_POINT('',(1.255,-0.8,0.495));
#13835 = DIRECTION('',(0.,1.,0.));
#13836 = DIRECTION('',(0.,-0.,1.));
#13837 = ORIENTED_EDGE('',*,*,#13838,.T.);
#13838 = EDGE_CURVE('',#13830,#13839,#13841,.T.);
#13839 = VERTEX_POINT('',#13840);
#13840 = CARTESIAN_POINT('',(1.545,-0.8,0.55));
#13841 = LINE('',#13842,#13843);
#13842 = CARTESIAN_POINT('',(1.2,-0.8,0.55));
#13843 = VECTOR('',#13844,1.);
#13844 = DIRECTION('',(1.,0.,0.));
#13845 = ORIENTED_EDGE('',*,*,#13846,.F.);
#13846 = EDGE_CURVE('',#13847,#13839,#13849,.T.);
#13847 = VERTEX_POINT('',#13848);
#13848 = CARTESIAN_POINT('',(1.6,-0.8,0.495));
#13849 = CIRCLE('',#13850,5.5E-02);
#13850 = AXIS2_PLACEMENT_3D('',#13851,#13852,#13853);
#13851 = CARTESIAN_POINT('',(1.545,-0.8,0.495));
#13852 = DIRECTION('',(0.,-1.,0.));
#13853 = DIRECTION('',(0.,0.,1.));
#13854 = ORIENTED_EDGE('',*,*,#13855,.F.);
#13855 = EDGE_CURVE('',#13856,#13847,#13858,.T.);
#13856 = VERTEX_POINT('',#13857);
#13857 = CARTESIAN_POINT('',(1.6,-0.8,5.5E-02));
#13858 = LINE('',#13859,#13860);
#13859 = CARTESIAN_POINT('',(1.6,-0.8,0.));
#13860 = VECTOR('',#13861,1.);
#13861 = DIRECTION('',(0.,0.,1.));
#13862 = ORIENTED_EDGE('',*,*,#13863,.T.);
#13863 = EDGE_CURVE('',#13856,#13812,#13864,.T.);
#13864 = CIRCLE('',#13865,5.5E-02);
#13865 = AXIS2_PLACEMENT_3D('',#13866,#13867,#13868);
#13866 = CARTESIAN_POINT('',(1.545,-0.8,5.5E-02));
#13867 = DIRECTION('',(0.,1.,0.));
#13868 = DIRECTION('',(0.,-0.,1.));
#13869 = PLANE('',#13870);
#13870 = AXIS2_PLACEMENT_3D('',#13871,#13872,#13873);
#13871 = CARTESIAN_POINT('',(1.2,-0.8,0.));
#13872 = DIRECTION('',(0.,1.,0.));
#13873 = DIRECTION('',(0.,-0.,1.));
#13874 = ADVANCED_FACE('',(#13875),#13900,.F.);
#13875 = FACE_BOUND('',#13876,.F.);
#13876 = EDGE_LOOP('',(#13877,#13878,#13886,#13894));
#13877 = ORIENTED_EDGE('',*,*,#13663,.F.);
#13878 = ORIENTED_EDGE('',*,*,#13879,.T.);
#13879 = EDGE_CURVE('',#13462,#13880,#13882,.T.);
#13880 = VERTEX_POINT('',#13881);
#13881 = CARTESIAN_POINT('',(-1.2,-0.8,0.55));
#13882 = LINE('',#13883,#13884);
#13883 = CARTESIAN_POINT('',(-1.2,-0.8,0.495));
#13884 = VECTOR('',#13885,1.);
#13885 = DIRECTION('',(0.,0.,1.));
#13886 = ORIENTED_EDGE('',*,*,#13887,.T.);
#13887 = EDGE_CURVE('',#13880,#13888,#13890,.T.);
#13888 = VERTEX_POINT('',#13889);
#13889 = CARTESIAN_POINT('',(1.2,-0.8,0.55));
#13890 = LINE('',#13891,#13892);
#13891 = CARTESIAN_POINT('',(-1.2,-0.8,0.55));
#13892 = VECTOR('',#13893,1.);
#13893 = DIRECTION('',(1.,0.,0.));
#13894 = ORIENTED_EDGE('',*,*,#13895,.F.);
#13895 = EDGE_CURVE('',#13664,#13888,#13896,.T.);
#13896 = LINE('',#13897,#13898);
#13897 = CARTESIAN_POINT('',(1.2,-0.8,0.495));
#13898 = VECTOR('',#13899,1.);
#13899 = DIRECTION('',(0.,0.,1.));
#13900 = PLANE('',#13901);
#13901 = AXIS2_PLACEMENT_3D('',#13902,#13903,#13904);
#13902 = CARTESIAN_POINT('',(-1.2,-0.8,0.495));
#13903 = DIRECTION('',(0.,1.,0.));
#13904 = DIRECTION('',(0.,-0.,1.));
#13905 = ADVANCED_FACE('',(#13906),#13924,.F.);
#13906 = FACE_BOUND('',#13907,.F.);
#13907 = EDGE_LOOP('',(#13908,#13909,#13910,#13918));
#13908 = ORIENTED_EDGE('',*,*,#13879,.F.);
#13909 = ORIENTED_EDGE('',*,*,#13726,.T.);
#13910 = ORIENTED_EDGE('',*,*,#13911,.T.);
#13911 = EDGE_CURVE('',#13579,#13912,#13914,.T.);
#13912 = VERTEX_POINT('',#13913);
#13913 = CARTESIAN_POINT('',(-1.2,0.8,0.55));
#13914 = LINE('',#13915,#13916);
#13915 = CARTESIAN_POINT('',(-1.2,0.8,0.495));
#13916 = VECTOR('',#13917,1.);
#13917 = DIRECTION('',(0.,0.,1.));
#13918 = ORIENTED_EDGE('',*,*,#13919,.F.);
#13919 = EDGE_CURVE('',#13880,#13912,#13920,.T.);
#13920 = LINE('',#13921,#13922);
#13921 = CARTESIAN_POINT('',(-1.2,-0.8,0.55));
#13922 = VECTOR('',#13923,1.);
#13923 = DIRECTION('',(0.,1.,0.));
#13924 = PLANE('',#13925);
#13925 = AXIS2_PLACEMENT_3D('',#13926,#13927,#13928);
#13926 = CARTESIAN_POINT('',(-1.2,-0.8,0.495));
#13927 = DIRECTION('',(1.,0.,0.));
#13928 = DIRECTION('',(0.,0.,1.));
#13929 = ADVANCED_FACE('',(#13930),#13993,.T.);
#13930 = FACE_BOUND('',#13931,.T.);
#13931 = EDGE_LOOP('',(#13932,#13942,#13949,#13950,#13951,#13952,#13961,
    #13969,#13978,#13986));
#13932 = ORIENTED_EDGE('',*,*,#13933,.F.);
#13933 = EDGE_CURVE('',#13934,#13936,#13938,.T.);
#13934 = VERTEX_POINT('',#13935);
#13935 = CARTESIAN_POINT('',(1.255,0.8,0.));
#13936 = VERTEX_POINT('',#13937);
#13937 = CARTESIAN_POINT('',(1.545,0.8,0.));
#13938 = LINE('',#13939,#13940);
#13939 = CARTESIAN_POINT('',(1.2,0.8,0.));
#13940 = VECTOR('',#13941,1.);
#13941 = DIRECTION('',(1.,0.,0.));
#13942 = ORIENTED_EDGE('',*,*,#13943,.F.);
#13943 = EDGE_CURVE('',#13771,#13934,#13944,.T.);
#13944 = CIRCLE('',#13945,5.5E-02);
#13945 = AXIS2_PLACEMENT_3D('',#13946,#13947,#13948);
#13946 = CARTESIAN_POINT('',(1.255,0.8,5.5E-02));
#13947 = DIRECTION('',(0.,-1.,0.));
#13948 = DIRECTION('',(0.,0.,1.));
#13949 = ORIENTED_EDGE('',*,*,#13770,.T.);
#13950 = ORIENTED_EDGE('',*,*,#13762,.T.);
#13951 = ORIENTED_EDGE('',*,*,#13754,.F.);
#13952 = ORIENTED_EDGE('',*,*,#13953,.T.);
#13953 = EDGE_CURVE('',#13747,#13954,#13956,.T.);
#13954 = VERTEX_POINT('',#13955);
#13955 = CARTESIAN_POINT('',(1.255,0.8,0.55));
#13956 = CIRCLE('',#13957,5.5E-02);
#13957 = AXIS2_PLACEMENT_3D('',#13958,#13959,#13960);
#13958 = CARTESIAN_POINT('',(1.255,0.8,0.495));
#13959 = DIRECTION('',(0.,1.,0.));
#13960 = DIRECTION('',(0.,-0.,1.));
#13961 = ORIENTED_EDGE('',*,*,#13962,.T.);
#13962 = EDGE_CURVE('',#13954,#13963,#13965,.T.);
#13963 = VERTEX_POINT('',#13964);
#13964 = CARTESIAN_POINT('',(1.545,0.8,0.55));
#13965 = LINE('',#13966,#13967);
#13966 = CARTESIAN_POINT('',(1.2,0.8,0.55));
#13967 = VECTOR('',#13968,1.);
#13968 = DIRECTION('',(1.,0.,0.));
#13969 = ORIENTED_EDGE('',*,*,#13970,.F.);
#13970 = EDGE_CURVE('',#13971,#13963,#13973,.T.);
#13971 = VERTEX_POINT('',#13972);
#13972 = CARTESIAN_POINT('',(1.6,0.8,0.495));
#13973 = CIRCLE('',#13974,5.5E-02);
#13974 = AXIS2_PLACEMENT_3D('',#13975,#13976,#13977);
#13975 = CARTESIAN_POINT('',(1.545,0.8,0.495));
#13976 = DIRECTION('',(0.,-1.,0.));
#13977 = DIRECTION('',(0.,0.,1.));
#13978 = ORIENTED_EDGE('',*,*,#13979,.F.);
#13979 = EDGE_CURVE('',#13980,#13971,#13982,.T.);
#13980 = VERTEX_POINT('',#13981);
#13981 = CARTESIAN_POINT('',(1.6,0.8,5.5E-02));
#13982 = LINE('',#13983,#13984);
#13983 = CARTESIAN_POINT('',(1.6,0.8,0.));
#13984 = VECTOR('',#13985,1.);
#13985 = DIRECTION('',(0.,0.,1.));
#13986 = ORIENTED_EDGE('',*,*,#13987,.T.);
#13987 = EDGE_CURVE('',#13980,#13936,#13988,.T.);
#13988 = CIRCLE('',#13989,5.5E-02);
#13989 = AXIS2_PLACEMENT_3D('',#13990,#13991,#13992);
#13990 = CARTESIAN_POINT('',(1.545,0.8,5.5E-02));
#13991 = DIRECTION('',(0.,1.,0.));
#13992 = DIRECTION('',(0.,-0.,1.));
#13993 = PLANE('',#13994);
#13994 = AXIS2_PLACEMENT_3D('',#13995,#13996,#13997);
#13995 = CARTESIAN_POINT('',(1.2,0.8,0.));
#13996 = DIRECTION('',(0.,1.,0.));
#13997 = DIRECTION('',(0.,-0.,1.));
#13998 = ADVANCED_FACE('',(#13999),#14017,.T.);
#13999 = FACE_BOUND('',#14000,.T.);
#14000 = EDGE_LOOP('',(#14001,#14002,#14003,#14011));
#14001 = ORIENTED_EDGE('',*,*,#13746,.F.);
#14002 = ORIENTED_EDGE('',*,*,#13911,.T.);
#14003 = ORIENTED_EDGE('',*,*,#14004,.T.);
#14004 = EDGE_CURVE('',#13912,#14005,#14007,.T.);
#14005 = VERTEX_POINT('',#14006);
#14006 = CARTESIAN_POINT('',(1.2,0.8,0.55));
#14007 = LINE('',#14008,#14009);
#14008 = CARTESIAN_POINT('',(-1.2,0.8,0.55));
#14009 = VECTOR('',#14010,1.);
#14010 = DIRECTION('',(1.,0.,0.));
#14011 = ORIENTED_EDGE('',*,*,#14012,.F.);
#14012 = EDGE_CURVE('',#13747,#14005,#14013,.T.);
#14013 = LINE('',#14014,#14015);
#14014 = CARTESIAN_POINT('',(1.2,0.8,0.495));
#14015 = VECTOR('',#14016,1.);
#14016 = DIRECTION('',(0.,0.,1.));
#14017 = PLANE('',#14018);
#14018 = AXIS2_PLACEMENT_3D('',#14019,#14020,#14021);
#14019 = CARTESIAN_POINT('',(-1.2,0.8,0.495));
#14020 = DIRECTION('',(0.,1.,0.));
#14021 = DIRECTION('',(0.,-0.,1.));
#14022 = ADVANCED_FACE('',(#14023),#14034,.T.);
#14023 = FACE_BOUND('',#14024,.T.);
#14024 = EDGE_LOOP('',(#14025,#14026,#14027,#14033));
#14025 = ORIENTED_EDGE('',*,*,#13794,.T.);
#14026 = ORIENTED_EDGE('',*,*,#13943,.T.);
#14027 = ORIENTED_EDGE('',*,*,#14028,.F.);
#14028 = EDGE_CURVE('',#13810,#13934,#14029,.T.);
#14029 = LINE('',#14030,#14031);
#14030 = CARTESIAN_POINT('',(1.255,-0.8,0.));
#14031 = VECTOR('',#14032,1.);
#14032 = DIRECTION('',(0.,1.,0.));
#14033 = ORIENTED_EDGE('',*,*,#13819,.F.);
#14034 = CYLINDRICAL_SURFACE('',#14035,5.5E-02);
#14035 = AXIS2_PLACEMENT_3D('',#14036,#14037,#14038);
#14036 = CARTESIAN_POINT('',(1.255,-0.8,5.5E-02));
#14037 = DIRECTION('',(0.,1.,0.));
#14038 = DIRECTION('',(-1.,0.,0.));
#14039 = ADVANCED_FACE('',(#14040),#14051,.F.);
#14040 = FACE_BOUND('',#14041,.F.);
#14041 = EDGE_LOOP('',(#14042,#14043,#14044,#14045));
#14042 = ORIENTED_EDGE('',*,*,#13933,.F.);
#14043 = ORIENTED_EDGE('',*,*,#14028,.F.);
#14044 = ORIENTED_EDGE('',*,*,#13809,.T.);
#14045 = ORIENTED_EDGE('',*,*,#14046,.T.);
#14046 = EDGE_CURVE('',#13812,#13936,#14047,.T.);
#14047 = LINE('',#14048,#14049);
#14048 = CARTESIAN_POINT('',(1.545,-0.8,0.));
#14049 = VECTOR('',#14050,1.);
#14050 = DIRECTION('',(0.,1.,0.));
#14051 = PLANE('',#14052);
#14052 = AXIS2_PLACEMENT_3D('',#14053,#14054,#14055);
#14053 = CARTESIAN_POINT('',(1.2,-0.8,0.));
#14054 = DIRECTION('',(0.,0.,1.));
#14055 = DIRECTION('',(1.,0.,-0.));
#14056 = ADVANCED_FACE('',(#14057),#14068,.T.);
#14057 = FACE_BOUND('',#14058,.T.);
#14058 = EDGE_LOOP('',(#14059,#14060,#14061,#14062));
#14059 = ORIENTED_EDGE('',*,*,#13863,.T.);
#14060 = ORIENTED_EDGE('',*,*,#14046,.T.);
#14061 = ORIENTED_EDGE('',*,*,#13987,.F.);
#14062 = ORIENTED_EDGE('',*,*,#14063,.F.);
#14063 = EDGE_CURVE('',#13856,#13980,#14064,.T.);
#14064 = LINE('',#14065,#14066);
#14065 = CARTESIAN_POINT('',(1.6,-0.8,5.5E-02));
#14066 = VECTOR('',#14067,1.);
#14067 = DIRECTION('',(0.,1.,0.));
#14068 = CYLINDRICAL_SURFACE('',#14069,5.5E-02);
#14069 = AXIS2_PLACEMENT_3D('',#14070,#14071,#14072);
#14070 = CARTESIAN_POINT('',(1.545,-0.8,5.5E-02));
#14071 = DIRECTION('',(0.,1.,0.));
#14072 = DIRECTION('',(1.,0.,0.));
#14073 = ADVANCED_FACE('',(#14074),#14085,.T.);
#14074 = FACE_BOUND('',#14075,.T.);
#14075 = EDGE_LOOP('',(#14076,#14077,#14078,#14079));
#14076 = ORIENTED_EDGE('',*,*,#13855,.F.);
#14077 = ORIENTED_EDGE('',*,*,#14063,.T.);
#14078 = ORIENTED_EDGE('',*,*,#13979,.T.);
#14079 = ORIENTED_EDGE('',*,*,#14080,.F.);
#14080 = EDGE_CURVE('',#13847,#13971,#14081,.T.);
#14081 = LINE('',#14082,#14083);
#14082 = CARTESIAN_POINT('',(1.6,-0.8,0.495));
#14083 = VECTOR('',#14084,1.);
#14084 = DIRECTION('',(0.,1.,0.));
#14085 = PLANE('',#14086);
#14086 = AXIS2_PLACEMENT_3D('',#14087,#14088,#14089);
#14087 = CARTESIAN_POINT('',(1.6,-0.8,0.));
#14088 = DIRECTION('',(1.,0.,0.));
#14089 = DIRECTION('',(0.,0.,1.));
#14090 = ADVANCED_FACE('',(#14091),#14102,.T.);
#14091 = FACE_BOUND('',#14092,.T.);
#14092 = EDGE_LOOP('',(#14093,#14094,#14095,#14101));
#14093 = ORIENTED_EDGE('',*,*,#14080,.T.);
#14094 = ORIENTED_EDGE('',*,*,#13970,.T.);
#14095 = ORIENTED_EDGE('',*,*,#14096,.F.);
#14096 = EDGE_CURVE('',#13839,#13963,#14097,.T.);
#14097 = LINE('',#14098,#14099);
#14098 = CARTESIAN_POINT('',(1.545,-0.8,0.55));
#14099 = VECTOR('',#14100,1.);
#14100 = DIRECTION('',(0.,1.,0.));
#14101 = ORIENTED_EDGE('',*,*,#13846,.F.);
#14102 = CYLINDRICAL_SURFACE('',#14103,5.5E-02);
#14103 = AXIS2_PLACEMENT_3D('',#14104,#14105,#14106);
#14104 = CARTESIAN_POINT('',(1.545,-0.8,0.495));
#14105 = DIRECTION('',(0.,1.,0.));
#14106 = DIRECTION('',(1.,0.,0.));
#14107 = ADVANCED_FACE('',(#14108),#14119,.T.);
#14108 = FACE_BOUND('',#14109,.T.);
#14109 = EDGE_LOOP('',(#14110,#14111,#14117,#14118));
#14110 = ORIENTED_EDGE('',*,*,#13962,.F.);
#14111 = ORIENTED_EDGE('',*,*,#14112,.F.);
#14112 = EDGE_CURVE('',#13830,#13954,#14113,.T.);
#14113 = LINE('',#14114,#14115);
#14114 = CARTESIAN_POINT('',(1.255,-0.8,0.55));
#14115 = VECTOR('',#14116,1.);
#14116 = DIRECTION('',(0.,1.,0.));
#14117 = ORIENTED_EDGE('',*,*,#13838,.T.);
#14118 = ORIENTED_EDGE('',*,*,#14096,.T.);
#14119 = PLANE('',#14120);
#14120 = AXIS2_PLACEMENT_3D('',#14121,#14122,#14123);
#14121 = CARTESIAN_POINT('',(1.2,-0.8,0.55));
#14122 = DIRECTION('',(0.,0.,1.));
#14123 = DIRECTION('',(1.,0.,-0.));
#14124 = ADVANCED_FACE('',(#14125),#14136,.T.);
#14125 = FACE_BOUND('',#14126,.T.);
#14126 = EDGE_LOOP('',(#14127,#14128,#14129,#14130));
#14127 = ORIENTED_EDGE('',*,*,#13829,.T.);
#14128 = ORIENTED_EDGE('',*,*,#14112,.T.);
#14129 = ORIENTED_EDGE('',*,*,#13953,.F.);
#14130 = ORIENTED_EDGE('',*,*,#14131,.F.);
#14131 = EDGE_CURVE('',#13664,#13747,#14132,.T.);
#14132 = LINE('',#14133,#14134);
#14133 = CARTESIAN_POINT('',(1.2,-0.8,0.495));
#14134 = VECTOR('',#14135,1.);
#14135 = DIRECTION('',(0.,1.,0.));
#14136 = CYLINDRICAL_SURFACE('',#14137,5.5E-02);
#14137 = AXIS2_PLACEMENT_3D('',#14138,#14139,#14140);
#14138 = CARTESIAN_POINT('',(1.255,-0.8,0.495));
#14139 = DIRECTION('',(0.,1.,0.));
#14140 = DIRECTION('',(-1.,0.,0.));
#14141 = ADVANCED_FACE('',(#14142),#14153,.T.);
#14142 = FACE_BOUND('',#14143,.T.);
#14143 = EDGE_LOOP('',(#14144,#14145,#14146,#14147));
#14144 = ORIENTED_EDGE('',*,*,#13895,.F.);
#14145 = ORIENTED_EDGE('',*,*,#14131,.T.);
#14146 = ORIENTED_EDGE('',*,*,#14012,.T.);
#14147 = ORIENTED_EDGE('',*,*,#14148,.F.);
#14148 = EDGE_CURVE('',#13888,#14005,#14149,.T.);
#14149 = LINE('',#14150,#14151);
#14150 = CARTESIAN_POINT('',(1.2,-0.8,0.55));
#14151 = VECTOR('',#14152,1.);
#14152 = DIRECTION('',(0.,1.,0.));
#14153 = PLANE('',#14154);
#14154 = AXIS2_PLACEMENT_3D('',#14155,#14156,#14157);
#14155 = CARTESIAN_POINT('',(1.2,-0.8,0.495));
#14156 = DIRECTION('',(1.,0.,0.));
#14157 = DIRECTION('',(0.,0.,1.));
#14158 = ADVANCED_FACE('',(#14159),#14165,.T.);
#14159 = FACE_BOUND('',#14160,.T.);
#14160 = EDGE_LOOP('',(#14161,#14162,#14163,#14164));
#14161 = ORIENTED_EDGE('',*,*,#13919,.F.);
#14162 = ORIENTED_EDGE('',*,*,#13887,.T.);
#14163 = ORIENTED_EDGE('',*,*,#14148,.T.);
#14164 = ORIENTED_EDGE('',*,*,#14004,.F.);
#14165 = PLANE('',#14166);
#14166 = AXIS2_PLACEMENT_3D('',#14167,#14168,#14169);
#14167 = CARTESIAN_POINT('',(-1.2,-0.8,0.55));
#14168 = DIRECTION('',(0.,0.,1.));
#14169 = DIRECTION('',(1.,0.,-0.));
#14170 = ( GEOMETRIC_REPRESENTATION_CONTEXT(3) 
GLOBAL_UNCERTAINTY_ASSIGNED_CONTEXT((#14174)) 
GLOBAL_UNIT_ASSIGNED_CONTEXT((#14171,#14172,#14173)) 
REPRESENTATION_CONTEXT('Context #1',
  '3D Context with UNIT and UNCERTAINTY') );
#14171 = ( LENGTH_UNIT() NAMED_UNIT(*) SI_UNIT(.MILLI.,.METRE.) );
#14172 = ( NAMED_UNIT(*) PLANE_ANGLE_UNIT() SI_UNIT($,.RADIAN.) );
#14173 = ( NAMED_UNIT(*) SI_UNIT($,.STERADIAN.) SOLID_ANGLE_UNIT() );
#14174 = UNCERTAINTY_MEASURE_WITH_UNIT(LENGTH_MEASURE(1.E-07),#14171,
  'distance_accuracy_value','confusion accuracy');
#14175 = CONTEXT_DEPENDENT_SHAPE_REPRESENTATION(#14176,#14178);
#14176 = ( REPRESENTATION_RELATIONSHIP('','',#13379,#10) 
REPRESENTATION_RELATIONSHIP_WITH_TRANSFORMATION(#14177) 
SHAPE_REPRESENTATION_RELATIONSHIP() );
#14177 = ITEM_DEFINED_TRANSFORMATION('','',#11,#35);
#14178 = PRODUCT_DEFINITION_SHAPE('Placement','Placement of an item',
  #14179);
#14179 = NEXT_ASSEMBLY_USAGE_OCCURRENCE('6','R3','',#5,#13374,$);
#14180 = PRODUCT_RELATED_PRODUCT_CATEGORY('part',$,(#13376));
#14181 = CONTEXT_DEPENDENT_SHAPE_REPRESENTATION(#14182,#14184);
#14182 = ( REPRESENTATION_RELATIONSHIP('','',#13379,#10) 
REPRESENTATION_RELATIONSHIP_WITH_TRANSFORMATION(#14183) 
SHAPE_REPRESENTATION_RELATIONSHIP() );
#14183 = ITEM_DEFINED_TRANSFORMATION('','',#11,#39);
#14184 = PRODUCT_DEFINITION_SHAPE('Placement','Placement of an item',
  #14185);
#14185 = NEXT_ASSEMBLY_USAGE_OCCURRENCE('7','R2','',#5,#13374,$);
#14186 = CONTEXT_DEPENDENT_SHAPE_REPRESENTATION(#14187,#14189);
#14187 = ( REPRESENTATION_RELATIONSHIP('','',#13379,#10) 
REPRESENTATION_RELATIONSHIP_WITH_TRANSFORMATION(#14188) 
SHAPE_REPRESENTATION_RELATIONSHIP() );
#14188 = ITEM_DEFINED_TRANSFORMATION('','',#11,#43);
#14189 = PRODUCT_DEFINITION_SHAPE('Placement','Placement of an item',
  #14190);
#14190 = NEXT_ASSEMBLY_USAGE_OCCURRENCE('8','R4','',#5,#13374,$);
#14191 = SHAPE_DEFINITION_REPRESENTATION(#14192,#14198);
#14192 = PRODUCT_DEFINITION_SHAPE('','',#14193);
#14193 = PRODUCT_DEFINITION('design','',#14194,#14197);
#14194 = PRODUCT_DEFINITION_FORMATION('','',#14195);
#14195 = PRODUCT('color-sensor-2026_PCB','color-sensor-2026_PCB','',(
    #14196));
#14196 = PRODUCT_CONTEXT('',#2,'mechanical');
#14197 = PRODUCT_DEFINITION_CONTEXT('part definition',#2,'design');
#14198 = ADVANCED_BREP_SHAPE_REPRESENTATION('',(#11,#14199),#15113);
#14199 = MANIFOLD_SOLID_BREP('',#14200);
#14200 = CLOSED_SHELL('',(#14201,#14243,#14274,#14305,#14533,#14761,
    #14778,#14795,#14812,#14829,#14841,#14858,#14875,#14892,#14909,
    #14926,#14943,#14960,#14977,#14994,#15011,#15028,#15045,#15062,
    #15079,#15096));
#14201 = ADVANCED_FACE('',(#14202),#14238,.T.);
#14202 = FACE_BOUND('',#14203,.T.);
#14203 = EDGE_LOOP('',(#14204,#14214,#14223,#14231));
#14204 = ORIENTED_EDGE('',*,*,#14205,.T.);
#14205 = EDGE_CURVE('',#14206,#14208,#14210,.T.);
#14206 = VERTEX_POINT('',#14207);
#14207 = CARTESIAN_POINT('',(5.,17.5,0.));
#14208 = VERTEX_POINT('',#14209);
#14209 = CARTESIAN_POINT('',(5.,17.5,1.51));
#14210 = LINE('',#14211,#14212);
#14211 = CARTESIAN_POINT('',(5.,17.5,0.));
#14212 = VECTOR('',#14213,1.);
#14213 = DIRECTION('',(0.,0.,1.));
#14214 = ORIENTED_EDGE('',*,*,#14215,.T.);
#14215 = EDGE_CURVE('',#14208,#14216,#14218,.T.);
#14216 = VERTEX_POINT('',#14217);
#14217 = CARTESIAN_POINT('',(7.,15.5,1.51));
#14218 = CIRCLE('',#14219,1.99999850585);
#14219 = AXIS2_PLACEMENT_3D('',#14220,#14221,#14222);
#14220 = CARTESIAN_POINT('',(5.00000149415,15.50000149415,1.51));
#14221 = DIRECTION('',(0.,0.,-1.));
#14222 = DIRECTION('',(-7.470757429475E-07,1.,0.));
#14223 = ORIENTED_EDGE('',*,*,#14224,.F.);
#14224 = EDGE_CURVE('',#14225,#14216,#14227,.T.);
#14225 = VERTEX_POINT('',#14226);
#14226 = CARTESIAN_POINT('',(7.,15.5,0.));
#14227 = LINE('',#14228,#14229);
#14228 = CARTESIAN_POINT('',(7.,15.5,0.));
#14229 = VECTOR('',#14230,1.);
#14230 = DIRECTION('',(0.,0.,1.));
#14231 = ORIENTED_EDGE('',*,*,#14232,.F.);
#14232 = EDGE_CURVE('',#14206,#14225,#14233,.T.);
#14233 = CIRCLE('',#14234,1.99999850585);
#14234 = AXIS2_PLACEMENT_3D('',#14235,#14236,#14237);
#14235 = CARTESIAN_POINT('',(5.00000149415,15.50000149415,0.));
#14236 = DIRECTION('',(0.,0.,-1.));
#14237 = DIRECTION('',(-7.470757429475E-07,1.,0.));
#14238 = CYLINDRICAL_SURFACE('',#14239,1.99999850585);
#14239 = AXIS2_PLACEMENT_3D('',#14240,#14241,#14242);
#14240 = CARTESIAN_POINT('',(5.00000149415,15.50000149415,0.));
#14241 = DIRECTION('',(0.,0.,-1.));
#14242 = DIRECTION('',(-7.470757429475E-07,1.,0.));
#14243 = ADVANCED_FACE('',(#14244),#14269,.T.);
#14244 = FACE_BOUND('',#14245,.T.);
#14245 = EDGE_LOOP('',(#14246,#14256,#14262,#14263));
#14246 = ORIENTED_EDGE('',*,*,#14247,.T.);
#14247 = EDGE_CURVE('',#14248,#14250,#14252,.T.);
#14248 = VERTEX_POINT('',#14249);
#14249 = CARTESIAN_POINT('',(-5.,17.5,0.));
#14250 = VERTEX_POINT('',#14251);
#14251 = CARTESIAN_POINT('',(-5.,17.5,1.51));
#14252 = LINE('',#14253,#14254);
#14253 = CARTESIAN_POINT('',(-5.,17.5,0.));
#14254 = VECTOR('',#14255,1.);
#14255 = DIRECTION('',(0.,0.,1.));
#14256 = ORIENTED_EDGE('',*,*,#14257,.T.);
#14257 = EDGE_CURVE('',#14250,#14208,#14258,.T.);
#14258 = LINE('',#14259,#14260);
#14259 = CARTESIAN_POINT('',(-5.,17.5,1.51));
#14260 = VECTOR('',#14261,1.);
#14261 = DIRECTION('',(1.,0.,0.));
#14262 = ORIENTED_EDGE('',*,*,#14205,.F.);
#14263 = ORIENTED_EDGE('',*,*,#14264,.F.);
#14264 = EDGE_CURVE('',#14248,#14206,#14265,.T.);
#14265 = LINE('',#14266,#14267);
#14266 = CARTESIAN_POINT('',(-5.,17.5,0.));
#14267 = VECTOR('',#14268,1.);
#14268 = DIRECTION('',(1.,0.,0.));
#14269 = PLANE('',#14270);
#14270 = AXIS2_PLACEMENT_3D('',#14271,#14272,#14273);
#14271 = CARTESIAN_POINT('',(-5.,17.5,0.));
#14272 = DIRECTION('',(0.,1.,0.));
#14273 = DIRECTION('',(1.,0.,0.));
#14274 = ADVANCED_FACE('',(#14275),#14300,.T.);
#14275 = FACE_BOUND('',#14276,.T.);
#14276 = EDGE_LOOP('',(#14277,#14278,#14286,#14294));
#14277 = ORIENTED_EDGE('',*,*,#14224,.T.);
#14278 = ORIENTED_EDGE('',*,*,#14279,.T.);
#14279 = EDGE_CURVE('',#14216,#14280,#14282,.T.);
#14280 = VERTEX_POINT('',#14281);
#14281 = CARTESIAN_POINT('',(7.,-15.5,1.51));
#14282 = LINE('',#14283,#14284);
#14283 = CARTESIAN_POINT('',(7.,15.5,1.51));
#14284 = VECTOR('',#14285,1.);
#14285 = DIRECTION('',(0.,-1.,0.));
#14286 = ORIENTED_EDGE('',*,*,#14287,.F.);
#14287 = EDGE_CURVE('',#14288,#14280,#14290,.T.);
#14288 = VERTEX_POINT('',#14289);
#14289 = CARTESIAN_POINT('',(7.,-15.5,0.));
#14290 = LINE('',#14291,#14292);
#14291 = CARTESIAN_POINT('',(7.,-15.5,0.));
#14292 = VECTOR('',#14293,1.);
#14293 = DIRECTION('',(0.,0.,1.));
#14294 = ORIENTED_EDGE('',*,*,#14295,.F.);
#14295 = EDGE_CURVE('',#14225,#14288,#14296,.T.);
#14296 = LINE('',#14297,#14298);
#14297 = CARTESIAN_POINT('',(7.,15.5,0.));
#14298 = VECTOR('',#14299,1.);
#14299 = DIRECTION('',(0.,-1.,0.));
#14300 = PLANE('',#14301);
#14301 = AXIS2_PLACEMENT_3D('',#14302,#14303,#14304);
#14302 = CARTESIAN_POINT('',(7.,15.5,0.));
#14303 = DIRECTION('',(1.,0.,-0.));
#14304 = DIRECTION('',(0.,-1.,0.));
#14305 = ADVANCED_FACE('',(#14306,#14352,#14363,#14374,#14385,#14396,
    #14407,#14418,#14429,#14440,#14451,#14462,#14473,#14484,#14495,
    #14506,#14517),#14528,.F.);
#14306 = FACE_BOUND('',#14307,.F.);
#14307 = EDGE_LOOP('',(#14308,#14309,#14310,#14319,#14327,#14336,#14344,
    #14351));
#14308 = ORIENTED_EDGE('',*,*,#14232,.F.);
#14309 = ORIENTED_EDGE('',*,*,#14264,.F.);
#14310 = ORIENTED_EDGE('',*,*,#14311,.F.);
#14311 = EDGE_CURVE('',#14312,#14248,#14314,.T.);
#14312 = VERTEX_POINT('',#14313);
#14313 = CARTESIAN_POINT('',(-7.,15.5,0.));
#14314 = CIRCLE('',#14315,1.99999850585);
#14315 = AXIS2_PLACEMENT_3D('',#14316,#14317,#14318);
#14316 = CARTESIAN_POINT('',(-5.00000149415,15.50000149415,0.));
#14317 = DIRECTION('',(0.,0.,-1.));
#14318 = DIRECTION('',(-1.,-7.470757429475E-07,-0.));
#14319 = ORIENTED_EDGE('',*,*,#14320,.F.);
#14320 = EDGE_CURVE('',#14321,#14312,#14323,.T.);
#14321 = VERTEX_POINT('',#14322);
#14322 = CARTESIAN_POINT('',(-7.,-15.5,0.));
#14323 = LINE('',#14324,#14325);
#14324 = CARTESIAN_POINT('',(-7.,-15.5,0.));
#14325 = VECTOR('',#14326,1.);
#14326 = DIRECTION('',(0.,1.,0.));
#14327 = ORIENTED_EDGE('',*,*,#14328,.F.);
#14328 = EDGE_CURVE('',#14329,#14321,#14331,.T.);
#14329 = VERTEX_POINT('',#14330);
#14330 = CARTESIAN_POINT('',(-5.,-17.5,0.));
#14331 = CIRCLE('',#14332,1.99999850585);
#14332 = AXIS2_PLACEMENT_3D('',#14333,#14334,#14335);
#14333 = CARTESIAN_POINT('',(-5.00000149415,-15.50000149415,0.));
#14334 = DIRECTION('',(0.,0.,-1.));
#14335 = DIRECTION('',(7.470757429475E-07,-1.,0.));
#14336 = ORIENTED_EDGE('',*,*,#14337,.F.);
#14337 = EDGE_CURVE('',#14338,#14329,#14340,.T.);
#14338 = VERTEX_POINT('',#14339);
#14339 = CARTESIAN_POINT('',(5.,-17.5,0.));
#14340 = LINE('',#14341,#14342);
#14341 = CARTESIAN_POINT('',(5.,-17.5,0.));
#14342 = VECTOR('',#14343,1.);
#14343 = DIRECTION('',(-1.,0.,0.));
#14344 = ORIENTED_EDGE('',*,*,#14345,.F.);
#14345 = EDGE_CURVE('',#14288,#14338,#14346,.T.);
#14346 = CIRCLE('',#14347,1.99999850585);
#14347 = AXIS2_PLACEMENT_3D('',#14348,#14349,#14350);
#14348 = CARTESIAN_POINT('',(5.00000149415,-15.50000149415,0.));
#14349 = DIRECTION('',(0.,0.,-1.));
#14350 = DIRECTION('',(1.,7.470757429475E-07,0.));
#14351 = ORIENTED_EDGE('',*,*,#14295,.F.);
#14352 = FACE_BOUND('',#14353,.F.);
#14353 = EDGE_LOOP('',(#14354));
#14354 = ORIENTED_EDGE('',*,*,#14355,.T.);
#14355 = EDGE_CURVE('',#14356,#14356,#14358,.T.);
#14356 = VERTEX_POINT('',#14357);
#14357 = CARTESIAN_POINT('',(-5.080001,-7.,0.));
#14358 = CIRCLE('',#14359,0.5);
#14359 = AXIS2_PLACEMENT_3D('',#14360,#14361,#14362);
#14360 = CARTESIAN_POINT('',(-5.080001,-6.5,0.));
#14361 = DIRECTION('',(-0.,0.,-1.));
#14362 = DIRECTION('',(-0.,-1.,0.));
#14363 = FACE_BOUND('',#14364,.F.);
#14364 = EDGE_LOOP('',(#14365));
#14365 = ORIENTED_EDGE('',*,*,#14366,.T.);
#14366 = EDGE_CURVE('',#14367,#14367,#14369,.T.);
#14367 = VERTEX_POINT('',#14368);
#14368 = CARTESIAN_POINT('',(-2.540001,-7.,0.));
#14369 = CIRCLE('',#14370,0.5);
#14370 = AXIS2_PLACEMENT_3D('',#14371,#14372,#14373);
#14371 = CARTESIAN_POINT('',(-2.540001,-6.5,0.));
#14372 = DIRECTION('',(-0.,0.,-1.));
#14373 = DIRECTION('',(-0.,-1.,0.));
#14374 = FACE_BOUND('',#14375,.F.);
#14375 = EDGE_LOOP('',(#14376));
#14376 = ORIENTED_EDGE('',*,*,#14377,.T.);
#14377 = EDGE_CURVE('',#14378,#14378,#14380,.T.);
#14378 = VERTEX_POINT('',#14379);
#14379 = CARTESIAN_POINT('',(0.,-7.,0.));
#14380 = CIRCLE('',#14381,0.5);
#14381 = AXIS2_PLACEMENT_3D('',#14382,#14383,#14384);
#14382 = CARTESIAN_POINT('',(-2.775557561563E-17,-6.5,0.));
#14383 = DIRECTION('',(-0.,0.,-1.));
#14384 = DIRECTION('',(5.551115123126E-17,-1.,-0.));
#14385 = FACE_BOUND('',#14386,.F.);
#14386 = EDGE_LOOP('',(#14387));
#14387 = ORIENTED_EDGE('',*,*,#14388,.T.);
#14388 = EDGE_CURVE('',#14389,#14389,#14391,.T.);
#14389 = VERTEX_POINT('',#14390);
#14390 = CARTESIAN_POINT('',(2.539999,-7.,0.));
#14391 = CIRCLE('',#14392,0.5);
#14392 = AXIS2_PLACEMENT_3D('',#14393,#14394,#14395);
#14393 = CARTESIAN_POINT('',(2.539999,-6.5,0.));
#14394 = DIRECTION('',(-0.,0.,-1.));
#14395 = DIRECTION('',(-0.,-1.,0.));
#14396 = FACE_BOUND('',#14397,.F.);
#14397 = EDGE_LOOP('',(#14398));
#14398 = ORIENTED_EDGE('',*,*,#14399,.T.);
#14399 = EDGE_CURVE('',#14400,#14400,#14402,.T.);
#14400 = VERTEX_POINT('',#14401);
#14401 = CARTESIAN_POINT('',(5.079999,-7.,0.));
#14402 = CIRCLE('',#14403,0.5);
#14403 = AXIS2_PLACEMENT_3D('',#14404,#14405,#14406);
#14404 = CARTESIAN_POINT('',(5.079999,-6.5,0.));
#14405 = DIRECTION('',(-0.,0.,-1.));
#14406 = DIRECTION('',(-0.,-1.,0.));
#14407 = FACE_BOUND('',#14408,.F.);
#14408 = EDGE_LOOP('',(#14409));
#14409 = ORIENTED_EDGE('',*,*,#14410,.T.);
#14410 = EDGE_CURVE('',#14411,#14411,#14413,.T.);
#14411 = VERTEX_POINT('',#14412);
#14412 = CARTESIAN_POINT('',(-4.697056,11.552944,0.));
#14413 = CIRCLE('',#14414,0.25);
#14414 = AXIS2_PLACEMENT_3D('',#14415,#14416,#14417);
#14415 = CARTESIAN_POINT('',(-4.697056,11.802944,0.));
#14416 = DIRECTION('',(-0.,0.,-1.));
#14417 = DIRECTION('',(-0.,-1.,0.));
#14418 = FACE_BOUND('',#14419,.F.);
#14419 = EDGE_LOOP('',(#14420));
#14420 = ORIENTED_EDGE('',*,*,#14421,.T.);
#14421 = EDGE_CURVE('',#14422,#14422,#14424,.T.);
#14422 = VERTEX_POINT('',#14423);
#14423 = CARTESIAN_POINT('',(-3.,10.85,0.));
#14424 = CIRCLE('',#14425,0.25);
#14425 = AXIS2_PLACEMENT_3D('',#14426,#14427,#14428);
#14426 = CARTESIAN_POINT('',(-3.,11.1,0.));
#14427 = DIRECTION('',(-0.,0.,-1.));
#14428 = DIRECTION('',(-0.,-1.,0.));
#14429 = FACE_BOUND('',#14430,.F.);
#14430 = EDGE_LOOP('',(#14431));
#14431 = ORIENTED_EDGE('',*,*,#14432,.T.);
#14432 = EDGE_CURVE('',#14433,#14433,#14435,.T.);
#14433 = VERTEX_POINT('',#14434);
#14434 = CARTESIAN_POINT('',(-5.4,13.25,0.));
#14435 = CIRCLE('',#14436,0.25);
#14436 = AXIS2_PLACEMENT_3D('',#14437,#14438,#14439);
#14437 = CARTESIAN_POINT('',(-5.4,13.5,0.));
#14438 = DIRECTION('',(-0.,0.,-1.));
#14439 = DIRECTION('',(-0.,-1.,0.));
#14440 = FACE_BOUND('',#14441,.F.);
#14441 = EDGE_LOOP('',(#14442));
#14442 = ORIENTED_EDGE('',*,*,#14443,.T.);
#14443 = EDGE_CURVE('',#14444,#14444,#14446,.T.);
#14444 = VERTEX_POINT('',#14445);
#14445 = CARTESIAN_POINT('',(-4.697056,14.947056,0.));
#14446 = CIRCLE('',#14447,0.25);
#14447 = AXIS2_PLACEMENT_3D('',#14448,#14449,#14450);
#14448 = CARTESIAN_POINT('',(-4.697056,15.197056,0.));
#14449 = DIRECTION('',(-0.,0.,-1.));
#14450 = DIRECTION('',(-0.,-1.,0.));
#14451 = FACE_BOUND('',#14452,.F.);
#14452 = EDGE_LOOP('',(#14453));
#14453 = ORIENTED_EDGE('',*,*,#14454,.T.);
#14454 = EDGE_CURVE('',#14455,#14455,#14457,.T.);
#14455 = VERTEX_POINT('',#14456);
#14456 = CARTESIAN_POINT('',(-3.,11.9,0.));
#14457 = CIRCLE('',#14458,1.6);
#14458 = AXIS2_PLACEMENT_3D('',#14459,#14460,#14461);
#14459 = CARTESIAN_POINT('',(-3.,13.5,0.));
#14460 = DIRECTION('',(-0.,0.,-1.));
#14461 = DIRECTION('',(-0.,-1.,0.));
#14462 = FACE_BOUND('',#14463,.F.);
#14463 = EDGE_LOOP('',(#14464));
#14464 = ORIENTED_EDGE('',*,*,#14465,.T.);
#14465 = EDGE_CURVE('',#14466,#14466,#14468,.T.);
#14466 = VERTEX_POINT('',#14467);
#14467 = CARTESIAN_POINT('',(-3.,15.65,0.));
#14468 = CIRCLE('',#14469,0.25);
#14469 = AXIS2_PLACEMENT_3D('',#14470,#14471,#14472);
#14470 = CARTESIAN_POINT('',(-3.,15.9,0.));
#14471 = DIRECTION('',(-0.,0.,-1.));
#14472 = DIRECTION('',(-0.,-1.,0.));
#14473 = FACE_BOUND('',#14474,.F.);
#14474 = EDGE_LOOP('',(#14475));
#14475 = ORIENTED_EDGE('',*,*,#14476,.T.);
#14476 = EDGE_CURVE('',#14477,#14477,#14479,.T.);
#14477 = VERTEX_POINT('',#14478);
#14478 = CARTESIAN_POINT('',(-1.302944,11.552944,0.));
#14479 = CIRCLE('',#14480,0.25);
#14480 = AXIS2_PLACEMENT_3D('',#14481,#14482,#14483);
#14481 = CARTESIAN_POINT('',(-1.302944,11.802944,0.));
#14482 = DIRECTION('',(-0.,0.,-1.));
#14483 = DIRECTION('',(-0.,-1.,0.));
#14484 = FACE_BOUND('',#14485,.F.);
#14485 = EDGE_LOOP('',(#14486));
#14486 = ORIENTED_EDGE('',*,*,#14487,.T.);
#14487 = EDGE_CURVE('',#14488,#14488,#14490,.T.);
#14488 = VERTEX_POINT('',#14489);
#14489 = CARTESIAN_POINT('',(-0.6,13.25,0.));
#14490 = CIRCLE('',#14491,0.25);
#14491 = AXIS2_PLACEMENT_3D('',#14492,#14493,#14494);
#14492 = CARTESIAN_POINT('',(-0.6,13.5,0.));
#14493 = DIRECTION('',(-0.,0.,-1.));
#14494 = DIRECTION('',(-0.,-1.,0.));
#14495 = FACE_BOUND('',#14496,.F.);
#14496 = EDGE_LOOP('',(#14497));
#14497 = ORIENTED_EDGE('',*,*,#14498,.T.);
#14498 = EDGE_CURVE('',#14499,#14499,#14501,.T.);
#14499 = VERTEX_POINT('',#14500);
#14500 = CARTESIAN_POINT('',(-1.302944,14.947056,0.));
#14501 = CIRCLE('',#14502,0.25);
#14502 = AXIS2_PLACEMENT_3D('',#14503,#14504,#14505);
#14503 = CARTESIAN_POINT('',(-1.302944,15.197056,0.));
#14504 = DIRECTION('',(-0.,0.,-1.));
#14505 = DIRECTION('',(-0.,-1.,0.));
#14506 = FACE_BOUND('',#14507,.F.);
#14507 = EDGE_LOOP('',(#14508));
#14508 = ORIENTED_EDGE('',*,*,#14509,.T.);
#14509 = EDGE_CURVE('',#14510,#14510,#14512,.T.);
#14510 = VERTEX_POINT('',#14511);
#14511 = CARTESIAN_POINT('',(2.066,13.1,0.));
#14512 = CIRCLE('',#14513,0.4);
#14513 = AXIS2_PLACEMENT_3D('',#14514,#14515,#14516);
#14514 = CARTESIAN_POINT('',(2.066,13.5,0.));
#14515 = DIRECTION('',(-0.,0.,-1.));
#14516 = DIRECTION('',(-0.,-1.,0.));
#14517 = FACE_BOUND('',#14518,.F.);
#14518 = EDGE_LOOP('',(#14519));
#14519 = ORIENTED_EDGE('',*,*,#14520,.T.);
#14520 = EDGE_CURVE('',#14521,#14521,#14523,.T.);
#14521 = VERTEX_POINT('',#14522);
#14522 = CARTESIAN_POINT('',(5.466,13.1,0.));
#14523 = CIRCLE('',#14524,0.4);
#14524 = AXIS2_PLACEMENT_3D('',#14525,#14526,#14527);
#14525 = CARTESIAN_POINT('',(5.466,13.5,0.));
#14526 = DIRECTION('',(-0.,0.,-1.));
#14527 = DIRECTION('',(2.22044604925E-15,-1.,-0.));
#14528 = PLANE('',#14529);
#14529 = AXIS2_PLACEMENT_3D('',#14530,#14531,#14532);
#14530 = CARTESIAN_POINT('',(0.,0.,0.));
#14531 = DIRECTION('',(0.,0.,1.));
#14532 = DIRECTION('',(1.,0.,-0.));
#14533 = ADVANCED_FACE('',(#14534,#14580,#14591,#14602,#14613,#14624,
    #14635,#14646,#14657,#14668,#14679,#14690,#14701,#14712,#14723,
    #14734,#14745),#14756,.T.);
#14534 = FACE_BOUND('',#14535,.T.);
#14535 = EDGE_LOOP('',(#14536,#14537,#14538,#14547,#14555,#14564,#14572,
    #14579));
#14536 = ORIENTED_EDGE('',*,*,#14215,.F.);
#14537 = ORIENTED_EDGE('',*,*,#14257,.F.);
#14538 = ORIENTED_EDGE('',*,*,#14539,.F.);
#14539 = EDGE_CURVE('',#14540,#14250,#14542,.T.);
#14540 = VERTEX_POINT('',#14541);
#14541 = CARTESIAN_POINT('',(-7.,15.5,1.51));
#14542 = CIRCLE('',#14543,1.99999850585);
#14543 = AXIS2_PLACEMENT_3D('',#14544,#14545,#14546);
#14544 = CARTESIAN_POINT('',(-5.00000149415,15.50000149415,1.51));
#14545 = DIRECTION('',(0.,0.,-1.));
#14546 = DIRECTION('',(-1.,-7.470757429475E-07,-0.));
#14547 = ORIENTED_EDGE('',*,*,#14548,.F.);
#14548 = EDGE_CURVE('',#14549,#14540,#14551,.T.);
#14549 = VERTEX_POINT('',#14550);
#14550 = CARTESIAN_POINT('',(-7.,-15.5,1.51));
#14551 = LINE('',#14552,#14553);
#14552 = CARTESIAN_POINT('',(-7.,-15.5,1.51));
#14553 = VECTOR('',#14554,1.);
#14554 = DIRECTION('',(0.,1.,0.));
#14555 = ORIENTED_EDGE('',*,*,#14556,.F.);
#14556 = EDGE_CURVE('',#14557,#14549,#14559,.T.);
#14557 = VERTEX_POINT('',#14558);
#14558 = CARTESIAN_POINT('',(-5.,-17.5,1.51));
#14559 = CIRCLE('',#14560,1.99999850585);
#14560 = AXIS2_PLACEMENT_3D('',#14561,#14562,#14563);
#14561 = CARTESIAN_POINT('',(-5.00000149415,-15.50000149415,1.51));
#14562 = DIRECTION('',(0.,0.,-1.));
#14563 = DIRECTION('',(7.470757429475E-07,-1.,0.));
#14564 = ORIENTED_EDGE('',*,*,#14565,.F.);
#14565 = EDGE_CURVE('',#14566,#14557,#14568,.T.);
#14566 = VERTEX_POINT('',#14567);
#14567 = CARTESIAN_POINT('',(5.,-17.5,1.51));
#14568 = LINE('',#14569,#14570);
#14569 = CARTESIAN_POINT('',(5.,-17.5,1.51));
#14570 = VECTOR('',#14571,1.);
#14571 = DIRECTION('',(-1.,0.,0.));
#14572 = ORIENTED_EDGE('',*,*,#14573,.F.);
#14573 = EDGE_CURVE('',#14280,#14566,#14574,.T.);
#14574 = CIRCLE('',#14575,1.99999850585);
#14575 = AXIS2_PLACEMENT_3D('',#14576,#14577,#14578);
#14576 = CARTESIAN_POINT('',(5.00000149415,-15.50000149415,1.51));
#14577 = DIRECTION('',(0.,0.,-1.));
#14578 = DIRECTION('',(1.,7.470757429475E-07,0.));
#14579 = ORIENTED_EDGE('',*,*,#14279,.F.);
#14580 = FACE_BOUND('',#14581,.T.);
#14581 = EDGE_LOOP('',(#14582));
#14582 = ORIENTED_EDGE('',*,*,#14583,.T.);
#14583 = EDGE_CURVE('',#14584,#14584,#14586,.T.);
#14584 = VERTEX_POINT('',#14585);
#14585 = CARTESIAN_POINT('',(-5.080001,-7.,1.51));
#14586 = CIRCLE('',#14587,0.5);
#14587 = AXIS2_PLACEMENT_3D('',#14588,#14589,#14590);
#14588 = CARTESIAN_POINT('',(-5.080001,-6.5,1.51));
#14589 = DIRECTION('',(-0.,0.,-1.));
#14590 = DIRECTION('',(-0.,-1.,0.));
#14591 = FACE_BOUND('',#14592,.T.);
#14592 = EDGE_LOOP('',(#14593));
#14593 = ORIENTED_EDGE('',*,*,#14594,.T.);
#14594 = EDGE_CURVE('',#14595,#14595,#14597,.T.);
#14595 = VERTEX_POINT('',#14596);
#14596 = CARTESIAN_POINT('',(-2.540001,-7.,1.51));
#14597 = CIRCLE('',#14598,0.5);
#14598 = AXIS2_PLACEMENT_3D('',#14599,#14600,#14601);
#14599 = CARTESIAN_POINT('',(-2.540001,-6.5,1.51));
#14600 = DIRECTION('',(-0.,0.,-1.));
#14601 = DIRECTION('',(-0.,-1.,0.));
#14602 = FACE_BOUND('',#14603,.T.);
#14603 = EDGE_LOOP('',(#14604));
#14604 = ORIENTED_EDGE('',*,*,#14605,.T.);
#14605 = EDGE_CURVE('',#14606,#14606,#14608,.T.);
#14606 = VERTEX_POINT('',#14607);
#14607 = CARTESIAN_POINT('',(0.,-7.,1.51));
#14608 = CIRCLE('',#14609,0.5);
#14609 = AXIS2_PLACEMENT_3D('',#14610,#14611,#14612);
#14610 = CARTESIAN_POINT('',(-2.775557561563E-17,-6.5,1.51));
#14611 = DIRECTION('',(-0.,0.,-1.));
#14612 = DIRECTION('',(5.551115123126E-17,-1.,-0.));
#14613 = FACE_BOUND('',#14614,.T.);
#14614 = EDGE_LOOP('',(#14615));
#14615 = ORIENTED_EDGE('',*,*,#14616,.T.);
#14616 = EDGE_CURVE('',#14617,#14617,#14619,.T.);
#14617 = VERTEX_POINT('',#14618);
#14618 = CARTESIAN_POINT('',(2.539999,-7.,1.51));
#14619 = CIRCLE('',#14620,0.5);
#14620 = AXIS2_PLACEMENT_3D('',#14621,#14622,#14623);
#14621 = CARTESIAN_POINT('',(2.539999,-6.5,1.51));
#14622 = DIRECTION('',(-0.,0.,-1.));
#14623 = DIRECTION('',(-0.,-1.,0.));
#14624 = FACE_BOUND('',#14625,.T.);
#14625 = EDGE_LOOP('',(#14626));
#14626 = ORIENTED_EDGE('',*,*,#14627,.T.);
#14627 = EDGE_CURVE('',#14628,#14628,#14630,.T.);
#14628 = VERTEX_POINT('',#14629);
#14629 = CARTESIAN_POINT('',(5.079999,-7.,1.51));
#14630 = CIRCLE('',#14631,0.5);
#14631 = AXIS2_PLACEMENT_3D('',#14632,#14633,#14634);
#14632 = CARTESIAN_POINT('',(5.079999,-6.5,1.51));
#14633 = DIRECTION('',(-0.,0.,-1.));
#14634 = DIRECTION('',(-0.,-1.,0.));
#14635 = FACE_BOUND('',#14636,.T.);
#14636 = EDGE_LOOP('',(#14637));
#14637 = ORIENTED_EDGE('',*,*,#14638,.T.);
#14638 = EDGE_CURVE('',#14639,#14639,#14641,.T.);
#14639 = VERTEX_POINT('',#14640);
#14640 = CARTESIAN_POINT('',(-4.697056,11.552944,1.51));
#14641 = CIRCLE('',#14642,0.25);
#14642 = AXIS2_PLACEMENT_3D('',#14643,#14644,#14645);
#14643 = CARTESIAN_POINT('',(-4.697056,11.802944,1.51));
#14644 = DIRECTION('',(-0.,0.,-1.));
#14645 = DIRECTION('',(-0.,-1.,0.));
#14646 = FACE_BOUND('',#14647,.T.);
#14647 = EDGE_LOOP('',(#14648));
#14648 = ORIENTED_EDGE('',*,*,#14649,.T.);
#14649 = EDGE_CURVE('',#14650,#14650,#14652,.T.);
#14650 = VERTEX_POINT('',#14651);
#14651 = CARTESIAN_POINT('',(-3.,10.85,1.51));
#14652 = CIRCLE('',#14653,0.25);
#14653 = AXIS2_PLACEMENT_3D('',#14654,#14655,#14656);
#14654 = CARTESIAN_POINT('',(-3.,11.1,1.51));
#14655 = DIRECTION('',(-0.,0.,-1.));
#14656 = DIRECTION('',(-0.,-1.,0.));
#14657 = FACE_BOUND('',#14658,.T.);
#14658 = EDGE_LOOP('',(#14659));
#14659 = ORIENTED_EDGE('',*,*,#14660,.T.);
#14660 = EDGE_CURVE('',#14661,#14661,#14663,.T.);
#14661 = VERTEX_POINT('',#14662);
#14662 = CARTESIAN_POINT('',(-5.4,13.25,1.51));
#14663 = CIRCLE('',#14664,0.25);
#14664 = AXIS2_PLACEMENT_3D('',#14665,#14666,#14667);
#14665 = CARTESIAN_POINT('',(-5.4,13.5,1.51));
#14666 = DIRECTION('',(-0.,0.,-1.));
#14667 = DIRECTION('',(-0.,-1.,0.));
#14668 = FACE_BOUND('',#14669,.T.);
#14669 = EDGE_LOOP('',(#14670));
#14670 = ORIENTED_EDGE('',*,*,#14671,.T.);
#14671 = EDGE_CURVE('',#14672,#14672,#14674,.T.);
#14672 = VERTEX_POINT('',#14673);
#14673 = CARTESIAN_POINT('',(-4.697056,14.947056,1.51));
#14674 = CIRCLE('',#14675,0.25);
#14675 = AXIS2_PLACEMENT_3D('',#14676,#14677,#14678);
#14676 = CARTESIAN_POINT('',(-4.697056,15.197056,1.51));
#14677 = DIRECTION('',(-0.,0.,-1.));
#14678 = DIRECTION('',(-0.,-1.,0.));
#14679 = FACE_BOUND('',#14680,.T.);
#14680 = EDGE_LOOP('',(#14681));
#14681 = ORIENTED_EDGE('',*,*,#14682,.T.);
#14682 = EDGE_CURVE('',#14683,#14683,#14685,.T.);
#14683 = VERTEX_POINT('',#14684);
#14684 = CARTESIAN_POINT('',(-3.,11.9,1.51));
#14685 = CIRCLE('',#14686,1.6);
#14686 = AXIS2_PLACEMENT_3D('',#14687,#14688,#14689);
#14687 = CARTESIAN_POINT('',(-3.,13.5,1.51));
#14688 = DIRECTION('',(-0.,0.,-1.));
#14689 = DIRECTION('',(-0.,-1.,0.));
#14690 = FACE_BOUND('',#14691,.T.);
#14691 = EDGE_LOOP('',(#14692));
#14692 = ORIENTED_EDGE('',*,*,#14693,.T.);
#14693 = EDGE_CURVE('',#14694,#14694,#14696,.T.);
#14694 = VERTEX_POINT('',#14695);
#14695 = CARTESIAN_POINT('',(-3.,15.65,1.51));
#14696 = CIRCLE('',#14697,0.25);
#14697 = AXIS2_PLACEMENT_3D('',#14698,#14699,#14700);
#14698 = CARTESIAN_POINT('',(-3.,15.9,1.51));
#14699 = DIRECTION('',(-0.,0.,-1.));
#14700 = DIRECTION('',(-0.,-1.,0.));
#14701 = FACE_BOUND('',#14702,.T.);
#14702 = EDGE_LOOP('',(#14703));
#14703 = ORIENTED_EDGE('',*,*,#14704,.T.);
#14704 = EDGE_CURVE('',#14705,#14705,#14707,.T.);
#14705 = VERTEX_POINT('',#14706);
#14706 = CARTESIAN_POINT('',(-1.302944,11.552944,1.51));
#14707 = CIRCLE('',#14708,0.25);
#14708 = AXIS2_PLACEMENT_3D('',#14709,#14710,#14711);
#14709 = CARTESIAN_POINT('',(-1.302944,11.802944,1.51));
#14710 = DIRECTION('',(-0.,0.,-1.));
#14711 = DIRECTION('',(-0.,-1.,0.));
#14712 = FACE_BOUND('',#14713,.T.);
#14713 = EDGE_LOOP('',(#14714));
#14714 = ORIENTED_EDGE('',*,*,#14715,.T.);
#14715 = EDGE_CURVE('',#14716,#14716,#14718,.T.);
#14716 = VERTEX_POINT('',#14717);
#14717 = CARTESIAN_POINT('',(-0.6,13.25,1.51));
#14718 = CIRCLE('',#14719,0.25);
#14719 = AXIS2_PLACEMENT_3D('',#14720,#14721,#14722);
#14720 = CARTESIAN_POINT('',(-0.6,13.5,1.51));
#14721 = DIRECTION('',(-0.,0.,-1.));
#14722 = DIRECTION('',(-0.,-1.,0.));
#14723 = FACE_BOUND('',#14724,.T.);
#14724 = EDGE_LOOP('',(#14725));
#14725 = ORIENTED_EDGE('',*,*,#14726,.T.);
#14726 = EDGE_CURVE('',#14727,#14727,#14729,.T.);
#14727 = VERTEX_POINT('',#14728);
#14728 = CARTESIAN_POINT('',(-1.302944,14.947056,1.51));
#14729 = CIRCLE('',#14730,0.25);
#14730 = AXIS2_PLACEMENT_3D('',#14731,#14732,#14733);
#14731 = CARTESIAN_POINT('',(-1.302944,15.197056,1.51));
#14732 = DIRECTION('',(-0.,0.,-1.));
#14733 = DIRECTION('',(-0.,-1.,0.));
#14734 = FACE_BOUND('',#14735,.T.);
#14735 = EDGE_LOOP('',(#14736));
#14736 = ORIENTED_EDGE('',*,*,#14737,.T.);
#14737 = EDGE_CURVE('',#14738,#14738,#14740,.T.);
#14738 = VERTEX_POINT('',#14739);
#14739 = CARTESIAN_POINT('',(2.066,13.1,1.51));
#14740 = CIRCLE('',#14741,0.4);
#14741 = AXIS2_PLACEMENT_3D('',#14742,#14743,#14744);
#14742 = CARTESIAN_POINT('',(2.066,13.5,1.51));
#14743 = DIRECTION('',(-0.,0.,-1.));
#14744 = DIRECTION('',(-0.,-1.,0.));
#14745 = FACE_BOUND('',#14746,.T.);
#14746 = EDGE_LOOP('',(#14747));
#14747 = ORIENTED_EDGE('',*,*,#14748,.T.);
#14748 = EDGE_CURVE('',#14749,#14749,#14751,.T.);
#14749 = VERTEX_POINT('',#14750);
#14750 = CARTESIAN_POINT('',(5.466,13.1,1.51));
#14751 = CIRCLE('',#14752,0.4);
#14752 = AXIS2_PLACEMENT_3D('',#14753,#14754,#14755);
#14753 = CARTESIAN_POINT('',(5.466,13.5,1.51));
#14754 = DIRECTION('',(-0.,0.,-1.));
#14755 = DIRECTION('',(2.22044604925E-15,-1.,-0.));
#14756 = PLANE('',#14757);
#14757 = AXIS2_PLACEMENT_3D('',#14758,#14759,#14760);
#14758 = CARTESIAN_POINT('',(0.,0.,1.51));
#14759 = DIRECTION('',(0.,0.,1.));
#14760 = DIRECTION('',(1.,0.,-0.));
#14761 = ADVANCED_FACE('',(#14762),#14773,.T.);
#14762 = FACE_BOUND('',#14763,.T.);
#14763 = EDGE_LOOP('',(#14764,#14770,#14771,#14772));
#14764 = ORIENTED_EDGE('',*,*,#14765,.T.);
#14765 = EDGE_CURVE('',#14312,#14540,#14766,.T.);
#14766 = LINE('',#14767,#14768);
#14767 = CARTESIAN_POINT('',(-7.,15.5,0.));
#14768 = VECTOR('',#14769,1.);
#14769 = DIRECTION('',(0.,0.,1.));
#14770 = ORIENTED_EDGE('',*,*,#14539,.T.);
#14771 = ORIENTED_EDGE('',*,*,#14247,.F.);
#14772 = ORIENTED_EDGE('',*,*,#14311,.F.);
#14773 = CYLINDRICAL_SURFACE('',#14774,1.99999850585);
#14774 = AXIS2_PLACEMENT_3D('',#14775,#14776,#14777);
#14775 = CARTESIAN_POINT('',(-5.00000149415,15.50000149415,0.));
#14776 = DIRECTION('',(0.,0.,-1.));
#14777 = DIRECTION('',(-1.,-7.470757429475E-07,-0.));
#14778 = ADVANCED_FACE('',(#14779),#14790,.T.);
#14779 = FACE_BOUND('',#14780,.T.);
#14780 = EDGE_LOOP('',(#14781,#14782,#14783,#14789));
#14781 = ORIENTED_EDGE('',*,*,#14287,.T.);
#14782 = ORIENTED_EDGE('',*,*,#14573,.T.);
#14783 = ORIENTED_EDGE('',*,*,#14784,.F.);
#14784 = EDGE_CURVE('',#14338,#14566,#14785,.T.);
#14785 = LINE('',#14786,#14787);
#14786 = CARTESIAN_POINT('',(5.,-17.5,0.));
#14787 = VECTOR('',#14788,1.);
#14788 = DIRECTION('',(0.,0.,1.));
#14789 = ORIENTED_EDGE('',*,*,#14345,.F.);
#14790 = CYLINDRICAL_SURFACE('',#14791,1.99999850585);
#14791 = AXIS2_PLACEMENT_3D('',#14792,#14793,#14794);
#14792 = CARTESIAN_POINT('',(5.00000149415,-15.50000149415,0.));
#14793 = DIRECTION('',(0.,0.,-1.));
#14794 = DIRECTION('',(1.,7.470757429475E-07,0.));
#14795 = ADVANCED_FACE('',(#14796),#14807,.T.);
#14796 = FACE_BOUND('',#14797,.T.);
#14797 = EDGE_LOOP('',(#14798,#14804,#14805,#14806));
#14798 = ORIENTED_EDGE('',*,*,#14799,.T.);
#14799 = EDGE_CURVE('',#14321,#14549,#14800,.T.);
#14800 = LINE('',#14801,#14802);
#14801 = CARTESIAN_POINT('',(-7.,-15.5,0.));
#14802 = VECTOR('',#14803,1.);
#14803 = DIRECTION('',(0.,0.,1.));
#14804 = ORIENTED_EDGE('',*,*,#14548,.T.);
#14805 = ORIENTED_EDGE('',*,*,#14765,.F.);
#14806 = ORIENTED_EDGE('',*,*,#14320,.F.);
#14807 = PLANE('',#14808);
#14808 = AXIS2_PLACEMENT_3D('',#14809,#14810,#14811);
#14809 = CARTESIAN_POINT('',(-7.,-15.5,0.));
#14810 = DIRECTION('',(-1.,0.,0.));
#14811 = DIRECTION('',(0.,1.,0.));
#14812 = ADVANCED_FACE('',(#14813),#14824,.T.);
#14813 = FACE_BOUND('',#14814,.T.);
#14814 = EDGE_LOOP('',(#14815,#14816,#14817,#14823));
#14815 = ORIENTED_EDGE('',*,*,#14784,.T.);
#14816 = ORIENTED_EDGE('',*,*,#14565,.T.);
#14817 = ORIENTED_EDGE('',*,*,#14818,.F.);
#14818 = EDGE_CURVE('',#14329,#14557,#14819,.T.);
#14819 = LINE('',#14820,#14821);
#14820 = CARTESIAN_POINT('',(-5.,-17.5,0.));
#14821 = VECTOR('',#14822,1.);
#14822 = DIRECTION('',(0.,0.,1.));
#14823 = ORIENTED_EDGE('',*,*,#14337,.F.);
#14824 = PLANE('',#14825);
#14825 = AXIS2_PLACEMENT_3D('',#14826,#14827,#14828);
#14826 = CARTESIAN_POINT('',(5.,-17.5,0.));
#14827 = DIRECTION('',(0.,-1.,0.));
#14828 = DIRECTION('',(-1.,0.,0.));
#14829 = ADVANCED_FACE('',(#14830),#14836,.T.);
#14830 = FACE_BOUND('',#14831,.T.);
#14831 = EDGE_LOOP('',(#14832,#14833,#14834,#14835));
#14832 = ORIENTED_EDGE('',*,*,#14818,.T.);
#14833 = ORIENTED_EDGE('',*,*,#14556,.T.);
#14834 = ORIENTED_EDGE('',*,*,#14799,.F.);
#14835 = ORIENTED_EDGE('',*,*,#14328,.F.);
#14836 = CYLINDRICAL_SURFACE('',#14837,1.99999850585);
#14837 = AXIS2_PLACEMENT_3D('',#14838,#14839,#14840);
#14838 = CARTESIAN_POINT('',(-5.00000149415,-15.50000149415,0.));
#14839 = DIRECTION('',(0.,0.,-1.));
#14840 = DIRECTION('',(7.470757429475E-07,-1.,0.));
#14841 = ADVANCED_FACE('',(#14842),#14853,.F.);
#14842 = FACE_BOUND('',#14843,.T.);
#14843 = EDGE_LOOP('',(#14844,#14845,#14851,#14852));
#14844 = ORIENTED_EDGE('',*,*,#14355,.T.);
#14845 = ORIENTED_EDGE('',*,*,#14846,.T.);
#14846 = EDGE_CURVE('',#14356,#14584,#14847,.T.);
#14847 = LINE('',#14848,#14849);
#14848 = CARTESIAN_POINT('',(-5.080001,-7.,-4.6E-02));
#14849 = VECTOR('',#14850,1.);
#14850 = DIRECTION('',(0.,0.,1.));
#14851 = ORIENTED_EDGE('',*,*,#14583,.F.);
#14852 = ORIENTED_EDGE('',*,*,#14846,.F.);
#14853 = CYLINDRICAL_SURFACE('',#14854,0.5);
#14854 = AXIS2_PLACEMENT_3D('',#14855,#14856,#14857);
#14855 = CARTESIAN_POINT('',(-5.080001,-6.5,-4.6E-02));
#14856 = DIRECTION('',(-0.,-0.,-1.));
#14857 = DIRECTION('',(-0.,-1.,0.));
#14858 = ADVANCED_FACE('',(#14859),#14870,.F.);
#14859 = FACE_BOUND('',#14860,.T.);
#14860 = EDGE_LOOP('',(#14861,#14862,#14868,#14869));
#14861 = ORIENTED_EDGE('',*,*,#14366,.T.);
#14862 = ORIENTED_EDGE('',*,*,#14863,.T.);
#14863 = EDGE_CURVE('',#14367,#14595,#14864,.T.);
#14864 = LINE('',#14865,#14866);
#14865 = CARTESIAN_POINT('',(-2.540001,-7.,-4.6E-02));
#14866 = VECTOR('',#14867,1.);
#14867 = DIRECTION('',(0.,0.,1.));
#14868 = ORIENTED_EDGE('',*,*,#14594,.F.);
#14869 = ORIENTED_EDGE('',*,*,#14863,.F.);
#14870 = CYLINDRICAL_SURFACE('',#14871,0.5);
#14871 = AXIS2_PLACEMENT_3D('',#14872,#14873,#14874);
#14872 = CARTESIAN_POINT('',(-2.540001,-6.5,-4.6E-02));
#14873 = DIRECTION('',(-0.,-0.,-1.));
#14874 = DIRECTION('',(-0.,-1.,0.));
#14875 = ADVANCED_FACE('',(#14876),#14887,.F.);
#14876 = FACE_BOUND('',#14877,.T.);
#14877 = EDGE_LOOP('',(#14878,#14879,#14885,#14886));
#14878 = ORIENTED_EDGE('',*,*,#14377,.T.);
#14879 = ORIENTED_EDGE('',*,*,#14880,.T.);
#14880 = EDGE_CURVE('',#14378,#14606,#14881,.T.);
#14881 = LINE('',#14882,#14883);
#14882 = CARTESIAN_POINT('',(0.,-7.,-4.6E-02));
#14883 = VECTOR('',#14884,1.);
#14884 = DIRECTION('',(0.,0.,1.));
#14885 = ORIENTED_EDGE('',*,*,#14605,.F.);
#14886 = ORIENTED_EDGE('',*,*,#14880,.F.);
#14887 = CYLINDRICAL_SURFACE('',#14888,0.5);
#14888 = AXIS2_PLACEMENT_3D('',#14889,#14890,#14891);
#14889 = CARTESIAN_POINT('',(-2.775557561563E-17,-6.5,-4.6E-02));
#14890 = DIRECTION('',(-0.,0.,-1.));
#14891 = DIRECTION('',(5.551115123126E-17,-1.,-0.));
#14892 = ADVANCED_FACE('',(#14893),#14904,.F.);
#14893 = FACE_BOUND('',#14894,.T.);
#14894 = EDGE_LOOP('',(#14895,#14896,#14902,#14903));
#14895 = ORIENTED_EDGE('',*,*,#14388,.T.);
#14896 = ORIENTED_EDGE('',*,*,#14897,.T.);
#14897 = EDGE_CURVE('',#14389,#14617,#14898,.T.);
#14898 = LINE('',#14899,#14900);
#14899 = CARTESIAN_POINT('',(2.539999,-7.,-4.6E-02));
#14900 = VECTOR('',#14901,1.);
#14901 = DIRECTION('',(0.,0.,1.));
#14902 = ORIENTED_EDGE('',*,*,#14616,.F.);
#14903 = ORIENTED_EDGE('',*,*,#14897,.F.);
#14904 = CYLINDRICAL_SURFACE('',#14905,0.5);
#14905 = AXIS2_PLACEMENT_3D('',#14906,#14907,#14908);
#14906 = CARTESIAN_POINT('',(2.539999,-6.5,-4.6E-02));
#14907 = DIRECTION('',(-0.,-0.,-1.));
#14908 = DIRECTION('',(-0.,-1.,0.));
#14909 = ADVANCED_FACE('',(#14910),#14921,.F.);
#14910 = FACE_BOUND('',#14911,.T.);
#14911 = EDGE_LOOP('',(#14912,#14913,#14919,#14920));
#14912 = ORIENTED_EDGE('',*,*,#14399,.T.);
#14913 = ORIENTED_EDGE('',*,*,#14914,.T.);
#14914 = EDGE_CURVE('',#14400,#14628,#14915,.T.);
#14915 = LINE('',#14916,#14917);
#14916 = CARTESIAN_POINT('',(5.079999,-7.,-4.6E-02));
#14917 = VECTOR('',#14918,1.);
#14918 = DIRECTION('',(0.,0.,1.));
#14919 = ORIENTED_EDGE('',*,*,#14627,.F.);
#14920 = ORIENTED_EDGE('',*,*,#14914,.F.);
#14921 = CYLINDRICAL_SURFACE('',#14922,0.5);
#14922 = AXIS2_PLACEMENT_3D('',#14923,#14924,#14925);
#14923 = CARTESIAN_POINT('',(5.079999,-6.5,-4.6E-02));
#14924 = DIRECTION('',(-0.,-0.,-1.));
#14925 = DIRECTION('',(-0.,-1.,0.));
#14926 = ADVANCED_FACE('',(#14927),#14938,.F.);
#14927 = FACE_BOUND('',#14928,.T.);
#14928 = EDGE_LOOP('',(#14929,#14930,#14936,#14937));
#14929 = ORIENTED_EDGE('',*,*,#14410,.T.);
#14930 = ORIENTED_EDGE('',*,*,#14931,.T.);
#14931 = EDGE_CURVE('',#14411,#14639,#14932,.T.);
#14932 = LINE('',#14933,#14934);
#14933 = CARTESIAN_POINT('',(-4.697056,11.552944,-4.6E-02));
#14934 = VECTOR('',#14935,1.);
#14935 = DIRECTION('',(0.,0.,1.));
#14936 = ORIENTED_EDGE('',*,*,#14638,.F.);
#14937 = ORIENTED_EDGE('',*,*,#14931,.F.);
#14938 = CYLINDRICAL_SURFACE('',#14939,0.25);
#14939 = AXIS2_PLACEMENT_3D('',#14940,#14941,#14942);
#14940 = CARTESIAN_POINT('',(-4.697056,11.802944,-4.6E-02));
#14941 = DIRECTION('',(-0.,-0.,-1.));
#14942 = DIRECTION('',(-0.,-1.,0.));
#14943 = ADVANCED_FACE('',(#14944),#14955,.F.);
#14944 = FACE_BOUND('',#14945,.T.);
#14945 = EDGE_LOOP('',(#14946,#14947,#14953,#14954));
#14946 = ORIENTED_EDGE('',*,*,#14421,.T.);
#14947 = ORIENTED_EDGE('',*,*,#14948,.T.);
#14948 = EDGE_CURVE('',#14422,#14650,#14949,.T.);
#14949 = LINE('',#14950,#14951);
#14950 = CARTESIAN_POINT('',(-3.,10.85,-4.6E-02));
#14951 = VECTOR('',#14952,1.);
#14952 = DIRECTION('',(0.,0.,1.));
#14953 = ORIENTED_EDGE('',*,*,#14649,.F.);
#14954 = ORIENTED_EDGE('',*,*,#14948,.F.);
#14955 = CYLINDRICAL_SURFACE('',#14956,0.25);
#14956 = AXIS2_PLACEMENT_3D('',#14957,#14958,#14959);
#14957 = CARTESIAN_POINT('',(-3.,11.1,-4.6E-02));
#14958 = DIRECTION('',(-0.,-0.,-1.));
#14959 = DIRECTION('',(-0.,-1.,0.));
#14960 = ADVANCED_FACE('',(#14961),#14972,.F.);
#14961 = FACE_BOUND('',#14962,.T.);
#14962 = EDGE_LOOP('',(#14963,#14964,#14970,#14971));
#14963 = ORIENTED_EDGE('',*,*,#14432,.T.);
#14964 = ORIENTED_EDGE('',*,*,#14965,.T.);
#14965 = EDGE_CURVE('',#14433,#14661,#14966,.T.);
#14966 = LINE('',#14967,#14968);
#14967 = CARTESIAN_POINT('',(-5.4,13.25,-4.6E-02));
#14968 = VECTOR('',#14969,1.);
#14969 = DIRECTION('',(0.,0.,1.));
#14970 = ORIENTED_EDGE('',*,*,#14660,.F.);
#14971 = ORIENTED_EDGE('',*,*,#14965,.F.);
#14972 = CYLINDRICAL_SURFACE('',#14973,0.25);
#14973 = AXIS2_PLACEMENT_3D('',#14974,#14975,#14976);
#14974 = CARTESIAN_POINT('',(-5.4,13.5,-4.6E-02));
#14975 = DIRECTION('',(-0.,-0.,-1.));
#14976 = DIRECTION('',(-0.,-1.,0.));
#14977 = ADVANCED_FACE('',(#14978),#14989,.F.);
#14978 = FACE_BOUND('',#14979,.T.);
#14979 = EDGE_LOOP('',(#14980,#14981,#14987,#14988));
#14980 = ORIENTED_EDGE('',*,*,#14443,.T.);
#14981 = ORIENTED_EDGE('',*,*,#14982,.T.);
#14982 = EDGE_CURVE('',#14444,#14672,#14983,.T.);
#14983 = LINE('',#14984,#14985);
#14984 = CARTESIAN_POINT('',(-4.697056,14.947056,-4.6E-02));
#14985 = VECTOR('',#14986,1.);
#14986 = DIRECTION('',(0.,0.,1.));
#14987 = ORIENTED_EDGE('',*,*,#14671,.F.);
#14988 = ORIENTED_EDGE('',*,*,#14982,.F.);
#14989 = CYLINDRICAL_SURFACE('',#14990,0.25);
#14990 = AXIS2_PLACEMENT_3D('',#14991,#14992,#14993);
#14991 = CARTESIAN_POINT('',(-4.697056,15.197056,-4.6E-02));
#14992 = DIRECTION('',(-0.,-0.,-1.));
#14993 = DIRECTION('',(-0.,-1.,0.));
#14994 = ADVANCED_FACE('',(#14995),#15006,.F.);
#14995 = FACE_BOUND('',#14996,.T.);
#14996 = EDGE_LOOP('',(#14997,#14998,#15004,#15005));
#14997 = ORIENTED_EDGE('',*,*,#14454,.T.);
#14998 = ORIENTED_EDGE('',*,*,#14999,.T.);
#14999 = EDGE_CURVE('',#14455,#14683,#15000,.T.);
#15000 = LINE('',#15001,#15002);
#15001 = CARTESIAN_POINT('',(-3.,11.9,-4.6E-02));
#15002 = VECTOR('',#15003,1.);
#15003 = DIRECTION('',(0.,0.,1.));
#15004 = ORIENTED_EDGE('',*,*,#14682,.F.);
#15005 = ORIENTED_EDGE('',*,*,#14999,.F.);
#15006 = CYLINDRICAL_SURFACE('',#15007,1.6);
#15007 = AXIS2_PLACEMENT_3D('',#15008,#15009,#15010);
#15008 = CARTESIAN_POINT('',(-3.,13.5,-4.6E-02));
#15009 = DIRECTION('',(-0.,-0.,-1.));
#15010 = DIRECTION('',(-0.,-1.,0.));
#15011 = ADVANCED_FACE('',(#15012),#15023,.F.);
#15012 = FACE_BOUND('',#15013,.T.);
#15013 = EDGE_LOOP('',(#15014,#15015,#15021,#15022));
#15014 = ORIENTED_EDGE('',*,*,#14465,.T.);
#15015 = ORIENTED_EDGE('',*,*,#15016,.T.);
#15016 = EDGE_CURVE('',#14466,#14694,#15017,.T.);
#15017 = LINE('',#15018,#15019);
#15018 = CARTESIAN_POINT('',(-3.,15.65,-4.6E-02));
#15019 = VECTOR('',#15020,1.);
#15020 = DIRECTION('',(0.,0.,1.));
#15021 = ORIENTED_EDGE('',*,*,#14693,.F.);
#15022 = ORIENTED_EDGE('',*,*,#15016,.F.);
#15023 = CYLINDRICAL_SURFACE('',#15024,0.25);
#15024 = AXIS2_PLACEMENT_3D('',#15025,#15026,#15027);
#15025 = CARTESIAN_POINT('',(-3.,15.9,-4.6E-02));
#15026 = DIRECTION('',(-0.,-0.,-1.));
#15027 = DIRECTION('',(-0.,-1.,0.));
#15028 = ADVANCED_FACE('',(#15029),#15040,.F.);
#15029 = FACE_BOUND('',#15030,.T.);
#15030 = EDGE_LOOP('',(#15031,#15032,#15038,#15039));
#15031 = ORIENTED_EDGE('',*,*,#14476,.T.);
#15032 = ORIENTED_EDGE('',*,*,#15033,.T.);
#15033 = EDGE_CURVE('',#14477,#14705,#15034,.T.);
#15034 = LINE('',#15035,#15036);
#15035 = CARTESIAN_POINT('',(-1.302944,11.552944,-4.6E-02));
#15036 = VECTOR('',#15037,1.);
#15037 = DIRECTION('',(0.,0.,1.));
#15038 = ORIENTED_EDGE('',*,*,#14704,.F.);
#15039 = ORIENTED_EDGE('',*,*,#15033,.F.);
#15040 = CYLINDRICAL_SURFACE('',#15041,0.25);
#15041 = AXIS2_PLACEMENT_3D('',#15042,#15043,#15044);
#15042 = CARTESIAN_POINT('',(-1.302944,11.802944,-4.6E-02));
#15043 = DIRECTION('',(-0.,-0.,-1.));
#15044 = DIRECTION('',(-0.,-1.,0.));
#15045 = ADVANCED_FACE('',(#15046),#15057,.F.);
#15046 = FACE_BOUND('',#15047,.T.);
#15047 = EDGE_LOOP('',(#15048,#15049,#15055,#15056));
#15048 = ORIENTED_EDGE('',*,*,#14487,.T.);
#15049 = ORIENTED_EDGE('',*,*,#15050,.T.);
#15050 = EDGE_CURVE('',#14488,#14716,#15051,.T.);
#15051 = LINE('',#15052,#15053);
#15052 = CARTESIAN_POINT('',(-0.6,13.25,-4.6E-02));
#15053 = VECTOR('',#15054,1.);
#15054 = DIRECTION('',(0.,0.,1.));
#15055 = ORIENTED_EDGE('',*,*,#14715,.F.);
#15056 = ORIENTED_EDGE('',*,*,#15050,.F.);
#15057 = CYLINDRICAL_SURFACE('',#15058,0.25);
#15058 = AXIS2_PLACEMENT_3D('',#15059,#15060,#15061);
#15059 = CARTESIAN_POINT('',(-0.6,13.5,-4.6E-02));
#15060 = DIRECTION('',(-0.,-0.,-1.));
#15061 = DIRECTION('',(-0.,-1.,0.));
#15062 = ADVANCED_FACE('',(#15063),#15074,.F.);
#15063 = FACE_BOUND('',#15064,.T.);
#15064 = EDGE_LOOP('',(#15065,#15066,#15072,#15073));
#15065 = ORIENTED_EDGE('',*,*,#14498,.T.);
#15066 = ORIENTED_EDGE('',*,*,#15067,.T.);
#15067 = EDGE_CURVE('',#14499,#14727,#15068,.T.);
#15068 = LINE('',#15069,#15070);
#15069 = CARTESIAN_POINT('',(-1.302944,14.947056,-4.6E-02));
#15070 = VECTOR('',#15071,1.);
#15071 = DIRECTION('',(0.,0.,1.));
#15072 = ORIENTED_EDGE('',*,*,#14726,.F.);
#15073 = ORIENTED_EDGE('',*,*,#15067,.F.);
#15074 = CYLINDRICAL_SURFACE('',#15075,0.25);
#15075 = AXIS2_PLACEMENT_3D('',#15076,#15077,#15078);
#15076 = CARTESIAN_POINT('',(-1.302944,15.197056,-4.6E-02));
#15077 = DIRECTION('',(-0.,-0.,-1.));
#15078 = DIRECTION('',(-0.,-1.,0.));
#15079 = ADVANCED_FACE('',(#15080),#15091,.F.);
#15080 = FACE_BOUND('',#15081,.T.);
#15081 = EDGE_LOOP('',(#15082,#15083,#15089,#15090));
#15082 = ORIENTED_EDGE('',*,*,#14509,.T.);
#15083 = ORIENTED_EDGE('',*,*,#15084,.T.);
#15084 = EDGE_CURVE('',#14510,#14738,#15085,.T.);
#15085 = LINE('',#15086,#15087);
#15086 = CARTESIAN_POINT('',(2.066,13.1,-4.6E-02));
#15087 = VECTOR('',#15088,1.);
#15088 = DIRECTION('',(0.,0.,1.));
#15089 = ORIENTED_EDGE('',*,*,#14737,.F.);
#15090 = ORIENTED_EDGE('',*,*,#15084,.F.);
#15091 = CYLINDRICAL_SURFACE('',#15092,0.4);
#15092 = AXIS2_PLACEMENT_3D('',#15093,#15094,#15095);
#15093 = CARTESIAN_POINT('',(2.066,13.5,-4.6E-02));
#15094 = DIRECTION('',(-0.,-0.,-1.));
#15095 = DIRECTION('',(-0.,-1.,0.));
#15096 = ADVANCED_FACE('',(#15097),#15108,.F.);
#15097 = FACE_BOUND('',#15098,.T.);
#15098 = EDGE_LOOP('',(#15099,#15100,#15106,#15107));
#15099 = ORIENTED_EDGE('',*,*,#14520,.T.);
#15100 = ORIENTED_EDGE('',*,*,#15101,.T.);
#15101 = EDGE_CURVE('',#14521,#14749,#15102,.T.);
#15102 = LINE('',#15103,#15104);
#15103 = CARTESIAN_POINT('',(5.466,13.1,-4.6E-02));
#15104 = VECTOR('',#15105,1.);
#15105 = DIRECTION('',(0.,0.,1.));
#15106 = ORIENTED_EDGE('',*,*,#14748,.F.);
#15107 = ORIENTED_EDGE('',*,*,#15101,.F.);
#15108 = CYLINDRICAL_SURFACE('',#15109,0.4);
#15109 = AXIS2_PLACEMENT_3D('',#15110,#15111,#15112);
#15110 = CARTESIAN_POINT('',(5.466,13.5,-4.6E-02));
#15111 = DIRECTION('',(-0.,0.,-1.));
#15112 = DIRECTION('',(2.22044604925E-15,-1.,-0.));
#15113 = ( GEOMETRIC_REPRESENTATION_CONTEXT(3) 
GLOBAL_UNCERTAINTY_ASSIGNED_CONTEXT((#15117)) 
GLOBAL_UNIT_ASSIGNED_CONTEXT((#15114,#15115,#15116)) 
REPRESENTATION_CONTEXT('Context #1',
  '3D Context with UNIT and UNCERTAINTY') );
#15114 = ( LENGTH_UNIT() NAMED_UNIT(*) SI_UNIT(.MILLI.,.METRE.) );
#15115 = ( NAMED_UNIT(*) PLANE_ANGLE_UNIT() SI_UNIT($,.RADIAN.) );
#15116 = ( NAMED_UNIT(*) SI_UNIT($,.STERADIAN.) SOLID_ANGLE_UNIT() );
#15117 = UNCERTAINTY_MEASURE_WITH_UNIT(LENGTH_MEASURE(1.E-07),#15114,
  'distance_accuracy_value','confusion accuracy');
#15118 = CONTEXT_DEPENDENT_SHAPE_REPRESENTATION(#15119,#15121);
#15119 = ( REPRESENTATION_RELATIONSHIP('','',#14198,#10) 
REPRESENTATION_RELATIONSHIP_WITH_TRANSFORMATION(#15120) 
SHAPE_REPRESENTATION_RELATIONSHIP() );
#15120 = ITEM_DEFINED_TRANSFORMATION('','',#11,#47);
#15121 = PRODUCT_DEFINITION_SHAPE('Placement','Placement of an item',
  #15122);
#15122 = NEXT_ASSEMBLY_USAGE_OCCURRENCE('9','=>[0:1:1:8]','',#5,#14193,$
  );
#15123 = PRODUCT_RELATED_PRODUCT_CATEGORY('part',$,(#14195));
#15124 = MECHANICAL_DESIGN_GEOMETRIC_PRESENTATION_REPRESENTATION('',(
    #15125,#15133,#15140,#15147,#15154,#15161,#15168,#15175,#15182,
    #15189,#15196,#15203,#15210,#15217,#15225,#15232,#15239,#15247,
    #15254,#15261,#15268,#15275,#15282,#15289,#15296,#15303,#15310,
    #15317,#15324,#15331,#15338,#15345,#15352,#15359,#15366,#15373,
    #15380,#15387,#15394,#15401,#15408,#15415,#15422,#15429,#15436,
    #15443,#15450,#15457,#15464,#15471,#15478,#15485,#15492,#15499,
    #15506,#15513,#15520,#15527,#15534,#15541,#15548,#15555,#15562,
    #15569,#15576,#15583,#15590,#15597),#6310);
#15125 = STYLED_ITEM('color',(#15126),#4045);
#15126 = PRESENTATION_STYLE_ASSIGNMENT((#15127));
#15127 = SURFACE_STYLE_USAGE(.BOTH.,#15128);
#15128 = SURFACE_SIDE_STYLE('',(#15129));
#15129 = SURFACE_STYLE_FILL_AREA(#15130);
#15130 = FILL_AREA_STYLE('',(#15131));
#15131 = FILL_AREA_STYLE_COLOUR('',#15132);
#15132 = COLOUR_RGB('',0.893999996942,0.890999961016,0.813000030345);
#15133 = STYLED_ITEM('color',(#15134),#4104);
#15134 = PRESENTATION_STYLE_ASSIGNMENT((#15135));
#15135 = SURFACE_STYLE_USAGE(.BOTH.,#15136);
#15136 = SURFACE_SIDE_STYLE('',(#15137));
#15137 = SURFACE_STYLE_FILL_AREA(#15138);
#15138 = FILL_AREA_STYLE('',(#15139));
#15139 = FILL_AREA_STYLE_COLOUR('',#15132);
#15140 = STYLED_ITEM('color',(#15141),#4129);
#15141 = PRESENTATION_STYLE_ASSIGNMENT((#15142));
#15142 = SURFACE_STYLE_USAGE(.BOTH.,#15143);
#15143 = SURFACE_SIDE_STYLE('',(#15144));
#15144 = SURFACE_STYLE_FILL_AREA(#15145);
#15145 = FILL_AREA_STYLE('',(#15146));
#15146 = FILL_AREA_STYLE_COLOUR('',#15132);
#15147 = STYLED_ITEM('color',(#15148),#4162);
#15148 = PRESENTATION_STYLE_ASSIGNMENT((#15149));
#15149 = SURFACE_STYLE_USAGE(.BOTH.,#15150);
#15150 = SURFACE_SIDE_STYLE('',(#15151));
#15151 = SURFACE_STYLE_FILL_AREA(#15152);
#15152 = FILL_AREA_STYLE('',(#15153));
#15153 = FILL_AREA_STYLE_COLOUR('',#15132);
#15154 = STYLED_ITEM('color',(#15155),#4187);
#15155 = PRESENTATION_STYLE_ASSIGNMENT((#15156));
#15156 = SURFACE_STYLE_USAGE(.BOTH.,#15157);
#15157 = SURFACE_SIDE_STYLE('',(#15158));
#15158 = SURFACE_STYLE_FILL_AREA(#15159);
#15159 = FILL_AREA_STYLE('',(#15160));
#15160 = FILL_AREA_STYLE_COLOUR('',#15132);
#15161 = STYLED_ITEM('color',(#15162),#4212);
#15162 = PRESENTATION_STYLE_ASSIGNMENT((#15163));
#15163 = SURFACE_STYLE_USAGE(.BOTH.,#15164);
#15164 = SURFACE_SIDE_STYLE('',(#15165));
#15165 = SURFACE_STYLE_FILL_AREA(#15166);
#15166 = FILL_AREA_STYLE('',(#15167));
#15167 = FILL_AREA_STYLE_COLOUR('',#15132);
#15168 = STYLED_ITEM('color',(#15169),#4237);
#15169 = PRESENTATION_STYLE_ASSIGNMENT((#15170));
#15170 = SURFACE_STYLE_USAGE(.BOTH.,#15171);
#15171 = SURFACE_SIDE_STYLE('',(#15172));
#15172 = SURFACE_STYLE_FILL_AREA(#15173);
#15173 = FILL_AREA_STYLE('',(#15174));
#15174 = FILL_AREA_STYLE_COLOUR('',#15132);
#15175 = STYLED_ITEM('color',(#15176),#4254);
#15176 = PRESENTATION_STYLE_ASSIGNMENT((#15177));
#15177 = SURFACE_STYLE_USAGE(.BOTH.,#15178);
#15178 = SURFACE_SIDE_STYLE('',(#15179));
#15179 = SURFACE_STYLE_FILL_AREA(#15180);
#15180 = FILL_AREA_STYLE('',(#15181));
#15181 = FILL_AREA_STYLE_COLOUR('',#15132);
#15182 = STYLED_ITEM('color',(#15183),#4279);
#15183 = PRESENTATION_STYLE_ASSIGNMENT((#15184));
#15184 = SURFACE_STYLE_USAGE(.BOTH.,#15185);
#15185 = SURFACE_SIDE_STYLE('',(#15186));
#15186 = SURFACE_STYLE_FILL_AREA(#15187);
#15187 = FILL_AREA_STYLE('',(#15188));
#15188 = FILL_AREA_STYLE_COLOUR('',#15132);
#15189 = STYLED_ITEM('color',(#15190),#4310);
#15190 = PRESENTATION_STYLE_ASSIGNMENT((#15191));
#15191 = SURFACE_STYLE_USAGE(.BOTH.,#15192);
#15192 = SURFACE_SIDE_STYLE('',(#15193));
#15193 = SURFACE_STYLE_FILL_AREA(#15194);
#15194 = FILL_AREA_STYLE('',(#15195));
#15195 = FILL_AREA_STYLE_COLOUR('',#15132);
#15196 = STYLED_ITEM('color',(#15197),#4350);
#15197 = PRESENTATION_STYLE_ASSIGNMENT((#15198));
#15198 = SURFACE_STYLE_USAGE(.BOTH.,#15199);
#15199 = SURFACE_SIDE_STYLE('',(#15200));
#15200 = SURFACE_STYLE_FILL_AREA(#15201);
#15201 = FILL_AREA_STYLE('',(#15202));
#15202 = FILL_AREA_STYLE_COLOUR('',#15132);
#15203 = STYLED_ITEM('color',(#15204),#4481);
#15204 = PRESENTATION_STYLE_ASSIGNMENT((#15205));
#15205 = SURFACE_STYLE_USAGE(.BOTH.,#15206);
#15206 = SURFACE_SIDE_STYLE('',(#15207));
#15207 = SURFACE_STYLE_FILL_AREA(#15208);
#15208 = FILL_AREA_STYLE('',(#15209));
#15209 = FILL_AREA_STYLE_COLOUR('',#15132);
#15210 = STYLED_ITEM('color',(#15211),#4605);
#15211 = PRESENTATION_STYLE_ASSIGNMENT((#15212));
#15212 = SURFACE_STYLE_USAGE(.BOTH.,#15213);
#15213 = SURFACE_SIDE_STYLE('',(#15214));
#15214 = SURFACE_STYLE_FILL_AREA(#15215);
#15215 = FILL_AREA_STYLE('',(#15216));
#15216 = FILL_AREA_STYLE_COLOUR('',#15132);
#15217 = STYLED_ITEM('color',(#15218),#4622);
#15218 = PRESENTATION_STYLE_ASSIGNMENT((#15219));
#15219 = SURFACE_STYLE_USAGE(.BOTH.,#15220);
#15220 = SURFACE_SIDE_STYLE('',(#15221));
#15221 = SURFACE_STYLE_FILL_AREA(#15222);
#15222 = FILL_AREA_STYLE('',(#15223));
#15223 = FILL_AREA_STYLE_COLOUR('',#15224);
#15224 = COLOUR_RGB('',0.136999991899,0.40200001271,0.726999997272);
#15225 = STYLED_ITEM('color',(#15226),#4631);
#15226 = PRESENTATION_STYLE_ASSIGNMENT((#15227));
#15227 = SURFACE_STYLE_USAGE(.BOTH.,#15228);
#15228 = SURFACE_SIDE_STYLE('',(#15229));
#15229 = SURFACE_STYLE_FILL_AREA(#15230);
#15230 = FILL_AREA_STYLE('',(#15231));
#15231 = FILL_AREA_STYLE_COLOUR('',#15132);
#15232 = STYLED_ITEM('color',(#15233),#4642);
#15233 = PRESENTATION_STYLE_ASSIGNMENT((#15234));
#15234 = SURFACE_STYLE_USAGE(.BOTH.,#15235);
#15235 = SURFACE_SIDE_STYLE('',(#15236));
#15236 = SURFACE_STYLE_FILL_AREA(#15237);
#15237 = FILL_AREA_STYLE('',(#15238));
#15238 = FILL_AREA_STYLE_COLOUR('',#15132);
#15239 = STYLED_ITEM('color',(#15240),#4810);
#15240 = PRESENTATION_STYLE_ASSIGNMENT((#15241));
#15241 = SURFACE_STYLE_USAGE(.BOTH.,#15242);
#15242 = SURFACE_SIDE_STYLE('',(#15243));
#15243 = SURFACE_STYLE_FILL_AREA(#15244);
#15244 = FILL_AREA_STYLE('',(#15245));
#15245 = FILL_AREA_STYLE_COLOUR('',#15246);
#15246 = COLOUR_RGB('',0.823999987314,0.819999987296,0.781000009244);
#15247 = STYLED_ITEM('color',(#15248),#4841);
#15248 = PRESENTATION_STYLE_ASSIGNMENT((#15249));
#15249 = SURFACE_STYLE_USAGE(.BOTH.,#15250);
#15250 = SURFACE_SIDE_STYLE('',(#15251));
#15251 = SURFACE_STYLE_FILL_AREA(#15252);
#15252 = FILL_AREA_STYLE('',(#15253));
#15253 = FILL_AREA_STYLE_COLOUR('',#15246);
#15254 = STYLED_ITEM('color',(#15255),#4872);
#15255 = PRESENTATION_STYLE_ASSIGNMENT((#15256));
#15256 = SURFACE_STYLE_USAGE(.BOTH.,#15257);
#15257 = SURFACE_SIDE_STYLE('',(#15258));
#15258 = SURFACE_STYLE_FILL_AREA(#15259);
#15259 = FILL_AREA_STYLE('',(#15260));
#15260 = FILL_AREA_STYLE_COLOUR('',#15246);
#15261 = STYLED_ITEM('color',(#15262),#4903);
#15262 = PRESENTATION_STYLE_ASSIGNMENT((#15263));
#15263 = SURFACE_STYLE_USAGE(.BOTH.,#15264);
#15264 = SURFACE_SIDE_STYLE('',(#15265));
#15265 = SURFACE_STYLE_FILL_AREA(#15266);
#15266 = FILL_AREA_STYLE('',(#15267));
#15267 = FILL_AREA_STYLE_COLOUR('',#15246);
#15268 = STYLED_ITEM('color',(#15269),#4988);
#15269 = PRESENTATION_STYLE_ASSIGNMENT((#15270));
#15270 = SURFACE_STYLE_USAGE(.BOTH.,#15271);
#15271 = SURFACE_SIDE_STYLE('',(#15272));
#15272 = SURFACE_STYLE_FILL_AREA(#15273);
#15273 = FILL_AREA_STYLE('',(#15274));
#15274 = FILL_AREA_STYLE_COLOUR('',#15246);
#15275 = STYLED_ITEM('color',(#15276),#5012);
#15276 = PRESENTATION_STYLE_ASSIGNMENT((#15277));
#15277 = SURFACE_STYLE_USAGE(.BOTH.,#15278);
#15278 = SURFACE_SIDE_STYLE('',(#15279));
#15279 = SURFACE_STYLE_FILL_AREA(#15280);
#15280 = FILL_AREA_STYLE('',(#15281));
#15281 = FILL_AREA_STYLE_COLOUR('',#15246);
#15282 = STYLED_ITEM('color',(#15283),#5090);
#15283 = PRESENTATION_STYLE_ASSIGNMENT((#15284));
#15284 = SURFACE_STYLE_USAGE(.BOTH.,#15285);
#15285 = SURFACE_SIDE_STYLE('',(#15286));
#15286 = SURFACE_STYLE_FILL_AREA(#15287);
#15287 = FILL_AREA_STYLE('',(#15288));
#15288 = FILL_AREA_STYLE_COLOUR('',#15246);
#15289 = STYLED_ITEM('color',(#15290),#5121);
#15290 = PRESENTATION_STYLE_ASSIGNMENT((#15291));
#15291 = SURFACE_STYLE_USAGE(.BOTH.,#15292);
#15292 = SURFACE_SIDE_STYLE('',(#15293));
#15293 = SURFACE_STYLE_FILL_AREA(#15294);
#15294 = FILL_AREA_STYLE('',(#15295));
#15295 = FILL_AREA_STYLE_COLOUR('',#15246);
#15296 = STYLED_ITEM('color',(#15297),#5206);
#15297 = PRESENTATION_STYLE_ASSIGNMENT((#15298));
#15298 = SURFACE_STYLE_USAGE(.BOTH.,#15299);
#15299 = SURFACE_SIDE_STYLE('',(#15300));
#15300 = SURFACE_STYLE_FILL_AREA(#15301);
#15301 = FILL_AREA_STYLE('',(#15302));
#15302 = FILL_AREA_STYLE_COLOUR('',#15246);
#15303 = STYLED_ITEM('color',(#15304),#5230);
#15304 = PRESENTATION_STYLE_ASSIGNMENT((#15305));
#15305 = SURFACE_STYLE_USAGE(.BOTH.,#15306);
#15306 = SURFACE_SIDE_STYLE('',(#15307));
#15307 = SURFACE_STYLE_FILL_AREA(#15308);
#15308 = FILL_AREA_STYLE('',(#15309));
#15309 = FILL_AREA_STYLE_COLOUR('',#15246);
#15310 = STYLED_ITEM('color',(#15311),#5308);
#15311 = PRESENTATION_STYLE_ASSIGNMENT((#15312));
#15312 = SURFACE_STYLE_USAGE(.BOTH.,#15313);
#15313 = SURFACE_SIDE_STYLE('',(#15314));
#15314 = SURFACE_STYLE_FILL_AREA(#15315);
#15315 = FILL_AREA_STYLE('',(#15316));
#15316 = FILL_AREA_STYLE_COLOUR('',#15246);
#15317 = STYLED_ITEM('color',(#15318),#5339);
#15318 = PRESENTATION_STYLE_ASSIGNMENT((#15319));
#15319 = SURFACE_STYLE_USAGE(.BOTH.,#15320);
#15320 = SURFACE_SIDE_STYLE('',(#15321));
#15321 = SURFACE_STYLE_FILL_AREA(#15322);
#15322 = FILL_AREA_STYLE('',(#15323));
#15323 = FILL_AREA_STYLE_COLOUR('',#15246);
#15324 = STYLED_ITEM('color',(#15325),#5370);
#15325 = PRESENTATION_STYLE_ASSIGNMENT((#15326));
#15326 = SURFACE_STYLE_USAGE(.BOTH.,#15327);
#15327 = SURFACE_SIDE_STYLE('',(#15328));
#15328 = SURFACE_STYLE_FILL_AREA(#15329);
#15329 = FILL_AREA_STYLE('',(#15330));
#15330 = FILL_AREA_STYLE_COLOUR('',#15246);
#15331 = STYLED_ITEM('color',(#15332),#5401);
#15332 = PRESENTATION_STYLE_ASSIGNMENT((#15333));
#15333 = SURFACE_STYLE_USAGE(.BOTH.,#15334);
#15334 = SURFACE_SIDE_STYLE('',(#15335));
#15335 = SURFACE_STYLE_FILL_AREA(#15336);
#15336 = FILL_AREA_STYLE('',(#15337));
#15337 = FILL_AREA_STYLE_COLOUR('',#15246);
#15338 = STYLED_ITEM('color',(#15339),#5486);
#15339 = PRESENTATION_STYLE_ASSIGNMENT((#15340));
#15340 = SURFACE_STYLE_USAGE(.BOTH.,#15341);
#15341 = SURFACE_SIDE_STYLE('',(#15342));
#15342 = SURFACE_STYLE_FILL_AREA(#15343);
#15343 = FILL_AREA_STYLE('',(#15344));
#15344 = FILL_AREA_STYLE_COLOUR('',#15246);
#15345 = STYLED_ITEM('color',(#15346),#5510);
#15346 = PRESENTATION_STYLE_ASSIGNMENT((#15347));
#15347 = SURFACE_STYLE_USAGE(.BOTH.,#15348);
#15348 = SURFACE_SIDE_STYLE('',(#15349));
#15349 = SURFACE_STYLE_FILL_AREA(#15350);
#15350 = FILL_AREA_STYLE('',(#15351));
#15351 = FILL_AREA_STYLE_COLOUR('',#15246);
#15352 = STYLED_ITEM('color',(#15353),#5588);
#15353 = PRESENTATION_STYLE_ASSIGNMENT((#15354));
#15354 = SURFACE_STYLE_USAGE(.BOTH.,#15355);
#15355 = SURFACE_SIDE_STYLE('',(#15356));
#15356 = SURFACE_STYLE_FILL_AREA(#15357);
#15357 = FILL_AREA_STYLE('',(#15358));
#15358 = FILL_AREA_STYLE_COLOUR('',#15246);
#15359 = STYLED_ITEM('color',(#15360),#5619);
#15360 = PRESENTATION_STYLE_ASSIGNMENT((#15361));
#15361 = SURFACE_STYLE_USAGE(.BOTH.,#15362);
#15362 = SURFACE_SIDE_STYLE('',(#15363));
#15363 = SURFACE_STYLE_FILL_AREA(#15364);
#15364 = FILL_AREA_STYLE('',(#15365));
#15365 = FILL_AREA_STYLE_COLOUR('',#15246);
#15366 = STYLED_ITEM('color',(#15367),#5704);
#15367 = PRESENTATION_STYLE_ASSIGNMENT((#15368));
#15368 = SURFACE_STYLE_USAGE(.BOTH.,#15369);
#15369 = SURFACE_SIDE_STYLE('',(#15370));
#15370 = SURFACE_STYLE_FILL_AREA(#15371);
#15371 = FILL_AREA_STYLE('',(#15372));
#15372 = FILL_AREA_STYLE_COLOUR('',#15246);
#15373 = STYLED_ITEM('color',(#15374),#5728);
#15374 = PRESENTATION_STYLE_ASSIGNMENT((#15375));
#15375 = SURFACE_STYLE_USAGE(.BOTH.,#15376);
#15376 = SURFACE_SIDE_STYLE('',(#15377));
#15377 = SURFACE_STYLE_FILL_AREA(#15378);
#15378 = FILL_AREA_STYLE('',(#15379));
#15379 = FILL_AREA_STYLE_COLOUR('',#15246);
#15380 = STYLED_ITEM('color',(#15381),#5806);
#15381 = PRESENTATION_STYLE_ASSIGNMENT((#15382));
#15382 = SURFACE_STYLE_USAGE(.BOTH.,#15383);
#15383 = SURFACE_SIDE_STYLE('',(#15384));
#15384 = SURFACE_STYLE_FILL_AREA(#15385);
#15385 = FILL_AREA_STYLE('',(#15386));
#15386 = FILL_AREA_STYLE_COLOUR('',#15246);
#15387 = STYLED_ITEM('color',(#15388),#5823);
#15388 = PRESENTATION_STYLE_ASSIGNMENT((#15389));
#15389 = SURFACE_STYLE_USAGE(.BOTH.,#15390);
#15390 = SURFACE_SIDE_STYLE('',(#15391));
#15391 = SURFACE_STYLE_FILL_AREA(#15392);
#15392 = FILL_AREA_STYLE('',(#15393));
#15393 = FILL_AREA_STYLE_COLOUR('',#15246);
#15394 = STYLED_ITEM('color',(#15395),#5840);
#15395 = PRESENTATION_STYLE_ASSIGNMENT((#15396));
#15396 = SURFACE_STYLE_USAGE(.BOTH.,#15397);
#15397 = SURFACE_SIDE_STYLE('',(#15398));
#15398 = SURFACE_STYLE_FILL_AREA(#15399);
#15399 = FILL_AREA_STYLE('',(#15400));
#15400 = FILL_AREA_STYLE_COLOUR('',#15246);
#15401 = STYLED_ITEM('color',(#15402),#5857);
#15402 = PRESENTATION_STYLE_ASSIGNMENT((#15403));
#15403 = SURFACE_STYLE_USAGE(.BOTH.,#15404);
#15404 = SURFACE_SIDE_STYLE('',(#15405));
#15405 = SURFACE_STYLE_FILL_AREA(#15406);
#15406 = FILL_AREA_STYLE('',(#15407));
#15407 = FILL_AREA_STYLE_COLOUR('',#15246);
#15408 = STYLED_ITEM('color',(#15409),#5874);
#15409 = PRESENTATION_STYLE_ASSIGNMENT((#15410));
#15410 = SURFACE_STYLE_USAGE(.BOTH.,#15411);
#15411 = SURFACE_SIDE_STYLE('',(#15412));
#15412 = SURFACE_STYLE_FILL_AREA(#15413);
#15413 = FILL_AREA_STYLE('',(#15414));
#15414 = FILL_AREA_STYLE_COLOUR('',#15246);
#15415 = STYLED_ITEM('color',(#15416),#5891);
#15416 = PRESENTATION_STYLE_ASSIGNMENT((#15417));
#15417 = SURFACE_STYLE_USAGE(.BOTH.,#15418);
#15418 = SURFACE_SIDE_STYLE('',(#15419));
#15419 = SURFACE_STYLE_FILL_AREA(#15420);
#15420 = FILL_AREA_STYLE('',(#15421));
#15421 = FILL_AREA_STYLE_COLOUR('',#15246);
#15422 = STYLED_ITEM('color',(#15423),#5908);
#15423 = PRESENTATION_STYLE_ASSIGNMENT((#15424));
#15424 = SURFACE_STYLE_USAGE(.BOTH.,#15425);
#15425 = SURFACE_SIDE_STYLE('',(#15426));
#15426 = SURFACE_STYLE_FILL_AREA(#15427);
#15427 = FILL_AREA_STYLE('',(#15428));
#15428 = FILL_AREA_STYLE_COLOUR('',#15246);
#15429 = STYLED_ITEM('color',(#15430),#5925);
#15430 = PRESENTATION_STYLE_ASSIGNMENT((#15431));
#15431 = SURFACE_STYLE_USAGE(.BOTH.,#15432);
#15432 = SURFACE_SIDE_STYLE('',(#15433));
#15433 = SURFACE_STYLE_FILL_AREA(#15434);
#15434 = FILL_AREA_STYLE('',(#15435));
#15435 = FILL_AREA_STYLE_COLOUR('',#15246);
#15436 = STYLED_ITEM('color',(#15437),#5947);
#15437 = PRESENTATION_STYLE_ASSIGNMENT((#15438));
#15438 = SURFACE_STYLE_USAGE(.BOTH.,#15439);
#15439 = SURFACE_SIDE_STYLE('',(#15440));
#15440 = SURFACE_STYLE_FILL_AREA(#15441);
#15441 = FILL_AREA_STYLE('',(#15442));
#15442 = FILL_AREA_STYLE_COLOUR('',#15246);
#15443 = STYLED_ITEM('color',(#15444),#5959);
#15444 = PRESENTATION_STYLE_ASSIGNMENT((#15445));
#15445 = SURFACE_STYLE_USAGE(.BOTH.,#15446);
#15446 = SURFACE_SIDE_STYLE('',(#15447));
#15447 = SURFACE_STYLE_FILL_AREA(#15448);
#15448 = FILL_AREA_STYLE('',(#15449));
#15449 = FILL_AREA_STYLE_COLOUR('',#15246);
#15450 = STYLED_ITEM('color',(#15451),#5971);
#15451 = PRESENTATION_STYLE_ASSIGNMENT((#15452));
#15452 = SURFACE_STYLE_USAGE(.BOTH.,#15453);
#15453 = SURFACE_SIDE_STYLE('',(#15454));
#15454 = SURFACE_STYLE_FILL_AREA(#15455);
#15455 = FILL_AREA_STYLE('',(#15456));
#15456 = FILL_AREA_STYLE_COLOUR('',#15246);
#15457 = STYLED_ITEM('color',(#15458),#5988);
#15458 = PRESENTATION_STYLE_ASSIGNMENT((#15459));
#15459 = SURFACE_STYLE_USAGE(.BOTH.,#15460);
#15460 = SURFACE_SIDE_STYLE('',(#15461));
#15461 = SURFACE_STYLE_FILL_AREA(#15462);
#15462 = FILL_AREA_STYLE('',(#15463));
#15463 = FILL_AREA_STYLE_COLOUR('',#15246);
#15464 = STYLED_ITEM('color',(#15465),#6000);
#15465 = PRESENTATION_STYLE_ASSIGNMENT((#15466));
#15466 = SURFACE_STYLE_USAGE(.BOTH.,#15467);
#15467 = SURFACE_SIDE_STYLE('',(#15468));
#15468 = SURFACE_STYLE_FILL_AREA(#15469);
#15469 = FILL_AREA_STYLE('',(#15470));
#15470 = FILL_AREA_STYLE_COLOUR('',#15246);
#15471 = STYLED_ITEM('color',(#15472),#6017);
#15472 = PRESENTATION_STYLE_ASSIGNMENT((#15473));
#15473 = SURFACE_STYLE_USAGE(.BOTH.,#15474);
#15474 = SURFACE_SIDE_STYLE('',(#15475));
#15475 = SURFACE_STYLE_FILL_AREA(#15476);
#15476 = FILL_AREA_STYLE('',(#15477));
#15477 = FILL_AREA_STYLE_COLOUR('',#15246);
#15478 = STYLED_ITEM('color',(#15479),#6039);
#15479 = PRESENTATION_STYLE_ASSIGNMENT((#15480));
#15480 = SURFACE_STYLE_USAGE(.BOTH.,#15481);
#15481 = SURFACE_SIDE_STYLE('',(#15482));
#15482 = SURFACE_STYLE_FILL_AREA(#15483);
#15483 = FILL_AREA_STYLE('',(#15484));
#15484 = FILL_AREA_STYLE_COLOUR('',#15246);
#15485 = STYLED_ITEM('color',(#15486),#6051);
#15486 = PRESENTATION_STYLE_ASSIGNMENT((#15487));
#15487 = SURFACE_STYLE_USAGE(.BOTH.,#15488);
#15488 = SURFACE_SIDE_STYLE('',(#15489));
#15489 = SURFACE_STYLE_FILL_AREA(#15490);
#15490 = FILL_AREA_STYLE('',(#15491));
#15491 = FILL_AREA_STYLE_COLOUR('',#15246);
#15492 = STYLED_ITEM('color',(#15493),#6068);
#15493 = PRESENTATION_STYLE_ASSIGNMENT((#15494));
#15494 = SURFACE_STYLE_USAGE(.BOTH.,#15495);
#15495 = SURFACE_SIDE_STYLE('',(#15496));
#15496 = SURFACE_STYLE_FILL_AREA(#15497);
#15497 = FILL_AREA_STYLE('',(#15498));
#15498 = FILL_AREA_STYLE_COLOUR('',#15246);
#15499 = STYLED_ITEM('color',(#15500),#6080);
#15500 = PRESENTATION_STYLE_ASSIGNMENT((#15501));
#15501 = SURFACE_STYLE_USAGE(.BOTH.,#15502);
#15502 = SURFACE_SIDE_STYLE('',(#15503));
#15503 = SURFACE_STYLE_FILL_AREA(#15504);
#15504 = FILL_AREA_STYLE('',(#15505));
#15505 = FILL_AREA_STYLE_COLOUR('',#15246);
#15506 = STYLED_ITEM('color',(#15507),#6092);
#15507 = PRESENTATION_STYLE_ASSIGNMENT((#15508));
#15508 = SURFACE_STYLE_USAGE(.BOTH.,#15509);
#15509 = SURFACE_SIDE_STYLE('',(#15510));
#15510 = SURFACE_STYLE_FILL_AREA(#15511);
#15511 = FILL_AREA_STYLE('',(#15512));
#15512 = FILL_AREA_STYLE_COLOUR('',#15246);
#15513 = STYLED_ITEM('color',(#15514),#6109);
#15514 = PRESENTATION_STYLE_ASSIGNMENT((#15515));
#15515 = SURFACE_STYLE_USAGE(.BOTH.,#15516);
#15516 = SURFACE_SIDE_STYLE('',(#15517));
#15517 = SURFACE_STYLE_FILL_AREA(#15518);
#15518 = FILL_AREA_STYLE('',(#15519));
#15519 = FILL_AREA_STYLE_COLOUR('',#15246);
#15520 = STYLED_ITEM('color',(#15521),#6126);
#15521 = PRESENTATION_STYLE_ASSIGNMENT((#15522));
#15522 = SURFACE_STYLE_USAGE(.BOTH.,#15523);
#15523 = SURFACE_SIDE_STYLE('',(#15524));
#15524 = SURFACE_STYLE_FILL_AREA(#15525);
#15525 = FILL_AREA_STYLE('',(#15526));
#15526 = FILL_AREA_STYLE_COLOUR('',#15246);
#15527 = STYLED_ITEM('color',(#15528),#6143);
#15528 = PRESENTATION_STYLE_ASSIGNMENT((#15529));
#15529 = SURFACE_STYLE_USAGE(.BOTH.,#15530);
#15530 = SURFACE_SIDE_STYLE('',(#15531));
#15531 = SURFACE_STYLE_FILL_AREA(#15532);
#15532 = FILL_AREA_STYLE('',(#15533));
#15533 = FILL_AREA_STYLE_COLOUR('',#15246);
#15534 = STYLED_ITEM('color',(#15535),#6165);
#15535 = PRESENTATION_STYLE_ASSIGNMENT((#15536));
#15536 = SURFACE_STYLE_USAGE(.BOTH.,#15537);
#15537 = SURFACE_SIDE_STYLE('',(#15538));
#15538 = SURFACE_STYLE_FILL_AREA(#15539);
#15539 = FILL_AREA_STYLE('',(#15540));
#15540 = FILL_AREA_STYLE_COLOUR('',#15246);
#15541 = STYLED_ITEM('color',(#15542),#6177);
#15542 = PRESENTATION_STYLE_ASSIGNMENT((#15543));
#15543 = SURFACE_STYLE_USAGE(.BOTH.,#15544);
#15544 = SURFACE_SIDE_STYLE('',(#15545));
#15545 = SURFACE_STYLE_FILL_AREA(#15546);
#15546 = FILL_AREA_STYLE('',(#15547));
#15547 = FILL_AREA_STYLE_COLOUR('',#15246);
#15548 = STYLED_ITEM('color',(#15549),#6194);
#15549 = PRESENTATION_STYLE_ASSIGNMENT((#15550));
#15550 = SURFACE_STYLE_USAGE(.BOTH.,#15551);
#15551 = SURFACE_SIDE_STYLE('',(#15552));
#15552 = SURFACE_STYLE_FILL_AREA(#15553);
#15553 = FILL_AREA_STYLE('',(#15554));
#15554 = FILL_AREA_STYLE_COLOUR('',#15246);
#15555 = STYLED_ITEM('color',(#15556),#6206);
#15556 = PRESENTATION_STYLE_ASSIGNMENT((#15557));
#15557 = SURFACE_STYLE_USAGE(.BOTH.,#15558);
#15558 = SURFACE_SIDE_STYLE('',(#15559));
#15559 = SURFACE_STYLE_FILL_AREA(#15560);
#15560 = FILL_AREA_STYLE('',(#15561));
#15561 = FILL_AREA_STYLE_COLOUR('',#15246);
#15562 = STYLED_ITEM('color',(#15563),#6218);
#15563 = PRESENTATION_STYLE_ASSIGNMENT((#15564));
#15564 = SURFACE_STYLE_USAGE(.BOTH.,#15565);
#15565 = SURFACE_SIDE_STYLE('',(#15566));
#15566 = SURFACE_STYLE_FILL_AREA(#15567);
#15567 = FILL_AREA_STYLE('',(#15568));
#15568 = FILL_AREA_STYLE_COLOUR('',#15246);
#15569 = STYLED_ITEM('color',(#15570),#6235);
#15570 = PRESENTATION_STYLE_ASSIGNMENT((#15571));
#15571 = SURFACE_STYLE_USAGE(.BOTH.,#15572);
#15572 = SURFACE_SIDE_STYLE('',(#15573));
#15573 = SURFACE_STYLE_FILL_AREA(#15574);
#15574 = FILL_AREA_STYLE('',(#15575));
#15575 = FILL_AREA_STYLE_COLOUR('',#15246);
#15576 = STYLED_ITEM('color',(#15577),#6257);
#15577 = PRESENTATION_STYLE_ASSIGNMENT((#15578));
#15578 = SURFACE_STYLE_USAGE(.BOTH.,#15579);
#15579 = SURFACE_SIDE_STYLE('',(#15580));
#15580 = SURFACE_STYLE_FILL_AREA(#15581);
#15581 = FILL_AREA_STYLE('',(#15582));
#15582 = FILL_AREA_STYLE_COLOUR('',#15246);
#15583 = STYLED_ITEM('color',(#15584),#6269);
#15584 = PRESENTATION_STYLE_ASSIGNMENT((#15585));
#15585 = SURFACE_STYLE_USAGE(.BOTH.,#15586);
#15586 = SURFACE_SIDE_STYLE('',(#15587));
#15587 = SURFACE_STYLE_FILL_AREA(#15588);
#15588 = FILL_AREA_STYLE('',(#15589));
#15589 = FILL_AREA_STYLE_COLOUR('',#15246);
#15590 = STYLED_ITEM('color',(#15591),#6286);
#15591 = PRESENTATION_STYLE_ASSIGNMENT((#15592));
#15592 = SURFACE_STYLE_USAGE(.BOTH.,#15593);
#15593 = SURFACE_SIDE_STYLE('',(#15594));
#15594 = SURFACE_STYLE_FILL_AREA(#15595);
#15595 = FILL_AREA_STYLE('',(#15596));
#15596 = FILL_AREA_STYLE_COLOUR('',#15246);
#15597 = STYLED_ITEM('color',(#15598),#6298);
#15598 = PRESENTATION_STYLE_ASSIGNMENT((#15599));
#15599 = SURFACE_STYLE_USAGE(.BOTH.,#15600);
#15600 = SURFACE_SIDE_STYLE('',(#15601));
#15601 = SURFACE_STYLE_FILL_AREA(#15602);
#15602 = FILL_AREA_STYLE('',(#15603));
#15603 = FILL_AREA_STYLE_COLOUR('',#15246);
#15604 = MECHANICAL_DESIGN_GEOMETRIC_PRESENTATION_REPRESENTATION('',(
    #15605,#15615,#15624,#15633,#15642,#15651,#15660,#15669,#15678,
    #15687,#15696,#15705,#15714,#15723,#15732,#15741,#15750,#15759,
    #15768,#15777,#15786,#15795,#15804,#15813,#15822,#15831,#15840,
    #15849,#15858,#15867,#15876,#15885,#15894,#15903,#15912,#15921,
    #15930,#15939,#15948,#15957,#15966,#15975,#15984,#15993,#16002,
    #16011,#16020,#16029,#16038,#16047,#16056,#16065,#16074,#16083,
    #16092,#16101,#16110,#16119,#16128,#16137,#16146,#16155,#16164,
    #16173,#16182,#16191,#16200,#16209,#16218,#16227,#16236,#16245,
    #16254,#16263,#16272,#16281,#16290,#16299,#16308,#16317,#16326,
    #16335,#16344,#16353,#16362,#16371,#16380,#16389,#16398,#16407,
    #16416,#16425,#16434,#16443,#16452,#16461,#16470,#16479,#16488,
    #16497,#16506,#16515,#16524,#16533,#16542,#16551,#16560,#16569,
    #16578,#16587,#16596,#16605,#16614,#16623,#16632,#16641,#16650,
    #16659,#16668,#16677,#16686,#16695,#16704,#16713,#16722,#16731,
    #16740,#16749,#16758,#16767,#16776,#16785,#16794,#16803,#16812,
    #16821,#16830,#16839,#16848,#16857,#16866,#16875,#16884,#16893,
    #16902,#16911,#16920),#13361);
#15605 = STYLED_ITEM('color',(#15606),#8895);
#15606 = PRESENTATION_STYLE_ASSIGNMENT((#15607,#15613));
#15607 = SURFACE_STYLE_USAGE(.BOTH.,#15608);
#15608 = SURFACE_SIDE_STYLE('',(#15609));
#15609 = SURFACE_STYLE_FILL_AREA(#15610);
#15610 = FILL_AREA_STYLE('',(#15611));
#15611 = FILL_AREA_STYLE_COLOUR('',#15612);
#15612 = COLOUR_RGB('',0.147999998088,0.145000001626,0.145000001626);
#15613 = CURVE_STYLE('',#15614,POSITIVE_LENGTH_MEASURE(0.1),#15612);
#15614 = DRAUGHTING_PRE_DEFINED_CURVE_FONT('continuous');
#15615 = STYLED_ITEM('color',(#15616),#8933);
#15616 = PRESENTATION_STYLE_ASSIGNMENT((#15617,#15622));
#15617 = SURFACE_STYLE_USAGE(.BOTH.,#15618);
#15618 = SURFACE_SIDE_STYLE('',(#15619));
#15619 = SURFACE_STYLE_FILL_AREA(#15620);
#15620 = FILL_AREA_STYLE('',(#15621));
#15621 = FILL_AREA_STYLE_COLOUR('',#15612);
#15622 = CURVE_STYLE('',#15623,POSITIVE_LENGTH_MEASURE(0.1),#15612);
#15623 = DRAUGHTING_PRE_DEFINED_CURVE_FONT('continuous');
#15624 = STYLED_ITEM('color',(#15625),#8996);
#15625 = PRESENTATION_STYLE_ASSIGNMENT((#15626,#15631));
#15626 = SURFACE_STYLE_USAGE(.BOTH.,#15627);
#15627 = SURFACE_SIDE_STYLE('',(#15628));
#15628 = SURFACE_STYLE_FILL_AREA(#15629);
#15629 = FILL_AREA_STYLE('',(#15630));
#15630 = FILL_AREA_STYLE_COLOUR('',#15612);
#15631 = CURVE_STYLE('',#15632,POSITIVE_LENGTH_MEASURE(0.1),#15612);
#15632 = DRAUGHTING_PRE_DEFINED_CURVE_FONT('continuous');
#15633 = STYLED_ITEM('color',(#15634),#9019);
#15634 = PRESENTATION_STYLE_ASSIGNMENT((#15635,#15640));
#15635 = SURFACE_STYLE_USAGE(.BOTH.,#15636);
#15636 = SURFACE_SIDE_STYLE('',(#15637));
#15637 = SURFACE_STYLE_FILL_AREA(#15638);
#15638 = FILL_AREA_STYLE('',(#15639));
#15639 = FILL_AREA_STYLE_COLOUR('',#15612);
#15640 = CURVE_STYLE('',#15641,POSITIVE_LENGTH_MEASURE(0.1),#15612);
#15641 = DRAUGHTING_PRE_DEFINED_CURVE_FONT('continuous');
#15642 = STYLED_ITEM('color',(#15643),#9048);
#15643 = PRESENTATION_STYLE_ASSIGNMENT((#15644,#15649));
#15644 = SURFACE_STYLE_USAGE(.BOTH.,#15645);
#15645 = SURFACE_SIDE_STYLE('',(#15646));
#15646 = SURFACE_STYLE_FILL_AREA(#15647);
#15647 = FILL_AREA_STYLE('',(#15648));
#15648 = FILL_AREA_STYLE_COLOUR('',#15612);
#15649 = CURVE_STYLE('',#15650,POSITIVE_LENGTH_MEASURE(0.1),#15612);
#15650 = DRAUGHTING_PRE_DEFINED_CURVE_FONT('continuous');
#15651 = STYLED_ITEM('color',(#15652),#9071);
#15652 = PRESENTATION_STYLE_ASSIGNMENT((#15653,#15658));
#15653 = SURFACE_STYLE_USAGE(.BOTH.,#15654);
#15654 = SURFACE_SIDE_STYLE('',(#15655));
#15655 = SURFACE_STYLE_FILL_AREA(#15656);
#15656 = FILL_AREA_STYLE('',(#15657));
#15657 = FILL_AREA_STYLE_COLOUR('',#15612);
#15658 = CURVE_STYLE('',#15659,POSITIVE_LENGTH_MEASURE(0.1),#15612);
#15659 = DRAUGHTING_PRE_DEFINED_CURVE_FONT('continuous');
#15660 = STYLED_ITEM('color',(#15661),#9158);
#15661 = PRESENTATION_STYLE_ASSIGNMENT((#15662,#15667));
#15662 = SURFACE_STYLE_USAGE(.BOTH.,#15663);
#15663 = SURFACE_SIDE_STYLE('',(#15664));
#15664 = SURFACE_STYLE_FILL_AREA(#15665);
#15665 = FILL_AREA_STYLE('',(#15666));
#15666 = FILL_AREA_STYLE_COLOUR('',#15612);
#15667 = CURVE_STYLE('',#15668,POSITIVE_LENGTH_MEASURE(0.1),#15612);
#15668 = DRAUGHTING_PRE_DEFINED_CURVE_FONT('continuous');
#15669 = STYLED_ITEM('color',(#15670),#9245);
#15670 = PRESENTATION_STYLE_ASSIGNMENT((#15671,#15676));
#15671 = SURFACE_STYLE_USAGE(.BOTH.,#15672);
#15672 = SURFACE_SIDE_STYLE('',(#15673));
#15673 = SURFACE_STYLE_FILL_AREA(#15674);
#15674 = FILL_AREA_STYLE('',(#15675));
#15675 = FILL_AREA_STYLE_COLOUR('',#15612);
#15676 = CURVE_STYLE('',#15677,POSITIVE_LENGTH_MEASURE(0.1),#15612);
#15677 = DRAUGHTING_PRE_DEFINED_CURVE_FONT('continuous');
#15678 = STYLED_ITEM('color',(#15679),#9268);
#15679 = PRESENTATION_STYLE_ASSIGNMENT((#15680,#15685));
#15680 = SURFACE_STYLE_USAGE(.BOTH.,#15681);
#15681 = SURFACE_SIDE_STYLE('',(#15682));
#15682 = SURFACE_STYLE_FILL_AREA(#15683);
#15683 = FILL_AREA_STYLE('',(#15684));
#15684 = FILL_AREA_STYLE_COLOUR('',#15612);
#15685 = CURVE_STYLE('',#15686,POSITIVE_LENGTH_MEASURE(0.1),#15612);
#15686 = DRAUGHTING_PRE_DEFINED_CURVE_FONT('continuous');
#15687 = STYLED_ITEM('color',(#15688),#9291);
#15688 = PRESENTATION_STYLE_ASSIGNMENT((#15689,#15694));
#15689 = SURFACE_STYLE_USAGE(.BOTH.,#15690);
#15690 = SURFACE_SIDE_STYLE('',(#15691));
#15691 = SURFACE_STYLE_FILL_AREA(#15692);
#15692 = FILL_AREA_STYLE('',(#15693));
#15693 = FILL_AREA_STYLE_COLOUR('',#15612);
#15694 = CURVE_STYLE('',#15695,POSITIVE_LENGTH_MEASURE(0.1),#15612);
#15695 = DRAUGHTING_PRE_DEFINED_CURVE_FONT('continuous');
#15696 = STYLED_ITEM('color',(#15697),#9308);
#15697 = PRESENTATION_STYLE_ASSIGNMENT((#15698,#15703));
#15698 = SURFACE_STYLE_USAGE(.BOTH.,#15699);
#15699 = SURFACE_SIDE_STYLE('',(#15700));
#15700 = SURFACE_STYLE_FILL_AREA(#15701);
#15701 = FILL_AREA_STYLE('',(#15702));
#15702 = FILL_AREA_STYLE_COLOUR('',#15612);
#15703 = CURVE_STYLE('',#15704,POSITIVE_LENGTH_MEASURE(0.1),#15612);
#15704 = DRAUGHTING_PRE_DEFINED_CURVE_FONT('continuous');
#15705 = STYLED_ITEM('color',(#15706),#9331);
#15706 = PRESENTATION_STYLE_ASSIGNMENT((#15707,#15712));
#15707 = SURFACE_STYLE_USAGE(.BOTH.,#15708);
#15708 = SURFACE_SIDE_STYLE('',(#15709));
#15709 = SURFACE_STYLE_FILL_AREA(#15710);
#15710 = FILL_AREA_STYLE('',(#15711));
#15711 = FILL_AREA_STYLE_COLOUR('',#15612);
#15712 = CURVE_STYLE('',#15713,POSITIVE_LENGTH_MEASURE(0.1),#15612);
#15713 = DRAUGHTING_PRE_DEFINED_CURVE_FONT('continuous');
#15714 = STYLED_ITEM('color',(#15715),#9419);
#15715 = PRESENTATION_STYLE_ASSIGNMENT((#15716,#15721));
#15716 = SURFACE_STYLE_USAGE(.BOTH.,#15717);
#15717 = SURFACE_SIDE_STYLE('',(#15718));
#15718 = SURFACE_STYLE_FILL_AREA(#15719);
#15719 = FILL_AREA_STYLE('',(#15720));
#15720 = FILL_AREA_STYLE_COLOUR('',#15612);
#15721 = CURVE_STYLE('',#15722,POSITIVE_LENGTH_MEASURE(0.1),#15612);
#15722 = DRAUGHTING_PRE_DEFINED_CURVE_FONT('continuous');
#15723 = STYLED_ITEM('color',(#15724),#9435);
#15724 = PRESENTATION_STYLE_ASSIGNMENT((#15725,#15730));
#15725 = SURFACE_STYLE_USAGE(.BOTH.,#15726);
#15726 = SURFACE_SIDE_STYLE('',(#15727));
#15727 = SURFACE_STYLE_FILL_AREA(#15728);
#15728 = FILL_AREA_STYLE('',(#15729));
#15729 = FILL_AREA_STYLE_COLOUR('',#15612);
#15730 = CURVE_STYLE('',#15731,POSITIVE_LENGTH_MEASURE(0.1),#15612);
#15731 = DRAUGHTING_PRE_DEFINED_CURVE_FONT('continuous');
#15732 = STYLED_ITEM('color',(#15733),#9465);
#15733 = PRESENTATION_STYLE_ASSIGNMENT((#15734,#15739));
#15734 = SURFACE_STYLE_USAGE(.BOTH.,#15735);
#15735 = SURFACE_SIDE_STYLE('',(#15736));
#15736 = SURFACE_STYLE_FILL_AREA(#15737);
#15737 = FILL_AREA_STYLE('',(#15738));
#15738 = FILL_AREA_STYLE_COLOUR('',#15246);
#15739 = CURVE_STYLE('',#15740,POSITIVE_LENGTH_MEASURE(0.1),#15246);
#15740 = DRAUGHTING_PRE_DEFINED_CURVE_FONT('continuous');
#15741 = STYLED_ITEM('color',(#15742),#9496);
#15742 = PRESENTATION_STYLE_ASSIGNMENT((#15743,#15748));
#15743 = SURFACE_STYLE_USAGE(.BOTH.,#15744);
#15744 = SURFACE_SIDE_STYLE('',(#15745));
#15745 = SURFACE_STYLE_FILL_AREA(#15746);
#15746 = FILL_AREA_STYLE('',(#15747));
#15747 = FILL_AREA_STYLE_COLOUR('',#15612);
#15748 = CURVE_STYLE('',#15749,POSITIVE_LENGTH_MEASURE(0.1),#15612);
#15749 = DRAUGHTING_PRE_DEFINED_CURVE_FONT('continuous');
#15750 = STYLED_ITEM('color',(#15751),#9527);
#15751 = PRESENTATION_STYLE_ASSIGNMENT((#15752,#15757));
#15752 = SURFACE_STYLE_USAGE(.BOTH.,#15753);
#15753 = SURFACE_SIDE_STYLE('',(#15754));
#15754 = SURFACE_STYLE_FILL_AREA(#15755);
#15755 = FILL_AREA_STYLE('',(#15756));
#15756 = FILL_AREA_STYLE_COLOUR('',#15246);
#15757 = CURVE_STYLE('',#15758,POSITIVE_LENGTH_MEASURE(0.1),#15246);
#15758 = DRAUGHTING_PRE_DEFINED_CURVE_FONT('continuous');
#15759 = STYLED_ITEM('color',(#15760),#9558);
#15760 = PRESENTATION_STYLE_ASSIGNMENT((#15761,#15766));
#15761 = SURFACE_STYLE_USAGE(.BOTH.,#15762);
#15762 = SURFACE_SIDE_STYLE('',(#15763));
#15763 = SURFACE_STYLE_FILL_AREA(#15764);
#15764 = FILL_AREA_STYLE('',(#15765));
#15765 = FILL_AREA_STYLE_COLOUR('',#15612);
#15766 = CURVE_STYLE('',#15767,POSITIVE_LENGTH_MEASURE(0.1),#15612);
#15767 = DRAUGHTING_PRE_DEFINED_CURVE_FONT('continuous');
#15768 = STYLED_ITEM('color',(#15769),#9589);
#15769 = PRESENTATION_STYLE_ASSIGNMENT((#15770,#15775));
#15770 = SURFACE_STYLE_USAGE(.BOTH.,#15771);
#15771 = SURFACE_SIDE_STYLE('',(#15772));
#15772 = SURFACE_STYLE_FILL_AREA(#15773);
#15773 = FILL_AREA_STYLE('',(#15774));
#15774 = FILL_AREA_STYLE_COLOUR('',#15246);
#15775 = CURVE_STYLE('',#15776,POSITIVE_LENGTH_MEASURE(0.1),#15246);
#15776 = DRAUGHTING_PRE_DEFINED_CURVE_FONT('continuous');
#15777 = STYLED_ITEM('color',(#15778),#9620);
#15778 = PRESENTATION_STYLE_ASSIGNMENT((#15779,#15784));
#15779 = SURFACE_STYLE_USAGE(.BOTH.,#15780);
#15780 = SURFACE_SIDE_STYLE('',(#15781));
#15781 = SURFACE_STYLE_FILL_AREA(#15782);
#15782 = FILL_AREA_STYLE('',(#15783));
#15783 = FILL_AREA_STYLE_COLOUR('',#15612);
#15784 = CURVE_STYLE('',#15785,POSITIVE_LENGTH_MEASURE(0.1),#15612);
#15785 = DRAUGHTING_PRE_DEFINED_CURVE_FONT('continuous');
#15786 = STYLED_ITEM('color',(#15787),#9651);
#15787 = PRESENTATION_STYLE_ASSIGNMENT((#15788,#15793));
#15788 = SURFACE_STYLE_USAGE(.BOTH.,#15789);
#15789 = SURFACE_SIDE_STYLE('',(#15790));
#15790 = SURFACE_STYLE_FILL_AREA(#15791);
#15791 = FILL_AREA_STYLE('',(#15792));
#15792 = FILL_AREA_STYLE_COLOUR('',#15246);
#15793 = CURVE_STYLE('',#15794,POSITIVE_LENGTH_MEASURE(0.1),#15246);
#15794 = DRAUGHTING_PRE_DEFINED_CURVE_FONT('continuous');
#15795 = STYLED_ITEM('color',(#15796),#9682);
#15796 = PRESENTATION_STYLE_ASSIGNMENT((#15797,#15802));
#15797 = SURFACE_STYLE_USAGE(.BOTH.,#15798);
#15798 = SURFACE_SIDE_STYLE('',(#15799));
#15799 = SURFACE_STYLE_FILL_AREA(#15800);
#15800 = FILL_AREA_STYLE('',(#15801));
#15801 = FILL_AREA_STYLE_COLOUR('',#15612);
#15802 = CURVE_STYLE('',#15803,POSITIVE_LENGTH_MEASURE(0.1),#15612);
#15803 = DRAUGHTING_PRE_DEFINED_CURVE_FONT('continuous');
#15804 = STYLED_ITEM('color',(#15805),#9699);
#15805 = PRESENTATION_STYLE_ASSIGNMENT((#15806,#15811));
#15806 = SURFACE_STYLE_USAGE(.BOTH.,#15807);
#15807 = SURFACE_SIDE_STYLE('',(#15808));
#15808 = SURFACE_STYLE_FILL_AREA(#15809);
#15809 = FILL_AREA_STYLE('',(#15810));
#15810 = FILL_AREA_STYLE_COLOUR('',#15612);
#15811 = CURVE_STYLE('',#15812,POSITIVE_LENGTH_MEASURE(0.1),#15612);
#15812 = DRAUGHTING_PRE_DEFINED_CURVE_FONT('continuous');
#15813 = STYLED_ITEM('color',(#15814),#9716);
#15814 = PRESENTATION_STYLE_ASSIGNMENT((#15815,#15820));
#15815 = SURFACE_STYLE_USAGE(.BOTH.,#15816);
#15816 = SURFACE_SIDE_STYLE('',(#15817));
#15817 = SURFACE_STYLE_FILL_AREA(#15818);
#15818 = FILL_AREA_STYLE('',(#15819));
#15819 = FILL_AREA_STYLE_COLOUR('',#15246);
#15820 = CURVE_STYLE('',#15821,POSITIVE_LENGTH_MEASURE(0.1),#15246);
#15821 = DRAUGHTING_PRE_DEFINED_CURVE_FONT('continuous');
#15822 = STYLED_ITEM('color',(#15823),#9747);
#15823 = PRESENTATION_STYLE_ASSIGNMENT((#15824,#15829));
#15824 = SURFACE_STYLE_USAGE(.BOTH.,#15825);
#15825 = SURFACE_SIDE_STYLE('',(#15826));
#15826 = SURFACE_STYLE_FILL_AREA(#15827);
#15827 = FILL_AREA_STYLE('',(#15828));
#15828 = FILL_AREA_STYLE_COLOUR('',#15612);
#15829 = CURVE_STYLE('',#15830,POSITIVE_LENGTH_MEASURE(0.1),#15612);
#15830 = DRAUGHTING_PRE_DEFINED_CURVE_FONT('continuous');
#15831 = STYLED_ITEM('color',(#15832),#9778);
#15832 = PRESENTATION_STYLE_ASSIGNMENT((#15833,#15838));
#15833 = SURFACE_STYLE_USAGE(.BOTH.,#15834);
#15834 = SURFACE_SIDE_STYLE('',(#15835));
#15835 = SURFACE_STYLE_FILL_AREA(#15836);
#15836 = FILL_AREA_STYLE('',(#15837));
#15837 = FILL_AREA_STYLE_COLOUR('',#15246);
#15838 = CURVE_STYLE('',#15839,POSITIVE_LENGTH_MEASURE(0.1),#15246);
#15839 = DRAUGHTING_PRE_DEFINED_CURVE_FONT('continuous');
#15840 = STYLED_ITEM('color',(#15841),#9809);
#15841 = PRESENTATION_STYLE_ASSIGNMENT((#15842,#15847));
#15842 = SURFACE_STYLE_USAGE(.BOTH.,#15843);
#15843 = SURFACE_SIDE_STYLE('',(#15844));
#15844 = SURFACE_STYLE_FILL_AREA(#15845);
#15845 = FILL_AREA_STYLE('',(#15846));
#15846 = FILL_AREA_STYLE_COLOUR('',#15612);
#15847 = CURVE_STYLE('',#15848,POSITIVE_LENGTH_MEASURE(0.1),#15612);
#15848 = DRAUGHTING_PRE_DEFINED_CURVE_FONT('continuous');
#15849 = STYLED_ITEM('color',(#15850),#9840);
#15850 = PRESENTATION_STYLE_ASSIGNMENT((#15851,#15856));
#15851 = SURFACE_STYLE_USAGE(.BOTH.,#15852);
#15852 = SURFACE_SIDE_STYLE('',(#15853));
#15853 = SURFACE_STYLE_FILL_AREA(#15854);
#15854 = FILL_AREA_STYLE('',(#15855));
#15855 = FILL_AREA_STYLE_COLOUR('',#15246);
#15856 = CURVE_STYLE('',#15857,POSITIVE_LENGTH_MEASURE(0.1),#15246);
#15857 = DRAUGHTING_PRE_DEFINED_CURVE_FONT('continuous');
#15858 = STYLED_ITEM('color',(#15859),#9871);
#15859 = PRESENTATION_STYLE_ASSIGNMENT((#15860,#15865));
#15860 = SURFACE_STYLE_USAGE(.BOTH.,#15861);
#15861 = SURFACE_SIDE_STYLE('',(#15862));
#15862 = SURFACE_STYLE_FILL_AREA(#15863);
#15863 = FILL_AREA_STYLE('',(#15864));
#15864 = FILL_AREA_STYLE_COLOUR('',#15612);
#15865 = CURVE_STYLE('',#15866,POSITIVE_LENGTH_MEASURE(0.1),#15612);
#15866 = DRAUGHTING_PRE_DEFINED_CURVE_FONT('continuous');
#15867 = STYLED_ITEM('color',(#15868),#9902);
#15868 = PRESENTATION_STYLE_ASSIGNMENT((#15869,#15874));
#15869 = SURFACE_STYLE_USAGE(.BOTH.,#15870);
#15870 = SURFACE_SIDE_STYLE('',(#15871));
#15871 = SURFACE_STYLE_FILL_AREA(#15872);
#15872 = FILL_AREA_STYLE('',(#15873));
#15873 = FILL_AREA_STYLE_COLOUR('',#15246);
#15874 = CURVE_STYLE('',#15875,POSITIVE_LENGTH_MEASURE(0.1),#15246);
#15875 = DRAUGHTING_PRE_DEFINED_CURVE_FONT('continuous');
#15876 = STYLED_ITEM('color',(#15877),#9933);
#15877 = PRESENTATION_STYLE_ASSIGNMENT((#15878,#15883));
#15878 = SURFACE_STYLE_USAGE(.BOTH.,#15879);
#15879 = SURFACE_SIDE_STYLE('',(#15880));
#15880 = SURFACE_STYLE_FILL_AREA(#15881);
#15881 = FILL_AREA_STYLE('',(#15882));
#15882 = FILL_AREA_STYLE_COLOUR('',#15612);
#15883 = CURVE_STYLE('',#15884,POSITIVE_LENGTH_MEASURE(0.1),#15612);
#15884 = DRAUGHTING_PRE_DEFINED_CURVE_FONT('continuous');
#15885 = STYLED_ITEM('color',(#15886),#9963);
#15886 = PRESENTATION_STYLE_ASSIGNMENT((#15887,#15892));
#15887 = SURFACE_STYLE_USAGE(.BOTH.,#15888);
#15888 = SURFACE_SIDE_STYLE('',(#15889));
#15889 = SURFACE_STYLE_FILL_AREA(#15890);
#15890 = FILL_AREA_STYLE('',(#15891));
#15891 = FILL_AREA_STYLE_COLOUR('',#15612);
#15892 = CURVE_STYLE('',#15893,POSITIVE_LENGTH_MEASURE(0.1),#15612);
#15893 = DRAUGHTING_PRE_DEFINED_CURVE_FONT('continuous');
#15894 = STYLED_ITEM('color',(#15895),#9986);
#15895 = PRESENTATION_STYLE_ASSIGNMENT((#15896,#15901));
#15896 = SURFACE_STYLE_USAGE(.BOTH.,#15897);
#15897 = SURFACE_SIDE_STYLE('',(#15898));
#15898 = SURFACE_STYLE_FILL_AREA(#15899);
#15899 = FILL_AREA_STYLE('',(#15900));
#15900 = FILL_AREA_STYLE_COLOUR('',#15612);
#15901 = CURVE_STYLE('',#15902,POSITIVE_LENGTH_MEASURE(0.1),#15612);
#15902 = DRAUGHTING_PRE_DEFINED_CURVE_FONT('continuous');
#15903 = STYLED_ITEM('color',(#15904),#10009);
#15904 = PRESENTATION_STYLE_ASSIGNMENT((#15905,#15910));
#15905 = SURFACE_STYLE_USAGE(.BOTH.,#15906);
#15906 = SURFACE_SIDE_STYLE('',(#15907));
#15907 = SURFACE_STYLE_FILL_AREA(#15908);
#15908 = FILL_AREA_STYLE('',(#15909));
#15909 = FILL_AREA_STYLE_COLOUR('',#15612);
#15910 = CURVE_STYLE('',#15911,POSITIVE_LENGTH_MEASURE(0.1),#15612);
#15911 = DRAUGHTING_PRE_DEFINED_CURVE_FONT('continuous');
#15912 = STYLED_ITEM('color',(#15913),#10026);
#15913 = PRESENTATION_STYLE_ASSIGNMENT((#15914,#15919));
#15914 = SURFACE_STYLE_USAGE(.BOTH.,#15915);
#15915 = SURFACE_SIDE_STYLE('',(#15916));
#15916 = SURFACE_STYLE_FILL_AREA(#15917);
#15917 = FILL_AREA_STYLE('',(#15918));
#15918 = FILL_AREA_STYLE_COLOUR('',#15246);
#15919 = CURVE_STYLE('',#15920,POSITIVE_LENGTH_MEASURE(0.1),#15246);
#15920 = DRAUGHTING_PRE_DEFINED_CURVE_FONT('continuous');
#15921 = STYLED_ITEM('color',(#15922),#10071);
#15922 = PRESENTATION_STYLE_ASSIGNMENT((#15923,#15928));
#15923 = SURFACE_STYLE_USAGE(.BOTH.,#15924);
#15924 = SURFACE_SIDE_STYLE('',(#15925));
#15925 = SURFACE_STYLE_FILL_AREA(#15926);
#15926 = FILL_AREA_STYLE('',(#15927));
#15927 = FILL_AREA_STYLE_COLOUR('',#15612);
#15928 = CURVE_STYLE('',#15929,POSITIVE_LENGTH_MEASURE(0.1),#15612);
#15929 = DRAUGHTING_PRE_DEFINED_CURVE_FONT('continuous');
#15930 = STYLED_ITEM('color',(#15931),#10157);
#15931 = PRESENTATION_STYLE_ASSIGNMENT((#15932,#15937));
#15932 = SURFACE_STYLE_USAGE(.BOTH.,#15933);
#15933 = SURFACE_SIDE_STYLE('',(#15934));
#15934 = SURFACE_STYLE_FILL_AREA(#15935);
#15935 = FILL_AREA_STYLE('',(#15936));
#15936 = FILL_AREA_STYLE_COLOUR('',#15612);
#15937 = CURVE_STYLE('',#15938,POSITIVE_LENGTH_MEASURE(0.1),#15612);
#15938 = DRAUGHTING_PRE_DEFINED_CURVE_FONT('continuous');
#15939 = STYLED_ITEM('color',(#15940),#10180);
#15940 = PRESENTATION_STYLE_ASSIGNMENT((#15941,#15946));
#15941 = SURFACE_STYLE_USAGE(.BOTH.,#15942);
#15942 = SURFACE_SIDE_STYLE('',(#15943));
#15943 = SURFACE_STYLE_FILL_AREA(#15944);
#15944 = FILL_AREA_STYLE('',(#15945));
#15945 = FILL_AREA_STYLE_COLOUR('',#15612);
#15946 = CURVE_STYLE('',#15947,POSITIVE_LENGTH_MEASURE(0.1),#15612);
#15947 = DRAUGHTING_PRE_DEFINED_CURVE_FONT('continuous');
#15948 = STYLED_ITEM('color',(#15949),#10203);
#15949 = PRESENTATION_STYLE_ASSIGNMENT((#15950,#15955));
#15950 = SURFACE_STYLE_USAGE(.BOTH.,#15951);
#15951 = SURFACE_SIDE_STYLE('',(#15952));
#15952 = SURFACE_STYLE_FILL_AREA(#15953);
#15953 = FILL_AREA_STYLE('',(#15954));
#15954 = FILL_AREA_STYLE_COLOUR('',#15612);
#15955 = CURVE_STYLE('',#15956,POSITIVE_LENGTH_MEASURE(0.1),#15612);
#15956 = DRAUGHTING_PRE_DEFINED_CURVE_FONT('continuous');
#15957 = STYLED_ITEM('color',(#15958),#10226);
#15958 = PRESENTATION_STYLE_ASSIGNMENT((#15959,#15964));
#15959 = SURFACE_STYLE_USAGE(.BOTH.,#15960);
#15960 = SURFACE_SIDE_STYLE('',(#15961));
#15961 = SURFACE_STYLE_FILL_AREA(#15962);
#15962 = FILL_AREA_STYLE('',(#15963));
#15963 = FILL_AREA_STYLE_COLOUR('',#15612);
#15964 = CURVE_STYLE('',#15965,POSITIVE_LENGTH_MEASURE(0.1),#15612);
#15965 = DRAUGHTING_PRE_DEFINED_CURVE_FONT('continuous');
#15966 = STYLED_ITEM('color',(#15967),#10313);
#15967 = PRESENTATION_STYLE_ASSIGNMENT((#15968,#15973));
#15968 = SURFACE_STYLE_USAGE(.BOTH.,#15969);
#15969 = SURFACE_SIDE_STYLE('',(#15970));
#15970 = SURFACE_STYLE_FILL_AREA(#15971);
#15971 = FILL_AREA_STYLE('',(#15972));
#15972 = FILL_AREA_STYLE_COLOUR('',#15246);
#15973 = CURVE_STYLE('',#15974,POSITIVE_LENGTH_MEASURE(0.1),#15246);
#15974 = DRAUGHTING_PRE_DEFINED_CURVE_FONT('continuous');
#15975 = STYLED_ITEM('color',(#15976),#10351);
#15976 = PRESENTATION_STYLE_ASSIGNMENT((#15977,#15982));
#15977 = SURFACE_STYLE_USAGE(.BOTH.,#15978);
#15978 = SURFACE_SIDE_STYLE('',(#15979));
#15979 = SURFACE_STYLE_FILL_AREA(#15980);
#15980 = FILL_AREA_STYLE('',(#15981));
#15981 = FILL_AREA_STYLE_COLOUR('',#15612);
#15982 = CURVE_STYLE('',#15983,POSITIVE_LENGTH_MEASURE(0.1),#15612);
#15983 = DRAUGHTING_PRE_DEFINED_CURVE_FONT('continuous');
#15984 = STYLED_ITEM('color',(#15985),#10400);
#15985 = PRESENTATION_STYLE_ASSIGNMENT((#15986,#15991));
#15986 = SURFACE_STYLE_USAGE(.BOTH.,#15987);
#15987 = SURFACE_SIDE_STYLE('',(#15988));
#15988 = SURFACE_STYLE_FILL_AREA(#15989);
#15989 = FILL_AREA_STYLE('',(#15990));
#15990 = FILL_AREA_STYLE_COLOUR('',#15246);
#15991 = CURVE_STYLE('',#15992,POSITIVE_LENGTH_MEASURE(0.1),#15246);
#15992 = DRAUGHTING_PRE_DEFINED_CURVE_FONT('continuous');
#15993 = STYLED_ITEM('color',(#15994),#10492);
#15994 = PRESENTATION_STYLE_ASSIGNMENT((#15995,#16000));
#15995 = SURFACE_STYLE_USAGE(.BOTH.,#15996);
#15996 = SURFACE_SIDE_STYLE('',(#15997));
#15997 = SURFACE_STYLE_FILL_AREA(#15998);
#15998 = FILL_AREA_STYLE('',(#15999));
#15999 = FILL_AREA_STYLE_COLOUR('',#15246);
#16000 = CURVE_STYLE('',#16001,POSITIVE_LENGTH_MEASURE(0.1),#15246);
#16001 = DRAUGHTING_PRE_DEFINED_CURVE_FONT('continuous');
#16002 = STYLED_ITEM('color',(#16003),#10517);
#16003 = PRESENTATION_STYLE_ASSIGNMENT((#16004,#16009));
#16004 = SURFACE_STYLE_USAGE(.BOTH.,#16005);
#16005 = SURFACE_SIDE_STYLE('',(#16006));
#16006 = SURFACE_STYLE_FILL_AREA(#16007);
#16007 = FILL_AREA_STYLE('',(#16008));
#16008 = FILL_AREA_STYLE_COLOUR('',#15246);
#16009 = CURVE_STYLE('',#16010,POSITIVE_LENGTH_MEASURE(0.1),#15246);
#16010 = DRAUGHTING_PRE_DEFINED_CURVE_FONT('continuous');
#16011 = STYLED_ITEM('color',(#16012),#10601);
#16012 = PRESENTATION_STYLE_ASSIGNMENT((#16013,#16018));
#16013 = SURFACE_STYLE_USAGE(.BOTH.,#16014);
#16014 = SURFACE_SIDE_STYLE('',(#16015));
#16015 = SURFACE_STYLE_FILL_AREA(#16016);
#16016 = FILL_AREA_STYLE('',(#16017));
#16017 = FILL_AREA_STYLE_COLOUR('',#15612);
#16018 = CURVE_STYLE('',#16019,POSITIVE_LENGTH_MEASURE(0.1),#15612);
#16019 = DRAUGHTING_PRE_DEFINED_CURVE_FONT('continuous');
#16020 = STYLED_ITEM('color',(#16021),#10623);
#16021 = PRESENTATION_STYLE_ASSIGNMENT((#16022,#16027));
#16022 = SURFACE_STYLE_USAGE(.BOTH.,#16023);
#16023 = SURFACE_SIDE_STYLE('',(#16024));
#16024 = SURFACE_STYLE_FILL_AREA(#16025);
#16025 = FILL_AREA_STYLE('',(#16026));
#16026 = FILL_AREA_STYLE_COLOUR('',#15246);
#16027 = CURVE_STYLE('',#16028,POSITIVE_LENGTH_MEASURE(0.1),#15246);
#16028 = DRAUGHTING_PRE_DEFINED_CURVE_FONT('continuous');
#16029 = STYLED_ITEM('color',(#16030),#10715);
#16030 = PRESENTATION_STYLE_ASSIGNMENT((#16031,#16036));
#16031 = SURFACE_STYLE_USAGE(.BOTH.,#16032);
#16032 = SURFACE_SIDE_STYLE('',(#16033));
#16033 = SURFACE_STYLE_FILL_AREA(#16034);
#16034 = FILL_AREA_STYLE('',(#16035));
#16035 = FILL_AREA_STYLE_COLOUR('',#15246);
#16036 = CURVE_STYLE('',#16037,POSITIVE_LENGTH_MEASURE(0.1),#15246);
#16037 = DRAUGHTING_PRE_DEFINED_CURVE_FONT('continuous');
#16038 = STYLED_ITEM('color',(#16039),#10740);
#16039 = PRESENTATION_STYLE_ASSIGNMENT((#16040,#16045));
#16040 = SURFACE_STYLE_USAGE(.BOTH.,#16041);
#16041 = SURFACE_SIDE_STYLE('',(#16042));
#16042 = SURFACE_STYLE_FILL_AREA(#16043);
#16043 = FILL_AREA_STYLE('',(#16044));
#16044 = FILL_AREA_STYLE_COLOUR('',#15246);
#16045 = CURVE_STYLE('',#16046,POSITIVE_LENGTH_MEASURE(0.1),#15246);
#16046 = DRAUGHTING_PRE_DEFINED_CURVE_FONT('continuous');
#16047 = STYLED_ITEM('color',(#16048),#10824);
#16048 = PRESENTATION_STYLE_ASSIGNMENT((#16049,#16054));
#16049 = SURFACE_STYLE_USAGE(.BOTH.,#16050);
#16050 = SURFACE_SIDE_STYLE('',(#16051));
#16051 = SURFACE_STYLE_FILL_AREA(#16052);
#16052 = FILL_AREA_STYLE('',(#16053));
#16053 = FILL_AREA_STYLE_COLOUR('',#15612);
#16054 = CURVE_STYLE('',#16055,POSITIVE_LENGTH_MEASURE(0.1),#15612);
#16055 = DRAUGHTING_PRE_DEFINED_CURVE_FONT('continuous');
#16056 = STYLED_ITEM('color',(#16057),#10846);
#16057 = PRESENTATION_STYLE_ASSIGNMENT((#16058,#16063));
#16058 = SURFACE_STYLE_USAGE(.BOTH.,#16059);
#16059 = SURFACE_SIDE_STYLE('',(#16060));
#16060 = SURFACE_STYLE_FILL_AREA(#16061);
#16061 = FILL_AREA_STYLE('',(#16062));
#16062 = FILL_AREA_STYLE_COLOUR('',#15246);
#16063 = CURVE_STYLE('',#16064,POSITIVE_LENGTH_MEASURE(0.1),#15246);
#16064 = DRAUGHTING_PRE_DEFINED_CURVE_FONT('continuous');
#16065 = STYLED_ITEM('color',(#16066),#10938);
#16066 = PRESENTATION_STYLE_ASSIGNMENT((#16067,#16072));
#16067 = SURFACE_STYLE_USAGE(.BOTH.,#16068);
#16068 = SURFACE_SIDE_STYLE('',(#16069));
#16069 = SURFACE_STYLE_FILL_AREA(#16070);
#16070 = FILL_AREA_STYLE('',(#16071));
#16071 = FILL_AREA_STYLE_COLOUR('',#15246);
#16072 = CURVE_STYLE('',#16073,POSITIVE_LENGTH_MEASURE(0.1),#15246);
#16073 = DRAUGHTING_PRE_DEFINED_CURVE_FONT('continuous');
#16074 = STYLED_ITEM('color',(#16075),#10963);
#16075 = PRESENTATION_STYLE_ASSIGNMENT((#16076,#16081));
#16076 = SURFACE_STYLE_USAGE(.BOTH.,#16077);
#16077 = SURFACE_SIDE_STYLE('',(#16078));
#16078 = SURFACE_STYLE_FILL_AREA(#16079);
#16079 = FILL_AREA_STYLE('',(#16080));
#16080 = FILL_AREA_STYLE_COLOUR('',#15246);
#16081 = CURVE_STYLE('',#16082,POSITIVE_LENGTH_MEASURE(0.1),#15246);
#16082 = DRAUGHTING_PRE_DEFINED_CURVE_FONT('continuous');
#16083 = STYLED_ITEM('color',(#16084),#11047);
#16084 = PRESENTATION_STYLE_ASSIGNMENT((#16085,#16090));
#16085 = SURFACE_STYLE_USAGE(.BOTH.,#16086);
#16086 = SURFACE_SIDE_STYLE('',(#16087));
#16087 = SURFACE_STYLE_FILL_AREA(#16088);
#16088 = FILL_AREA_STYLE('',(#16089));
#16089 = FILL_AREA_STYLE_COLOUR('',#15612);
#16090 = CURVE_STYLE('',#16091,POSITIVE_LENGTH_MEASURE(0.1),#15612);
#16091 = DRAUGHTING_PRE_DEFINED_CURVE_FONT('continuous');
#16092 = STYLED_ITEM('color',(#16093),#11064);
#16093 = PRESENTATION_STYLE_ASSIGNMENT((#16094,#16099));
#16094 = SURFACE_STYLE_USAGE(.BOTH.,#16095);
#16095 = SURFACE_SIDE_STYLE('',(#16096));
#16096 = SURFACE_STYLE_FILL_AREA(#16097);
#16097 = FILL_AREA_STYLE('',(#16098));
#16098 = FILL_AREA_STYLE_COLOUR('',#15246);
#16099 = CURVE_STYLE('',#16100,POSITIVE_LENGTH_MEASURE(0.1),#15246);
#16100 = DRAUGHTING_PRE_DEFINED_CURVE_FONT('continuous');
#16101 = STYLED_ITEM('color',(#16102),#11149);
#16102 = PRESENTATION_STYLE_ASSIGNMENT((#16103,#16108));
#16103 = SURFACE_STYLE_USAGE(.BOTH.,#16104);
#16104 = SURFACE_SIDE_STYLE('',(#16105));
#16105 = SURFACE_STYLE_FILL_AREA(#16106);
#16106 = FILL_AREA_STYLE('',(#16107));
#16107 = FILL_AREA_STYLE_COLOUR('',#15246);
#16108 = CURVE_STYLE('',#16109,POSITIVE_LENGTH_MEASURE(0.1),#15246);
#16109 = DRAUGHTING_PRE_DEFINED_CURVE_FONT('continuous');
#16110 = STYLED_ITEM('color',(#16111),#11174);
#16111 = PRESENTATION_STYLE_ASSIGNMENT((#16112,#16117));
#16112 = SURFACE_STYLE_USAGE(.BOTH.,#16113);
#16113 = SURFACE_SIDE_STYLE('',(#16114));
#16114 = SURFACE_STYLE_FILL_AREA(#16115);
#16115 = FILL_AREA_STYLE('',(#16116));
#16116 = FILL_AREA_STYLE_COLOUR('',#15246);
#16117 = CURVE_STYLE('',#16118,POSITIVE_LENGTH_MEASURE(0.1),#15246);
#16118 = DRAUGHTING_PRE_DEFINED_CURVE_FONT('continuous');
#16119 = STYLED_ITEM('color',(#16120),#11251);
#16120 = PRESENTATION_STYLE_ASSIGNMENT((#16121,#16126));
#16121 = SURFACE_STYLE_USAGE(.BOTH.,#16122);
#16122 = SURFACE_SIDE_STYLE('',(#16123));
#16123 = SURFACE_STYLE_FILL_AREA(#16124);
#16124 = FILL_AREA_STYLE('',(#16125));
#16125 = FILL_AREA_STYLE_COLOUR('',#15246);
#16126 = CURVE_STYLE('',#16127,POSITIVE_LENGTH_MEASURE(0.1),#15246);
#16127 = DRAUGHTING_PRE_DEFINED_CURVE_FONT('continuous');
#16128 = STYLED_ITEM('color',(#16129),#11336);
#16129 = PRESENTATION_STYLE_ASSIGNMENT((#16130,#16135));
#16130 = SURFACE_STYLE_USAGE(.BOTH.,#16131);
#16131 = SURFACE_SIDE_STYLE('',(#16132));
#16132 = SURFACE_STYLE_FILL_AREA(#16133);
#16133 = FILL_AREA_STYLE('',(#16134));
#16134 = FILL_AREA_STYLE_COLOUR('',#15246);
#16135 = CURVE_STYLE('',#16136,POSITIVE_LENGTH_MEASURE(0.1),#15246);
#16136 = DRAUGHTING_PRE_DEFINED_CURVE_FONT('continuous');
#16137 = STYLED_ITEM('color',(#16138),#11361);
#16138 = PRESENTATION_STYLE_ASSIGNMENT((#16139,#16144));
#16139 = SURFACE_STYLE_USAGE(.BOTH.,#16140);
#16140 = SURFACE_SIDE_STYLE('',(#16141));
#16141 = SURFACE_STYLE_FILL_AREA(#16142);
#16142 = FILL_AREA_STYLE('',(#16143));
#16143 = FILL_AREA_STYLE_COLOUR('',#15246);
#16144 = CURVE_STYLE('',#16145,POSITIVE_LENGTH_MEASURE(0.1),#15246);
#16145 = DRAUGHTING_PRE_DEFINED_CURVE_FONT('continuous');
#16146 = STYLED_ITEM('color',(#16147),#11438);
#16147 = PRESENTATION_STYLE_ASSIGNMENT((#16148,#16153));
#16148 = SURFACE_STYLE_USAGE(.BOTH.,#16149);
#16149 = SURFACE_SIDE_STYLE('',(#16150));
#16150 = SURFACE_STYLE_FILL_AREA(#16151);
#16151 = FILL_AREA_STYLE('',(#16152));
#16152 = FILL_AREA_STYLE_COLOUR('',#15612);
#16153 = CURVE_STYLE('',#16154,POSITIVE_LENGTH_MEASURE(0.1),#15612);
#16154 = DRAUGHTING_PRE_DEFINED_CURVE_FONT('continuous');
#16155 = STYLED_ITEM('color',(#16156),#11455);
#16156 = PRESENTATION_STYLE_ASSIGNMENT((#16157,#16162));
#16157 = SURFACE_STYLE_USAGE(.BOTH.,#16158);
#16158 = SURFACE_SIDE_STYLE('',(#16159));
#16159 = SURFACE_STYLE_FILL_AREA(#16160);
#16160 = FILL_AREA_STYLE('',(#16161));
#16161 = FILL_AREA_STYLE_COLOUR('',#15246);
#16162 = CURVE_STYLE('',#16163,POSITIVE_LENGTH_MEASURE(0.1),#15246);
#16163 = DRAUGHTING_PRE_DEFINED_CURVE_FONT('continuous');
#16164 = STYLED_ITEM('color',(#16165),#11547);
#16165 = PRESENTATION_STYLE_ASSIGNMENT((#16166,#16171));
#16166 = SURFACE_STYLE_USAGE(.BOTH.,#16167);
#16167 = SURFACE_SIDE_STYLE('',(#16168));
#16168 = SURFACE_STYLE_FILL_AREA(#16169);
#16169 = FILL_AREA_STYLE('',(#16170));
#16170 = FILL_AREA_STYLE_COLOUR('',#15246);
#16171 = CURVE_STYLE('',#16172,POSITIVE_LENGTH_MEASURE(0.1),#15246);
#16172 = DRAUGHTING_PRE_DEFINED_CURVE_FONT('continuous');
#16173 = STYLED_ITEM('color',(#16174),#11572);
#16174 = PRESENTATION_STYLE_ASSIGNMENT((#16175,#16180));
#16175 = SURFACE_STYLE_USAGE(.BOTH.,#16176);
#16176 = SURFACE_SIDE_STYLE('',(#16177));
#16177 = SURFACE_STYLE_FILL_AREA(#16178);
#16178 = FILL_AREA_STYLE('',(#16179));
#16179 = FILL_AREA_STYLE_COLOUR('',#15246);
#16180 = CURVE_STYLE('',#16181,POSITIVE_LENGTH_MEASURE(0.1),#15246);
#16181 = DRAUGHTING_PRE_DEFINED_CURVE_FONT('continuous');
#16182 = STYLED_ITEM('color',(#16183),#11656);
#16183 = PRESENTATION_STYLE_ASSIGNMENT((#16184,#16189));
#16184 = SURFACE_STYLE_USAGE(.BOTH.,#16185);
#16185 = SURFACE_SIDE_STYLE('',(#16186));
#16186 = SURFACE_STYLE_FILL_AREA(#16187);
#16187 = FILL_AREA_STYLE('',(#16188));
#16188 = FILL_AREA_STYLE_COLOUR('',#15612);
#16189 = CURVE_STYLE('',#16190,POSITIVE_LENGTH_MEASURE(0.1),#15612);
#16190 = DRAUGHTING_PRE_DEFINED_CURVE_FONT('continuous');
#16191 = STYLED_ITEM('color',(#16192),#11678);
#16192 = PRESENTATION_STYLE_ASSIGNMENT((#16193,#16198));
#16193 = SURFACE_STYLE_USAGE(.BOTH.,#16194);
#16194 = SURFACE_SIDE_STYLE('',(#16195));
#16195 = SURFACE_STYLE_FILL_AREA(#16196);
#16196 = FILL_AREA_STYLE('',(#16197));
#16197 = FILL_AREA_STYLE_COLOUR('',#15246);
#16198 = CURVE_STYLE('',#16199,POSITIVE_LENGTH_MEASURE(0.1),#15246);
#16199 = DRAUGHTING_PRE_DEFINED_CURVE_FONT('continuous');
#16200 = STYLED_ITEM('color',(#16201),#11770);
#16201 = PRESENTATION_STYLE_ASSIGNMENT((#16202,#16207));
#16202 = SURFACE_STYLE_USAGE(.BOTH.,#16203);
#16203 = SURFACE_SIDE_STYLE('',(#16204));
#16204 = SURFACE_STYLE_FILL_AREA(#16205);
#16205 = FILL_AREA_STYLE('',(#16206));
#16206 = FILL_AREA_STYLE_COLOUR('',#15246);
#16207 = CURVE_STYLE('',#16208,POSITIVE_LENGTH_MEASURE(0.1),#15246);
#16208 = DRAUGHTING_PRE_DEFINED_CURVE_FONT('continuous');
#16209 = STYLED_ITEM('color',(#16210),#11795);
#16210 = PRESENTATION_STYLE_ASSIGNMENT((#16211,#16216));
#16211 = SURFACE_STYLE_USAGE(.BOTH.,#16212);
#16212 = SURFACE_SIDE_STYLE('',(#16213));
#16213 = SURFACE_STYLE_FILL_AREA(#16214);
#16214 = FILL_AREA_STYLE('',(#16215));
#16215 = FILL_AREA_STYLE_COLOUR('',#15246);
#16216 = CURVE_STYLE('',#16217,POSITIVE_LENGTH_MEASURE(0.1),#15246);
#16217 = DRAUGHTING_PRE_DEFINED_CURVE_FONT('continuous');
#16218 = STYLED_ITEM('color',(#16219),#11879);
#16219 = PRESENTATION_STYLE_ASSIGNMENT((#16220,#16225));
#16220 = SURFACE_STYLE_USAGE(.BOTH.,#16221);
#16221 = SURFACE_SIDE_STYLE('',(#16222));
#16222 = SURFACE_STYLE_FILL_AREA(#16223);
#16223 = FILL_AREA_STYLE('',(#16224));
#16224 = FILL_AREA_STYLE_COLOUR('',#15612);
#16225 = CURVE_STYLE('',#16226,POSITIVE_LENGTH_MEASURE(0.1),#15612);
#16226 = DRAUGHTING_PRE_DEFINED_CURVE_FONT('continuous');
#16227 = STYLED_ITEM('color',(#16228),#11901);
#16228 = PRESENTATION_STYLE_ASSIGNMENT((#16229,#16234));
#16229 = SURFACE_STYLE_USAGE(.BOTH.,#16230);
#16230 = SURFACE_SIDE_STYLE('',(#16231));
#16231 = SURFACE_STYLE_FILL_AREA(#16232);
#16232 = FILL_AREA_STYLE('',(#16233));
#16233 = FILL_AREA_STYLE_COLOUR('',#15246);
#16234 = CURVE_STYLE('',#16235,POSITIVE_LENGTH_MEASURE(0.1),#15246);
#16235 = DRAUGHTING_PRE_DEFINED_CURVE_FONT('continuous');
#16236 = STYLED_ITEM('color',(#16237),#11993);
#16237 = PRESENTATION_STYLE_ASSIGNMENT((#16238,#16243));
#16238 = SURFACE_STYLE_USAGE(.BOTH.,#16239);
#16239 = SURFACE_SIDE_STYLE('',(#16240));
#16240 = SURFACE_STYLE_FILL_AREA(#16241);
#16241 = FILL_AREA_STYLE('',(#16242));
#16242 = FILL_AREA_STYLE_COLOUR('',#15246);
#16243 = CURVE_STYLE('',#16244,POSITIVE_LENGTH_MEASURE(0.1),#15246);
#16244 = DRAUGHTING_PRE_DEFINED_CURVE_FONT('continuous');
#16245 = STYLED_ITEM('color',(#16246),#12018);
#16246 = PRESENTATION_STYLE_ASSIGNMENT((#16247,#16252));
#16247 = SURFACE_STYLE_USAGE(.BOTH.,#16248);
#16248 = SURFACE_SIDE_STYLE('',(#16249));
#16249 = SURFACE_STYLE_FILL_AREA(#16250);
#16250 = FILL_AREA_STYLE('',(#16251));
#16251 = FILL_AREA_STYLE_COLOUR('',#15246);
#16252 = CURVE_STYLE('',#16253,POSITIVE_LENGTH_MEASURE(0.1),#15246);
#16253 = DRAUGHTING_PRE_DEFINED_CURVE_FONT('continuous');
#16254 = STYLED_ITEM('color',(#16255),#12102);
#16255 = PRESENTATION_STYLE_ASSIGNMENT((#16256,#16261));
#16256 = SURFACE_STYLE_USAGE(.BOTH.,#16257);
#16257 = SURFACE_SIDE_STYLE('',(#16258));
#16258 = SURFACE_STYLE_FILL_AREA(#16259);
#16259 = FILL_AREA_STYLE('',(#16260));
#16260 = FILL_AREA_STYLE_COLOUR('',#15246);
#16261 = CURVE_STYLE('',#16262,POSITIVE_LENGTH_MEASURE(0.1),#15246);
#16262 = DRAUGHTING_PRE_DEFINED_CURVE_FONT('continuous');
#16263 = STYLED_ITEM('color',(#16264),#12119);
#16264 = PRESENTATION_STYLE_ASSIGNMENT((#16265,#16270));
#16265 = SURFACE_STYLE_USAGE(.BOTH.,#16266);
#16266 = SURFACE_SIDE_STYLE('',(#16267));
#16267 = SURFACE_STYLE_FILL_AREA(#16268);
#16268 = FILL_AREA_STYLE('',(#16269));
#16269 = FILL_AREA_STYLE_COLOUR('',#15246);
#16270 = CURVE_STYLE('',#16271,POSITIVE_LENGTH_MEASURE(0.1),#15246);
#16271 = DRAUGHTING_PRE_DEFINED_CURVE_FONT('continuous');
#16272 = STYLED_ITEM('color',(#16273),#12138);
#16273 = PRESENTATION_STYLE_ASSIGNMENT((#16274,#16279));
#16274 = SURFACE_STYLE_USAGE(.BOTH.,#16275);
#16275 = SURFACE_SIDE_STYLE('',(#16276));
#16276 = SURFACE_STYLE_FILL_AREA(#16277);
#16277 = FILL_AREA_STYLE('',(#16278));
#16278 = FILL_AREA_STYLE_COLOUR('',#15246);
#16279 = CURVE_STYLE('',#16280,POSITIVE_LENGTH_MEASURE(0.1),#15246);
#16280 = DRAUGHTING_PRE_DEFINED_CURVE_FONT('continuous');
#16281 = STYLED_ITEM('color',(#16282),#12157);
#16282 = PRESENTATION_STYLE_ASSIGNMENT((#16283,#16288));
#16283 = SURFACE_STYLE_USAGE(.BOTH.,#16284);
#16284 = SURFACE_SIDE_STYLE('',(#16285));
#16285 = SURFACE_STYLE_FILL_AREA(#16286);
#16286 = FILL_AREA_STYLE('',(#16287));
#16287 = FILL_AREA_STYLE_COLOUR('',#15246);
#16288 = CURVE_STYLE('',#16289,POSITIVE_LENGTH_MEASURE(0.1),#15246);
#16289 = DRAUGHTING_PRE_DEFINED_CURVE_FONT('continuous');
#16290 = STYLED_ITEM('color',(#16291),#12176);
#16291 = PRESENTATION_STYLE_ASSIGNMENT((#16292,#16297));
#16292 = SURFACE_STYLE_USAGE(.BOTH.,#16293);
#16293 = SURFACE_SIDE_STYLE('',(#16294));
#16294 = SURFACE_STYLE_FILL_AREA(#16295);
#16295 = FILL_AREA_STYLE('',(#16296));
#16296 = FILL_AREA_STYLE_COLOUR('',#15612);
#16297 = CURVE_STYLE('',#16298,POSITIVE_LENGTH_MEASURE(0.1),#15612);
#16298 = DRAUGHTING_PRE_DEFINED_CURVE_FONT('continuous');
#16299 = STYLED_ITEM('color',(#16300),#12222);
#16300 = PRESENTATION_STYLE_ASSIGNMENT((#16301,#16306));
#16301 = SURFACE_STYLE_USAGE(.BOTH.,#16302);
#16302 = SURFACE_SIDE_STYLE('',(#16303));
#16303 = SURFACE_STYLE_FILL_AREA(#16304);
#16304 = FILL_AREA_STYLE('',(#16305));
#16305 = FILL_AREA_STYLE_COLOUR('',#15612);
#16306 = CURVE_STYLE('',#16307,POSITIVE_LENGTH_MEASURE(0.1),#15612);
#16307 = DRAUGHTING_PRE_DEFINED_CURVE_FONT('continuous');
#16308 = STYLED_ITEM('color',(#16309),#12238);
#16309 = PRESENTATION_STYLE_ASSIGNMENT((#16310,#16315));
#16310 = SURFACE_STYLE_USAGE(.BOTH.,#16311);
#16311 = SURFACE_SIDE_STYLE('',(#16312));
#16312 = SURFACE_STYLE_FILL_AREA(#16313);
#16313 = FILL_AREA_STYLE('',(#16314));
#16314 = FILL_AREA_STYLE_COLOUR('',#15246);
#16315 = CURVE_STYLE('',#16316,POSITIVE_LENGTH_MEASURE(0.1),#15246);
#16316 = DRAUGHTING_PRE_DEFINED_CURVE_FONT('continuous');
#16317 = STYLED_ITEM('color',(#16318),#12257);
#16318 = PRESENTATION_STYLE_ASSIGNMENT((#16319,#16324));
#16319 = SURFACE_STYLE_USAGE(.BOTH.,#16320);
#16320 = SURFACE_SIDE_STYLE('',(#16321));
#16321 = SURFACE_STYLE_FILL_AREA(#16322);
#16322 = FILL_AREA_STYLE('',(#16323));
#16323 = FILL_AREA_STYLE_COLOUR('',#15246);
#16324 = CURVE_STYLE('',#16325,POSITIVE_LENGTH_MEASURE(0.1),#15246);
#16325 = DRAUGHTING_PRE_DEFINED_CURVE_FONT('continuous');
#16326 = STYLED_ITEM('color',(#16327),#12276);
#16327 = PRESENTATION_STYLE_ASSIGNMENT((#16328,#16333));
#16328 = SURFACE_STYLE_USAGE(.BOTH.,#16329);
#16329 = SURFACE_SIDE_STYLE('',(#16330));
#16330 = SURFACE_STYLE_FILL_AREA(#16331);
#16331 = FILL_AREA_STYLE('',(#16332));
#16332 = FILL_AREA_STYLE_COLOUR('',#15246);
#16333 = CURVE_STYLE('',#16334,POSITIVE_LENGTH_MEASURE(0.1),#15246);
#16334 = DRAUGHTING_PRE_DEFINED_CURVE_FONT('continuous');
#16335 = STYLED_ITEM('color',(#16336),#12295);
#16336 = PRESENTATION_STYLE_ASSIGNMENT((#16337,#16342));
#16337 = SURFACE_STYLE_USAGE(.BOTH.,#16338);
#16338 = SURFACE_SIDE_STYLE('',(#16339));
#16339 = SURFACE_STYLE_FILL_AREA(#16340);
#16340 = FILL_AREA_STYLE('',(#16341));
#16341 = FILL_AREA_STYLE_COLOUR('',#15612);
#16342 = CURVE_STYLE('',#16343,POSITIVE_LENGTH_MEASURE(0.1),#15612);
#16343 = DRAUGHTING_PRE_DEFINED_CURVE_FONT('continuous');
#16344 = STYLED_ITEM('color',(#16345),#12311);
#16345 = PRESENTATION_STYLE_ASSIGNMENT((#16346,#16351));
#16346 = SURFACE_STYLE_USAGE(.BOTH.,#16347);
#16347 = SURFACE_SIDE_STYLE('',(#16348));
#16348 = SURFACE_STYLE_FILL_AREA(#16349);
#16349 = FILL_AREA_STYLE('',(#16350));
#16350 = FILL_AREA_STYLE_COLOUR('',#15246);
#16351 = CURVE_STYLE('',#16352,POSITIVE_LENGTH_MEASURE(0.1),#15246);
#16352 = DRAUGHTING_PRE_DEFINED_CURVE_FONT('continuous');
#16353 = STYLED_ITEM('color',(#16354),#12328);
#16354 = PRESENTATION_STYLE_ASSIGNMENT((#16355,#16360));
#16355 = SURFACE_STYLE_USAGE(.BOTH.,#16356);
#16356 = SURFACE_SIDE_STYLE('',(#16357));
#16357 = SURFACE_STYLE_FILL_AREA(#16358);
#16358 = FILL_AREA_STYLE('',(#16359));
#16359 = FILL_AREA_STYLE_COLOUR('',#15612);
#16360 = CURVE_STYLE('',#16361,POSITIVE_LENGTH_MEASURE(0.1),#15612);
#16361 = DRAUGHTING_PRE_DEFINED_CURVE_FONT('continuous');
#16362 = STYLED_ITEM('color',(#16363),#12340);
#16363 = PRESENTATION_STYLE_ASSIGNMENT((#16364,#16369));
#16364 = SURFACE_STYLE_USAGE(.BOTH.,#16365);
#16365 = SURFACE_SIDE_STYLE('',(#16366));
#16366 = SURFACE_STYLE_FILL_AREA(#16367);
#16367 = FILL_AREA_STYLE('',(#16368));
#16368 = FILL_AREA_STYLE_COLOUR('',#15246);
#16369 = CURVE_STYLE('',#16370,POSITIVE_LENGTH_MEASURE(0.1),#15246);
#16370 = DRAUGHTING_PRE_DEFINED_CURVE_FONT('continuous');
#16371 = STYLED_ITEM('color',(#16372),#12357);
#16372 = PRESENTATION_STYLE_ASSIGNMENT((#16373,#16378));
#16373 = SURFACE_STYLE_USAGE(.BOTH.,#16374);
#16374 = SURFACE_SIDE_STYLE('',(#16375));
#16375 = SURFACE_STYLE_FILL_AREA(#16376);
#16376 = FILL_AREA_STYLE('',(#16377));
#16377 = FILL_AREA_STYLE_COLOUR('',#15246);
#16378 = CURVE_STYLE('',#16379,POSITIVE_LENGTH_MEASURE(0.1),#15246);
#16379 = DRAUGHTING_PRE_DEFINED_CURVE_FONT('continuous');
#16380 = STYLED_ITEM('color',(#16381),#12374);
#16381 = PRESENTATION_STYLE_ASSIGNMENT((#16382,#16387));
#16382 = SURFACE_STYLE_USAGE(.BOTH.,#16383);
#16383 = SURFACE_SIDE_STYLE('',(#16384));
#16384 = SURFACE_STYLE_FILL_AREA(#16385);
#16385 = FILL_AREA_STYLE('',(#16386));
#16386 = FILL_AREA_STYLE_COLOUR('',#15246);
#16387 = CURVE_STYLE('',#16388,POSITIVE_LENGTH_MEASURE(0.1),#15246);
#16388 = DRAUGHTING_PRE_DEFINED_CURVE_FONT('continuous');
#16389 = STYLED_ITEM('color',(#16390),#12391);
#16390 = PRESENTATION_STYLE_ASSIGNMENT((#16391,#16396));
#16391 = SURFACE_STYLE_USAGE(.BOTH.,#16392);
#16392 = SURFACE_SIDE_STYLE('',(#16393));
#16393 = SURFACE_STYLE_FILL_AREA(#16394);
#16394 = FILL_AREA_STYLE('',(#16395));
#16395 = FILL_AREA_STYLE_COLOUR('',#15246);
#16396 = CURVE_STYLE('',#16397,POSITIVE_LENGTH_MEASURE(0.1),#15246);
#16397 = DRAUGHTING_PRE_DEFINED_CURVE_FONT('continuous');
#16398 = STYLED_ITEM('color',(#16399),#12408);
#16399 = PRESENTATION_STYLE_ASSIGNMENT((#16400,#16405));
#16400 = SURFACE_STYLE_USAGE(.BOTH.,#16401);
#16401 = SURFACE_SIDE_STYLE('',(#16402));
#16402 = SURFACE_STYLE_FILL_AREA(#16403);
#16403 = FILL_AREA_STYLE('',(#16404));
#16404 = FILL_AREA_STYLE_COLOUR('',#15246);
#16405 = CURVE_STYLE('',#16406,POSITIVE_LENGTH_MEASURE(0.1),#15246);
#16406 = DRAUGHTING_PRE_DEFINED_CURVE_FONT('continuous');
#16407 = STYLED_ITEM('color',(#16408),#12425);
#16408 = PRESENTATION_STYLE_ASSIGNMENT((#16409,#16414));
#16409 = SURFACE_STYLE_USAGE(.BOTH.,#16410);
#16410 = SURFACE_SIDE_STYLE('',(#16411));
#16411 = SURFACE_STYLE_FILL_AREA(#16412);
#16412 = FILL_AREA_STYLE('',(#16413));
#16413 = FILL_AREA_STYLE_COLOUR('',#15246);
#16414 = CURVE_STYLE('',#16415,POSITIVE_LENGTH_MEASURE(0.1),#15246);
#16415 = DRAUGHTING_PRE_DEFINED_CURVE_FONT('continuous');
#16416 = STYLED_ITEM('color',(#16417),#12442);
#16417 = PRESENTATION_STYLE_ASSIGNMENT((#16418,#16423));
#16418 = SURFACE_STYLE_USAGE(.BOTH.,#16419);
#16419 = SURFACE_SIDE_STYLE('',(#16420));
#16420 = SURFACE_STYLE_FILL_AREA(#16421);
#16421 = FILL_AREA_STYLE('',(#16422));
#16422 = FILL_AREA_STYLE_COLOUR('',#15246);
#16423 = CURVE_STYLE('',#16424,POSITIVE_LENGTH_MEASURE(0.1),#15246);
#16424 = DRAUGHTING_PRE_DEFINED_CURVE_FONT('continuous');
#16425 = STYLED_ITEM('color',(#16426),#12459);
#16426 = PRESENTATION_STYLE_ASSIGNMENT((#16427,#16432));
#16427 = SURFACE_STYLE_USAGE(.BOTH.,#16428);
#16428 = SURFACE_SIDE_STYLE('',(#16429));
#16429 = SURFACE_STYLE_FILL_AREA(#16430);
#16430 = FILL_AREA_STYLE('',(#16431));
#16431 = FILL_AREA_STYLE_COLOUR('',#15246);
#16432 = CURVE_STYLE('',#16433,POSITIVE_LENGTH_MEASURE(0.1),#15246);
#16433 = DRAUGHTING_PRE_DEFINED_CURVE_FONT('continuous');
#16434 = STYLED_ITEM('color',(#16435),#12471);
#16435 = PRESENTATION_STYLE_ASSIGNMENT((#16436,#16441));
#16436 = SURFACE_STYLE_USAGE(.BOTH.,#16437);
#16437 = SURFACE_SIDE_STYLE('',(#16438));
#16438 = SURFACE_STYLE_FILL_AREA(#16439);
#16439 = FILL_AREA_STYLE('',(#16440));
#16440 = FILL_AREA_STYLE_COLOUR('',#15246);
#16441 = CURVE_STYLE('',#16442,POSITIVE_LENGTH_MEASURE(0.1),#15246);
#16442 = DRAUGHTING_PRE_DEFINED_CURVE_FONT('continuous');
#16443 = STYLED_ITEM('color',(#16444),#12488);
#16444 = PRESENTATION_STYLE_ASSIGNMENT((#16445,#16450));
#16445 = SURFACE_STYLE_USAGE(.BOTH.,#16446);
#16446 = SURFACE_SIDE_STYLE('',(#16447));
#16447 = SURFACE_STYLE_FILL_AREA(#16448);
#16448 = FILL_AREA_STYLE('',(#16449));
#16449 = FILL_AREA_STYLE_COLOUR('',#15246);
#16450 = CURVE_STYLE('',#16451,POSITIVE_LENGTH_MEASURE(0.1),#15246);
#16451 = DRAUGHTING_PRE_DEFINED_CURVE_FONT('continuous');
#16452 = STYLED_ITEM('color',(#16453),#12505);
#16453 = PRESENTATION_STYLE_ASSIGNMENT((#16454,#16459));
#16454 = SURFACE_STYLE_USAGE(.BOTH.,#16455);
#16455 = SURFACE_SIDE_STYLE('',(#16456));
#16456 = SURFACE_STYLE_FILL_AREA(#16457);
#16457 = FILL_AREA_STYLE('',(#16458));
#16458 = FILL_AREA_STYLE_COLOUR('',#15246);
#16459 = CURVE_STYLE('',#16460,POSITIVE_LENGTH_MEASURE(0.1),#15246);
#16460 = DRAUGHTING_PRE_DEFINED_CURVE_FONT('continuous');
#16461 = STYLED_ITEM('color',(#16462),#12522);
#16462 = PRESENTATION_STYLE_ASSIGNMENT((#16463,#16468));
#16463 = SURFACE_STYLE_USAGE(.BOTH.,#16464);
#16464 = SURFACE_SIDE_STYLE('',(#16465));
#16465 = SURFACE_STYLE_FILL_AREA(#16466);
#16466 = FILL_AREA_STYLE('',(#16467));
#16467 = FILL_AREA_STYLE_COLOUR('',#15246);
#16468 = CURVE_STYLE('',#16469,POSITIVE_LENGTH_MEASURE(0.1),#15246);
#16469 = DRAUGHTING_PRE_DEFINED_CURVE_FONT('continuous');
#16470 = STYLED_ITEM('color',(#16471),#12539);
#16471 = PRESENTATION_STYLE_ASSIGNMENT((#16472,#16477));
#16472 = SURFACE_STYLE_USAGE(.BOTH.,#16473);
#16473 = SURFACE_SIDE_STYLE('',(#16474));
#16474 = SURFACE_STYLE_FILL_AREA(#16475);
#16475 = FILL_AREA_STYLE('',(#16476));
#16476 = FILL_AREA_STYLE_COLOUR('',#15246);
#16477 = CURVE_STYLE('',#16478,POSITIVE_LENGTH_MEASURE(0.1),#15246);
#16478 = DRAUGHTING_PRE_DEFINED_CURVE_FONT('continuous');
#16479 = STYLED_ITEM('color',(#16480),#12556);
#16480 = PRESENTATION_STYLE_ASSIGNMENT((#16481,#16486));
#16481 = SURFACE_STYLE_USAGE(.BOTH.,#16482);
#16482 = SURFACE_SIDE_STYLE('',(#16483));
#16483 = SURFACE_STYLE_FILL_AREA(#16484);
#16484 = FILL_AREA_STYLE('',(#16485));
#16485 = FILL_AREA_STYLE_COLOUR('',#15246);
#16486 = CURVE_STYLE('',#16487,POSITIVE_LENGTH_MEASURE(0.1),#15246);
#16487 = DRAUGHTING_PRE_DEFINED_CURVE_FONT('continuous');
#16488 = STYLED_ITEM('color',(#16489),#12573);
#16489 = PRESENTATION_STYLE_ASSIGNMENT((#16490,#16495));
#16490 = SURFACE_STYLE_USAGE(.BOTH.,#16491);
#16491 = SURFACE_SIDE_STYLE('',(#16492));
#16492 = SURFACE_STYLE_FILL_AREA(#16493);
#16493 = FILL_AREA_STYLE('',(#16494));
#16494 = FILL_AREA_STYLE_COLOUR('',#15246);
#16495 = CURVE_STYLE('',#16496,POSITIVE_LENGTH_MEASURE(0.1),#15246);
#16496 = DRAUGHTING_PRE_DEFINED_CURVE_FONT('continuous');
#16497 = STYLED_ITEM('color',(#16498),#12590);
#16498 = PRESENTATION_STYLE_ASSIGNMENT((#16499,#16504));
#16499 = SURFACE_STYLE_USAGE(.BOTH.,#16500);
#16500 = SURFACE_SIDE_STYLE('',(#16501));
#16501 = SURFACE_STYLE_FILL_AREA(#16502);
#16502 = FILL_AREA_STYLE('',(#16503));
#16503 = FILL_AREA_STYLE_COLOUR('',#15246);
#16504 = CURVE_STYLE('',#16505,POSITIVE_LENGTH_MEASURE(0.1),#15246);
#16505 = DRAUGHTING_PRE_DEFINED_CURVE_FONT('continuous');
#16506 = STYLED_ITEM('color',(#16507),#12602);
#16507 = PRESENTATION_STYLE_ASSIGNMENT((#16508,#16513));
#16508 = SURFACE_STYLE_USAGE(.BOTH.,#16509);
#16509 = SURFACE_SIDE_STYLE('',(#16510));
#16510 = SURFACE_STYLE_FILL_AREA(#16511);
#16511 = FILL_AREA_STYLE('',(#16512));
#16512 = FILL_AREA_STYLE_COLOUR('',#15246);
#16513 = CURVE_STYLE('',#16514,POSITIVE_LENGTH_MEASURE(0.1),#15246);
#16514 = DRAUGHTING_PRE_DEFINED_CURVE_FONT('continuous');
#16515 = STYLED_ITEM('color',(#16516),#12619);
#16516 = PRESENTATION_STYLE_ASSIGNMENT((#16517,#16522));
#16517 = SURFACE_STYLE_USAGE(.BOTH.,#16518);
#16518 = SURFACE_SIDE_STYLE('',(#16519));
#16519 = SURFACE_STYLE_FILL_AREA(#16520);
#16520 = FILL_AREA_STYLE('',(#16521));
#16521 = FILL_AREA_STYLE_COLOUR('',#15246);
#16522 = CURVE_STYLE('',#16523,POSITIVE_LENGTH_MEASURE(0.1),#15246);
#16523 = DRAUGHTING_PRE_DEFINED_CURVE_FONT('continuous');
#16524 = STYLED_ITEM('color',(#16525),#12636);
#16525 = PRESENTATION_STYLE_ASSIGNMENT((#16526,#16531));
#16526 = SURFACE_STYLE_USAGE(.BOTH.,#16527);
#16527 = SURFACE_SIDE_STYLE('',(#16528));
#16528 = SURFACE_STYLE_FILL_AREA(#16529);
#16529 = FILL_AREA_STYLE('',(#16530));
#16530 = FILL_AREA_STYLE_COLOUR('',#15246);
#16531 = CURVE_STYLE('',#16532,POSITIVE_LENGTH_MEASURE(0.1),#15246);
#16532 = DRAUGHTING_PRE_DEFINED_CURVE_FONT('continuous');
#16533 = STYLED_ITEM('color',(#16534),#12653);
#16534 = PRESENTATION_STYLE_ASSIGNMENT((#16535,#16540));
#16535 = SURFACE_STYLE_USAGE(.BOTH.,#16536);
#16536 = SURFACE_SIDE_STYLE('',(#16537));
#16537 = SURFACE_STYLE_FILL_AREA(#16538);
#16538 = FILL_AREA_STYLE('',(#16539));
#16539 = FILL_AREA_STYLE_COLOUR('',#15246);
#16540 = CURVE_STYLE('',#16541,POSITIVE_LENGTH_MEASURE(0.1),#15246);
#16541 = DRAUGHTING_PRE_DEFINED_CURVE_FONT('continuous');
#16542 = STYLED_ITEM('color',(#16543),#12670);
#16543 = PRESENTATION_STYLE_ASSIGNMENT((#16544,#16549));
#16544 = SURFACE_STYLE_USAGE(.BOTH.,#16545);
#16545 = SURFACE_SIDE_STYLE('',(#16546));
#16546 = SURFACE_STYLE_FILL_AREA(#16547);
#16547 = FILL_AREA_STYLE('',(#16548));
#16548 = FILL_AREA_STYLE_COLOUR('',#15246);
#16549 = CURVE_STYLE('',#16550,POSITIVE_LENGTH_MEASURE(0.1),#15246);
#16550 = DRAUGHTING_PRE_DEFINED_CURVE_FONT('continuous');
#16551 = STYLED_ITEM('color',(#16552),#12687);
#16552 = PRESENTATION_STYLE_ASSIGNMENT((#16553,#16558));
#16553 = SURFACE_STYLE_USAGE(.BOTH.,#16554);
#16554 = SURFACE_SIDE_STYLE('',(#16555));
#16555 = SURFACE_STYLE_FILL_AREA(#16556);
#16556 = FILL_AREA_STYLE('',(#16557));
#16557 = FILL_AREA_STYLE_COLOUR('',#15246);
#16558 = CURVE_STYLE('',#16559,POSITIVE_LENGTH_MEASURE(0.1),#15246);
#16559 = DRAUGHTING_PRE_DEFINED_CURVE_FONT('continuous');
#16560 = STYLED_ITEM('color',(#16561),#12704);
#16561 = PRESENTATION_STYLE_ASSIGNMENT((#16562,#16567));
#16562 = SURFACE_STYLE_USAGE(.BOTH.,#16563);
#16563 = SURFACE_SIDE_STYLE('',(#16564));
#16564 = SURFACE_STYLE_FILL_AREA(#16565);
#16565 = FILL_AREA_STYLE('',(#16566));
#16566 = FILL_AREA_STYLE_COLOUR('',#15246);
#16567 = CURVE_STYLE('',#16568,POSITIVE_LENGTH_MEASURE(0.1),#15246);
#16568 = DRAUGHTING_PRE_DEFINED_CURVE_FONT('continuous');
#16569 = STYLED_ITEM('color',(#16570),#12721);
#16570 = PRESENTATION_STYLE_ASSIGNMENT((#16571,#16576));
#16571 = SURFACE_STYLE_USAGE(.BOTH.,#16572);
#16572 = SURFACE_SIDE_STYLE('',(#16573));
#16573 = SURFACE_STYLE_FILL_AREA(#16574);
#16574 = FILL_AREA_STYLE('',(#16575));
#16575 = FILL_AREA_STYLE_COLOUR('',#15246);
#16576 = CURVE_STYLE('',#16577,POSITIVE_LENGTH_MEASURE(0.1),#15246);
#16577 = DRAUGHTING_PRE_DEFINED_CURVE_FONT('continuous');
#16578 = STYLED_ITEM('color',(#16579),#12733);
#16579 = PRESENTATION_STYLE_ASSIGNMENT((#16580,#16585));
#16580 = SURFACE_STYLE_USAGE(.BOTH.,#16581);
#16581 = SURFACE_SIDE_STYLE('',(#16582));
#16582 = SURFACE_STYLE_FILL_AREA(#16583);
#16583 = FILL_AREA_STYLE('',(#16584));
#16584 = FILL_AREA_STYLE_COLOUR('',#15246);
#16585 = CURVE_STYLE('',#16586,POSITIVE_LENGTH_MEASURE(0.1),#15246);
#16586 = DRAUGHTING_PRE_DEFINED_CURVE_FONT('continuous');
#16587 = STYLED_ITEM('color',(#16588),#12750);
#16588 = PRESENTATION_STYLE_ASSIGNMENT((#16589,#16594));
#16589 = SURFACE_STYLE_USAGE(.BOTH.,#16590);
#16590 = SURFACE_SIDE_STYLE('',(#16591));
#16591 = SURFACE_STYLE_FILL_AREA(#16592);
#16592 = FILL_AREA_STYLE('',(#16593));
#16593 = FILL_AREA_STYLE_COLOUR('',#15246);
#16594 = CURVE_STYLE('',#16595,POSITIVE_LENGTH_MEASURE(0.1),#15246);
#16595 = DRAUGHTING_PRE_DEFINED_CURVE_FONT('continuous');
#16596 = STYLED_ITEM('color',(#16597),#12767);
#16597 = PRESENTATION_STYLE_ASSIGNMENT((#16598,#16603));
#16598 = SURFACE_STYLE_USAGE(.BOTH.,#16599);
#16599 = SURFACE_SIDE_STYLE('',(#16600));
#16600 = SURFACE_STYLE_FILL_AREA(#16601);
#16601 = FILL_AREA_STYLE('',(#16602));
#16602 = FILL_AREA_STYLE_COLOUR('',#15246);
#16603 = CURVE_STYLE('',#16604,POSITIVE_LENGTH_MEASURE(0.1),#15246);
#16604 = DRAUGHTING_PRE_DEFINED_CURVE_FONT('continuous');
#16605 = STYLED_ITEM('color',(#16606),#12784);
#16606 = PRESENTATION_STYLE_ASSIGNMENT((#16607,#16612));
#16607 = SURFACE_STYLE_USAGE(.BOTH.,#16608);
#16608 = SURFACE_SIDE_STYLE('',(#16609));
#16609 = SURFACE_STYLE_FILL_AREA(#16610);
#16610 = FILL_AREA_STYLE('',(#16611));
#16611 = FILL_AREA_STYLE_COLOUR('',#15246);
#16612 = CURVE_STYLE('',#16613,POSITIVE_LENGTH_MEASURE(0.1),#15246);
#16613 = DRAUGHTING_PRE_DEFINED_CURVE_FONT('continuous');
#16614 = STYLED_ITEM('color',(#16615),#12801);
#16615 = PRESENTATION_STYLE_ASSIGNMENT((#16616,#16621));
#16616 = SURFACE_STYLE_USAGE(.BOTH.,#16617);
#16617 = SURFACE_SIDE_STYLE('',(#16618));
#16618 = SURFACE_STYLE_FILL_AREA(#16619);
#16619 = FILL_AREA_STYLE('',(#16620));
#16620 = FILL_AREA_STYLE_COLOUR('',#15246);
#16621 = CURVE_STYLE('',#16622,POSITIVE_LENGTH_MEASURE(0.1),#15246);
#16622 = DRAUGHTING_PRE_DEFINED_CURVE_FONT('continuous');
#16623 = STYLED_ITEM('color',(#16624),#12818);
#16624 = PRESENTATION_STYLE_ASSIGNMENT((#16625,#16630));
#16625 = SURFACE_STYLE_USAGE(.BOTH.,#16626);
#16626 = SURFACE_SIDE_STYLE('',(#16627));
#16627 = SURFACE_STYLE_FILL_AREA(#16628);
#16628 = FILL_AREA_STYLE('',(#16629));
#16629 = FILL_AREA_STYLE_COLOUR('',#15246);
#16630 = CURVE_STYLE('',#16631,POSITIVE_LENGTH_MEASURE(0.1),#15246);
#16631 = DRAUGHTING_PRE_DEFINED_CURVE_FONT('continuous');
#16632 = STYLED_ITEM('color',(#16633),#12835);
#16633 = PRESENTATION_STYLE_ASSIGNMENT((#16634,#16639));
#16634 = SURFACE_STYLE_USAGE(.BOTH.,#16635);
#16635 = SURFACE_SIDE_STYLE('',(#16636));
#16636 = SURFACE_STYLE_FILL_AREA(#16637);
#16637 = FILL_AREA_STYLE('',(#16638));
#16638 = FILL_AREA_STYLE_COLOUR('',#15246);
#16639 = CURVE_STYLE('',#16640,POSITIVE_LENGTH_MEASURE(0.1),#15246);
#16640 = DRAUGHTING_PRE_DEFINED_CURVE_FONT('continuous');
#16641 = STYLED_ITEM('color',(#16642),#12847);
#16642 = PRESENTATION_STYLE_ASSIGNMENT((#16643,#16648));
#16643 = SURFACE_STYLE_USAGE(.BOTH.,#16644);
#16644 = SURFACE_SIDE_STYLE('',(#16645));
#16645 = SURFACE_STYLE_FILL_AREA(#16646);
#16646 = FILL_AREA_STYLE('',(#16647));
#16647 = FILL_AREA_STYLE_COLOUR('',#15246);
#16648 = CURVE_STYLE('',#16649,POSITIVE_LENGTH_MEASURE(0.1),#15246);
#16649 = DRAUGHTING_PRE_DEFINED_CURVE_FONT('continuous');
#16650 = STYLED_ITEM('color',(#16651),#12864);
#16651 = PRESENTATION_STYLE_ASSIGNMENT((#16652,#16657));
#16652 = SURFACE_STYLE_USAGE(.BOTH.,#16653);
#16653 = SURFACE_SIDE_STYLE('',(#16654));
#16654 = SURFACE_STYLE_FILL_AREA(#16655);
#16655 = FILL_AREA_STYLE('',(#16656));
#16656 = FILL_AREA_STYLE_COLOUR('',#15246);
#16657 = CURVE_STYLE('',#16658,POSITIVE_LENGTH_MEASURE(0.1),#15246);
#16658 = DRAUGHTING_PRE_DEFINED_CURVE_FONT('continuous');
#16659 = STYLED_ITEM('color',(#16660),#12881);
#16660 = PRESENTATION_STYLE_ASSIGNMENT((#16661,#16666));
#16661 = SURFACE_STYLE_USAGE(.BOTH.,#16662);
#16662 = SURFACE_SIDE_STYLE('',(#16663));
#16663 = SURFACE_STYLE_FILL_AREA(#16664);
#16664 = FILL_AREA_STYLE('',(#16665));
#16665 = FILL_AREA_STYLE_COLOUR('',#15246);
#16666 = CURVE_STYLE('',#16667,POSITIVE_LENGTH_MEASURE(0.1),#15246);
#16667 = DRAUGHTING_PRE_DEFINED_CURVE_FONT('continuous');
#16668 = STYLED_ITEM('color',(#16669),#12898);
#16669 = PRESENTATION_STYLE_ASSIGNMENT((#16670,#16675));
#16670 = SURFACE_STYLE_USAGE(.BOTH.,#16671);
#16671 = SURFACE_SIDE_STYLE('',(#16672));
#16672 = SURFACE_STYLE_FILL_AREA(#16673);
#16673 = FILL_AREA_STYLE('',(#16674));
#16674 = FILL_AREA_STYLE_COLOUR('',#15246);
#16675 = CURVE_STYLE('',#16676,POSITIVE_LENGTH_MEASURE(0.1),#15246);
#16676 = DRAUGHTING_PRE_DEFINED_CURVE_FONT('continuous');
#16677 = STYLED_ITEM('color',(#16678),#12915);
#16678 = PRESENTATION_STYLE_ASSIGNMENT((#16679,#16684));
#16679 = SURFACE_STYLE_USAGE(.BOTH.,#16680);
#16680 = SURFACE_SIDE_STYLE('',(#16681));
#16681 = SURFACE_STYLE_FILL_AREA(#16682);
#16682 = FILL_AREA_STYLE('',(#16683));
#16683 = FILL_AREA_STYLE_COLOUR('',#15246);
#16684 = CURVE_STYLE('',#16685,POSITIVE_LENGTH_MEASURE(0.1),#15246);
#16685 = DRAUGHTING_PRE_DEFINED_CURVE_FONT('continuous');
#16686 = STYLED_ITEM('color',(#16687),#12932);
#16687 = PRESENTATION_STYLE_ASSIGNMENT((#16688,#16693));
#16688 = SURFACE_STYLE_USAGE(.BOTH.,#16689);
#16689 = SURFACE_SIDE_STYLE('',(#16690));
#16690 = SURFACE_STYLE_FILL_AREA(#16691);
#16691 = FILL_AREA_STYLE('',(#16692));
#16692 = FILL_AREA_STYLE_COLOUR('',#15246);
#16693 = CURVE_STYLE('',#16694,POSITIVE_LENGTH_MEASURE(0.1),#15246);
#16694 = DRAUGHTING_PRE_DEFINED_CURVE_FONT('continuous');
#16695 = STYLED_ITEM('color',(#16696),#12949);
#16696 = PRESENTATION_STYLE_ASSIGNMENT((#16697,#16702));
#16697 = SURFACE_STYLE_USAGE(.BOTH.,#16698);
#16698 = SURFACE_SIDE_STYLE('',(#16699));
#16699 = SURFACE_STYLE_FILL_AREA(#16700);
#16700 = FILL_AREA_STYLE('',(#16701));
#16701 = FILL_AREA_STYLE_COLOUR('',#15246);
#16702 = CURVE_STYLE('',#16703,POSITIVE_LENGTH_MEASURE(0.1),#15246);
#16703 = DRAUGHTING_PRE_DEFINED_CURVE_FONT('continuous');
#16704 = STYLED_ITEM('color',(#16705),#12961);
#16705 = PRESENTATION_STYLE_ASSIGNMENT((#16706,#16711));
#16706 = SURFACE_STYLE_USAGE(.BOTH.,#16707);
#16707 = SURFACE_SIDE_STYLE('',(#16708));
#16708 = SURFACE_STYLE_FILL_AREA(#16709);
#16709 = FILL_AREA_STYLE('',(#16710));
#16710 = FILL_AREA_STYLE_COLOUR('',#15246);
#16711 = CURVE_STYLE('',#16712,POSITIVE_LENGTH_MEASURE(0.1),#15246);
#16712 = DRAUGHTING_PRE_DEFINED_CURVE_FONT('continuous');
#16713 = STYLED_ITEM('color',(#16714),#12978);
#16714 = PRESENTATION_STYLE_ASSIGNMENT((#16715,#16720));
#16715 = SURFACE_STYLE_USAGE(.BOTH.,#16716);
#16716 = SURFACE_SIDE_STYLE('',(#16717));
#16717 = SURFACE_STYLE_FILL_AREA(#16718);
#16718 = FILL_AREA_STYLE('',(#16719));
#16719 = FILL_AREA_STYLE_COLOUR('',#15246);
#16720 = CURVE_STYLE('',#16721,POSITIVE_LENGTH_MEASURE(0.1),#15246);
#16721 = DRAUGHTING_PRE_DEFINED_CURVE_FONT('continuous');
#16722 = STYLED_ITEM('color',(#16723),#12995);
#16723 = PRESENTATION_STYLE_ASSIGNMENT((#16724,#16729));
#16724 = SURFACE_STYLE_USAGE(.BOTH.,#16725);
#16725 = SURFACE_SIDE_STYLE('',(#16726));
#16726 = SURFACE_STYLE_FILL_AREA(#16727);
#16727 = FILL_AREA_STYLE('',(#16728));
#16728 = FILL_AREA_STYLE_COLOUR('',#15246);
#16729 = CURVE_STYLE('',#16730,POSITIVE_LENGTH_MEASURE(0.1),#15246);
#16730 = DRAUGHTING_PRE_DEFINED_CURVE_FONT('continuous');
#16731 = STYLED_ITEM('color',(#16732),#13012);
#16732 = PRESENTATION_STYLE_ASSIGNMENT((#16733,#16738));
#16733 = SURFACE_STYLE_USAGE(.BOTH.,#16734);
#16734 = SURFACE_SIDE_STYLE('',(#16735));
#16735 = SURFACE_STYLE_FILL_AREA(#16736);
#16736 = FILL_AREA_STYLE('',(#16737));
#16737 = FILL_AREA_STYLE_COLOUR('',#15246);
#16738 = CURVE_STYLE('',#16739,POSITIVE_LENGTH_MEASURE(0.1),#15246);
#16739 = DRAUGHTING_PRE_DEFINED_CURVE_FONT('continuous');
#16740 = STYLED_ITEM('color',(#16741),#13029);
#16741 = PRESENTATION_STYLE_ASSIGNMENT((#16742,#16747));
#16742 = SURFACE_STYLE_USAGE(.BOTH.,#16743);
#16743 = SURFACE_SIDE_STYLE('',(#16744));
#16744 = SURFACE_STYLE_FILL_AREA(#16745);
#16745 = FILL_AREA_STYLE('',(#16746));
#16746 = FILL_AREA_STYLE_COLOUR('',#15246);
#16747 = CURVE_STYLE('',#16748,POSITIVE_LENGTH_MEASURE(0.1),#15246);
#16748 = DRAUGHTING_PRE_DEFINED_CURVE_FONT('continuous');
#16749 = STYLED_ITEM('color',(#16750),#13046);
#16750 = PRESENTATION_STYLE_ASSIGNMENT((#16751,#16756));
#16751 = SURFACE_STYLE_USAGE(.BOTH.,#16752);
#16752 = SURFACE_SIDE_STYLE('',(#16753));
#16753 = SURFACE_STYLE_FILL_AREA(#16754);
#16754 = FILL_AREA_STYLE('',(#16755));
#16755 = FILL_AREA_STYLE_COLOUR('',#15246);
#16756 = CURVE_STYLE('',#16757,POSITIVE_LENGTH_MEASURE(0.1),#15246);
#16757 = DRAUGHTING_PRE_DEFINED_CURVE_FONT('continuous');
#16758 = STYLED_ITEM('color',(#16759),#13063);
#16759 = PRESENTATION_STYLE_ASSIGNMENT((#16760,#16765));
#16760 = SURFACE_STYLE_USAGE(.BOTH.,#16761);
#16761 = SURFACE_SIDE_STYLE('',(#16762));
#16762 = SURFACE_STYLE_FILL_AREA(#16763);
#16763 = FILL_AREA_STYLE('',(#16764));
#16764 = FILL_AREA_STYLE_COLOUR('',#15246);
#16765 = CURVE_STYLE('',#16766,POSITIVE_LENGTH_MEASURE(0.1),#15246);
#16766 = DRAUGHTING_PRE_DEFINED_CURVE_FONT('continuous');
#16767 = STYLED_ITEM('color',(#16768),#13080);
#16768 = PRESENTATION_STYLE_ASSIGNMENT((#16769,#16774));
#16769 = SURFACE_STYLE_USAGE(.BOTH.,#16770);
#16770 = SURFACE_SIDE_STYLE('',(#16771));
#16771 = SURFACE_STYLE_FILL_AREA(#16772);
#16772 = FILL_AREA_STYLE('',(#16773));
#16773 = FILL_AREA_STYLE_COLOUR('',#15246);
#16774 = CURVE_STYLE('',#16775,POSITIVE_LENGTH_MEASURE(0.1),#15246);
#16775 = DRAUGHTING_PRE_DEFINED_CURVE_FONT('continuous');
#16776 = STYLED_ITEM('color',(#16777),#13092);
#16777 = PRESENTATION_STYLE_ASSIGNMENT((#16778,#16783));
#16778 = SURFACE_STYLE_USAGE(.BOTH.,#16779);
#16779 = SURFACE_SIDE_STYLE('',(#16780));
#16780 = SURFACE_STYLE_FILL_AREA(#16781);
#16781 = FILL_AREA_STYLE('',(#16782));
#16782 = FILL_AREA_STYLE_COLOUR('',#15246);
#16783 = CURVE_STYLE('',#16784,POSITIVE_LENGTH_MEASURE(0.1),#15246);
#16784 = DRAUGHTING_PRE_DEFINED_CURVE_FONT('continuous');
#16785 = STYLED_ITEM('color',(#16786),#13109);
#16786 = PRESENTATION_STYLE_ASSIGNMENT((#16787,#16792));
#16787 = SURFACE_STYLE_USAGE(.BOTH.,#16788);
#16788 = SURFACE_SIDE_STYLE('',(#16789));
#16789 = SURFACE_STYLE_FILL_AREA(#16790);
#16790 = FILL_AREA_STYLE('',(#16791));
#16791 = FILL_AREA_STYLE_COLOUR('',#15246);
#16792 = CURVE_STYLE('',#16793,POSITIVE_LENGTH_MEASURE(0.1),#15246);
#16793 = DRAUGHTING_PRE_DEFINED_CURVE_FONT('continuous');
#16794 = STYLED_ITEM('color',(#16795),#13126);
#16795 = PRESENTATION_STYLE_ASSIGNMENT((#16796,#16801));
#16796 = SURFACE_STYLE_USAGE(.BOTH.,#16797);
#16797 = SURFACE_SIDE_STYLE('',(#16798));
#16798 = SURFACE_STYLE_FILL_AREA(#16799);
#16799 = FILL_AREA_STYLE('',(#16800));
#16800 = FILL_AREA_STYLE_COLOUR('',#15246);
#16801 = CURVE_STYLE('',#16802,POSITIVE_LENGTH_MEASURE(0.1),#15246);
#16802 = DRAUGHTING_PRE_DEFINED_CURVE_FONT('continuous');
#16803 = STYLED_ITEM('color',(#16804),#13143);
#16804 = PRESENTATION_STYLE_ASSIGNMENT((#16805,#16810));
#16805 = SURFACE_STYLE_USAGE(.BOTH.,#16806);
#16806 = SURFACE_SIDE_STYLE('',(#16807));
#16807 = SURFACE_STYLE_FILL_AREA(#16808);
#16808 = FILL_AREA_STYLE('',(#16809));
#16809 = FILL_AREA_STYLE_COLOUR('',#15246);
#16810 = CURVE_STYLE('',#16811,POSITIVE_LENGTH_MEASURE(0.1),#15246);
#16811 = DRAUGHTING_PRE_DEFINED_CURVE_FONT('continuous');
#16812 = STYLED_ITEM('color',(#16813),#13160);
#16813 = PRESENTATION_STYLE_ASSIGNMENT((#16814,#16819));
#16814 = SURFACE_STYLE_USAGE(.BOTH.,#16815);
#16815 = SURFACE_SIDE_STYLE('',(#16816));
#16816 = SURFACE_STYLE_FILL_AREA(#16817);
#16817 = FILL_AREA_STYLE('',(#16818));
#16818 = FILL_AREA_STYLE_COLOUR('',#15246);
#16819 = CURVE_STYLE('',#16820,POSITIVE_LENGTH_MEASURE(0.1),#15246);
#16820 = DRAUGHTING_PRE_DEFINED_CURVE_FONT('continuous');
#16821 = STYLED_ITEM('color',(#16822),#13177);
#16822 = PRESENTATION_STYLE_ASSIGNMENT((#16823,#16828));
#16823 = SURFACE_STYLE_USAGE(.BOTH.,#16824);
#16824 = SURFACE_SIDE_STYLE('',(#16825));
#16825 = SURFACE_STYLE_FILL_AREA(#16826);
#16826 = FILL_AREA_STYLE('',(#16827));
#16827 = FILL_AREA_STYLE_COLOUR('',#15246);
#16828 = CURVE_STYLE('',#16829,POSITIVE_LENGTH_MEASURE(0.1),#15246);
#16829 = DRAUGHTING_PRE_DEFINED_CURVE_FONT('continuous');
#16830 = STYLED_ITEM('color',(#16831),#13194);
#16831 = PRESENTATION_STYLE_ASSIGNMENT((#16832,#16837));
#16832 = SURFACE_STYLE_USAGE(.BOTH.,#16833);
#16833 = SURFACE_SIDE_STYLE('',(#16834));
#16834 = SURFACE_STYLE_FILL_AREA(#16835);
#16835 = FILL_AREA_STYLE('',(#16836));
#16836 = FILL_AREA_STYLE_COLOUR('',#15246);
#16837 = CURVE_STYLE('',#16838,POSITIVE_LENGTH_MEASURE(0.1),#15246);
#16838 = DRAUGHTING_PRE_DEFINED_CURVE_FONT('continuous');
#16839 = STYLED_ITEM('color',(#16840),#13211);
#16840 = PRESENTATION_STYLE_ASSIGNMENT((#16841,#16846));
#16841 = SURFACE_STYLE_USAGE(.BOTH.,#16842);
#16842 = SURFACE_SIDE_STYLE('',(#16843));
#16843 = SURFACE_STYLE_FILL_AREA(#16844);
#16844 = FILL_AREA_STYLE('',(#16845));
#16845 = FILL_AREA_STYLE_COLOUR('',#15246);
#16846 = CURVE_STYLE('',#16847,POSITIVE_LENGTH_MEASURE(0.1),#15246);
#16847 = DRAUGHTING_PRE_DEFINED_CURVE_FONT('continuous');
#16848 = STYLED_ITEM('color',(#16849),#13223);
#16849 = PRESENTATION_STYLE_ASSIGNMENT((#16850,#16855));
#16850 = SURFACE_STYLE_USAGE(.BOTH.,#16851);
#16851 = SURFACE_SIDE_STYLE('',(#16852));
#16852 = SURFACE_STYLE_FILL_AREA(#16853);
#16853 = FILL_AREA_STYLE('',(#16854));
#16854 = FILL_AREA_STYLE_COLOUR('',#15246);
#16855 = CURVE_STYLE('',#16856,POSITIVE_LENGTH_MEASURE(0.1),#15246);
#16856 = DRAUGHTING_PRE_DEFINED_CURVE_FONT('continuous');
#16857 = STYLED_ITEM('color',(#16858),#13240);
#16858 = PRESENTATION_STYLE_ASSIGNMENT((#16859,#16864));
#16859 = SURFACE_STYLE_USAGE(.BOTH.,#16860);
#16860 = SURFACE_SIDE_STYLE('',(#16861));
#16861 = SURFACE_STYLE_FILL_AREA(#16862);
#16862 = FILL_AREA_STYLE('',(#16863));
#16863 = FILL_AREA_STYLE_COLOUR('',#15246);
#16864 = CURVE_STYLE('',#16865,POSITIVE_LENGTH_MEASURE(0.1),#15246);
#16865 = DRAUGHTING_PRE_DEFINED_CURVE_FONT('continuous');
#16866 = STYLED_ITEM('color',(#16867),#13257);
#16867 = PRESENTATION_STYLE_ASSIGNMENT((#16868,#16873));
#16868 = SURFACE_STYLE_USAGE(.BOTH.,#16869);
#16869 = SURFACE_SIDE_STYLE('',(#16870));
#16870 = SURFACE_STYLE_FILL_AREA(#16871);
#16871 = FILL_AREA_STYLE('',(#16872));
#16872 = FILL_AREA_STYLE_COLOUR('',#15246);
#16873 = CURVE_STYLE('',#16874,POSITIVE_LENGTH_MEASURE(0.1),#15246);
#16874 = DRAUGHTING_PRE_DEFINED_CURVE_FONT('continuous');
#16875 = STYLED_ITEM('color',(#16876),#13274);
#16876 = PRESENTATION_STYLE_ASSIGNMENT((#16877,#16882));
#16877 = SURFACE_STYLE_USAGE(.BOTH.,#16878);
#16878 = SURFACE_SIDE_STYLE('',(#16879));
#16879 = SURFACE_STYLE_FILL_AREA(#16880);
#16880 = FILL_AREA_STYLE('',(#16881));
#16881 = FILL_AREA_STYLE_COLOUR('',#15246);
#16882 = CURVE_STYLE('',#16883,POSITIVE_LENGTH_MEASURE(0.1),#15246);
#16883 = DRAUGHTING_PRE_DEFINED_CURVE_FONT('continuous');
#16884 = STYLED_ITEM('color',(#16885),#13291);
#16885 = PRESENTATION_STYLE_ASSIGNMENT((#16886,#16891));
#16886 = SURFACE_STYLE_USAGE(.BOTH.,#16887);
#16887 = SURFACE_SIDE_STYLE('',(#16888));
#16888 = SURFACE_STYLE_FILL_AREA(#16889);
#16889 = FILL_AREA_STYLE('',(#16890));
#16890 = FILL_AREA_STYLE_COLOUR('',#15246);
#16891 = CURVE_STYLE('',#16892,POSITIVE_LENGTH_MEASURE(0.1),#15246);
#16892 = DRAUGHTING_PRE_DEFINED_CURVE_FONT('continuous');
#16893 = STYLED_ITEM('color',(#16894),#13308);
#16894 = PRESENTATION_STYLE_ASSIGNMENT((#16895,#16900));
#16895 = SURFACE_STYLE_USAGE(.BOTH.,#16896);
#16896 = SURFACE_SIDE_STYLE('',(#16897));
#16897 = SURFACE_STYLE_FILL_AREA(#16898);
#16898 = FILL_AREA_STYLE('',(#16899));
#16899 = FILL_AREA_STYLE_COLOUR('',#15246);
#16900 = CURVE_STYLE('',#16901,POSITIVE_LENGTH_MEASURE(0.1),#15246);
#16901 = DRAUGHTING_PRE_DEFINED_CURVE_FONT('continuous');
#16902 = STYLED_ITEM('color',(#16903),#13325);
#16903 = PRESENTATION_STYLE_ASSIGNMENT((#16904,#16909));
#16904 = SURFACE_STYLE_USAGE(.BOTH.,#16905);
#16905 = SURFACE_SIDE_STYLE('',(#16906));
#16906 = SURFACE_STYLE_FILL_AREA(#16907);
#16907 = FILL_AREA_STYLE('',(#16908));
#16908 = FILL_AREA_STYLE_COLOUR('',#15246);
#16909 = CURVE_STYLE('',#16910,POSITIVE_LENGTH_MEASURE(0.1),#15246);
#16910 = DRAUGHTING_PRE_DEFINED_CURVE_FONT('continuous');
#16911 = STYLED_ITEM('color',(#16912),#13342);
#16912 = PRESENTATION_STYLE_ASSIGNMENT((#16913,#16918));
#16913 = SURFACE_STYLE_USAGE(.BOTH.,#16914);
#16914 = SURFACE_SIDE_STYLE('',(#16915));
#16915 = SURFACE_STYLE_FILL_AREA(#16916);
#16916 = FILL_AREA_STYLE('',(#16917));
#16917 = FILL_AREA_STYLE_COLOUR('',#15246);
#16918 = CURVE_STYLE('',#16919,POSITIVE_LENGTH_MEASURE(0.1),#15246);
#16919 = DRAUGHTING_PRE_DEFINED_CURVE_FONT('continuous');
#16920 = STYLED_ITEM('color',(#16921),#13354);
#16921 = PRESENTATION_STYLE_ASSIGNMENT((#16922,#16928));
#16922 = SURFACE_STYLE_USAGE(.BOTH.,#16923);
#16923 = SURFACE_SIDE_STYLE('',(#16924));
#16924 = SURFACE_STYLE_FILL_AREA(#16925);
#16925 = FILL_AREA_STYLE('',(#16926));
#16926 = FILL_AREA_STYLE_COLOUR('',#16927);
#16927 = COLOUR_RGB('',0.690999998585,0.664000007176,0.597999987832);
#16928 = CURVE_STYLE('',#16929,POSITIVE_LENGTH_MEASURE(0.1),#16927);
#16929 = DRAUGHTING_PRE_DEFINED_CURVE_FONT('continuous');
#16930 = MECHANICAL_DESIGN_GEOMETRIC_PRESENTATION_REPRESENTATION('',(
    #16931,#16938,#16945,#16952,#16959,#16966,#16973,#16980,#16988,
    #16995,#17002,#17009,#17016,#17023,#17031,#17038,#17045,#17052,
    #17059,#17066,#17073,#17080,#17087,#17094,#17101,#17108),#14170);
#16931 = STYLED_ITEM('color',(#16932),#13382);
#16932 = PRESENTATION_STYLE_ASSIGNMENT((#16933));
#16933 = SURFACE_STYLE_USAGE(.BOTH.,#16934);
#16934 = SURFACE_SIDE_STYLE('',(#16935));
#16935 = SURFACE_STYLE_FILL_AREA(#16936);
#16936 = FILL_AREA_STYLE('',(#16937));
#16937 = FILL_AREA_STYLE_COLOUR('',#15246);
#16938 = STYLED_ITEM('color',(#16939),#13422);
#16939 = PRESENTATION_STYLE_ASSIGNMENT((#16940));
#16940 = SURFACE_STYLE_USAGE(.BOTH.,#16941);
#16941 = SURFACE_SIDE_STYLE('',(#16942));
#16942 = SURFACE_STYLE_FILL_AREA(#16943);
#16943 = FILL_AREA_STYLE('',(#16944));
#16944 = FILL_AREA_STYLE_COLOUR('',#15246);
#16945 = STYLED_ITEM('color',(#16946),#13505);
#16946 = PRESENTATION_STYLE_ASSIGNMENT((#16947));
#16947 = SURFACE_STYLE_USAGE(.BOTH.,#16948);
#16948 = SURFACE_SIDE_STYLE('',(#16949));
#16949 = SURFACE_STYLE_FILL_AREA(#16950);
#16950 = FILL_AREA_STYLE('',(#16951));
#16951 = FILL_AREA_STYLE_COLOUR('',#15246);
#16952 = STYLED_ITEM('color',(#16953),#13530);
#16953 = PRESENTATION_STYLE_ASSIGNMENT((#16954));
#16954 = SURFACE_STYLE_USAGE(.BOTH.,#16955);
#16955 = SURFACE_SIDE_STYLE('',(#16956));
#16956 = SURFACE_STYLE_FILL_AREA(#16957);
#16957 = FILL_AREA_STYLE('',(#16958));
#16958 = FILL_AREA_STYLE_COLOUR('',#15246);
#16959 = STYLED_ITEM('color',(#16960),#13555);
#16960 = PRESENTATION_STYLE_ASSIGNMENT((#16961));
#16961 = SURFACE_STYLE_USAGE(.BOTH.,#16962);
#16962 = SURFACE_SIDE_STYLE('',(#16963));
#16963 = SURFACE_STYLE_FILL_AREA(#16964);
#16964 = FILL_AREA_STYLE('',(#16965));
#16965 = FILL_AREA_STYLE_COLOUR('',#15246);
#16966 = STYLED_ITEM('color',(#16967),#13622);
#16967 = PRESENTATION_STYLE_ASSIGNMENT((#16968));
#16968 = SURFACE_STYLE_USAGE(.BOTH.,#16969);
#16969 = SURFACE_SIDE_STYLE('',(#16970));
#16970 = SURFACE_STYLE_FILL_AREA(#16971);
#16971 = FILL_AREA_STYLE('',(#16972));
#16972 = FILL_AREA_STYLE_COLOUR('',#15246);
#16973 = STYLED_ITEM('color',(#16974),#13639);
#16974 = PRESENTATION_STYLE_ASSIGNMENT((#16975));
#16975 = SURFACE_STYLE_USAGE(.BOTH.,#16976);
#16976 = SURFACE_SIDE_STYLE('',(#16977));
#16977 = SURFACE_STYLE_FILL_AREA(#16978);
#16978 = FILL_AREA_STYLE('',(#16979));
#16979 = FILL_AREA_STYLE_COLOUR('',#15246);
#16980 = STYLED_ITEM('color',(#16981),#13656);
#16981 = PRESENTATION_STYLE_ASSIGNMENT((#16982));
#16982 = SURFACE_STYLE_USAGE(.BOTH.,#16983);
#16983 = SURFACE_SIDE_STYLE('',(#16984));
#16984 = SURFACE_STYLE_FILL_AREA(#16985);
#16985 = FILL_AREA_STYLE('',(#16986));
#16986 = FILL_AREA_STYLE_COLOUR('',#16987);
#16987 = COLOUR_RGB('',0.894999966383,0.890999961016,0.813000030345);
#16988 = STYLED_ITEM('color',(#16989),#13705);
#16989 = PRESENTATION_STYLE_ASSIGNMENT((#16990));
#16990 = SURFACE_STYLE_USAGE(.BOTH.,#16991);
#16991 = SURFACE_SIDE_STYLE('',(#16992));
#16992 = SURFACE_STYLE_FILL_AREA(#16993);
#16993 = FILL_AREA_STYLE('',(#16994));
#16994 = FILL_AREA_STYLE_COLOUR('',#15246);
#16995 = STYLED_ITEM('color',(#16996),#13722);
#16996 = PRESENTATION_STYLE_ASSIGNMENT((#16997));
#16997 = SURFACE_STYLE_USAGE(.BOTH.,#16998);
#16998 = SURFACE_SIDE_STYLE('',(#16999));
#16999 = SURFACE_STYLE_FILL_AREA(#17000);
#17000 = FILL_AREA_STYLE('',(#17001));
#17001 = FILL_AREA_STYLE_COLOUR('',#15246);
#17002 = STYLED_ITEM('color',(#17003),#13739);
#17003 = PRESENTATION_STYLE_ASSIGNMENT((#17004));
#17004 = SURFACE_STYLE_USAGE(.BOTH.,#17005);
#17005 = SURFACE_SIDE_STYLE('',(#17006));
#17006 = SURFACE_STYLE_FILL_AREA(#17007);
#17007 = FILL_AREA_STYLE('',(#17008));
#17008 = FILL_AREA_STYLE_COLOUR('',#16987);
#17009 = STYLED_ITEM('color',(#17010),#13788);
#17010 = PRESENTATION_STYLE_ASSIGNMENT((#17011));
#17011 = SURFACE_STYLE_USAGE(.BOTH.,#17012);
#17012 = SURFACE_SIDE_STYLE('',(#17013));
#17013 = SURFACE_STYLE_FILL_AREA(#17014);
#17014 = FILL_AREA_STYLE('',(#17015));
#17015 = FILL_AREA_STYLE_COLOUR('',#16987);
#17016 = STYLED_ITEM('color',(#17017),#13805);
#17017 = PRESENTATION_STYLE_ASSIGNMENT((#17018));
#17018 = SURFACE_STYLE_USAGE(.BOTH.,#17019);
#17019 = SURFACE_SIDE_STYLE('',(#17020));
#17020 = SURFACE_STYLE_FILL_AREA(#17021);
#17021 = FILL_AREA_STYLE('',(#17022));
#17022 = FILL_AREA_STYLE_COLOUR('',#15246);
#17023 = STYLED_ITEM('color',(#17024),#13874);
#17024 = PRESENTATION_STYLE_ASSIGNMENT((#17025));
#17025 = SURFACE_STYLE_USAGE(.BOTH.,#17026);
#17026 = SURFACE_SIDE_STYLE('',(#17027));
#17027 = SURFACE_STYLE_FILL_AREA(#17028);
#17028 = FILL_AREA_STYLE('',(#17029));
#17029 = FILL_AREA_STYLE_COLOUR('',#17030);
#17030 = COLOUR_RGB('',8.200000279077E-02,8.600000121357E-02,
  9.399999706163E-02);
#17031 = STYLED_ITEM('color',(#17032),#13905);
#17032 = PRESENTATION_STYLE_ASSIGNMENT((#17033));
#17033 = SURFACE_STYLE_USAGE(.BOTH.,#17034);
#17034 = SURFACE_SIDE_STYLE('',(#17035));
#17035 = SURFACE_STYLE_FILL_AREA(#17036);
#17036 = FILL_AREA_STYLE('',(#17037));
#17037 = FILL_AREA_STYLE_COLOUR('',#17030);
#17038 = STYLED_ITEM('color',(#17039),#13929);
#17039 = PRESENTATION_STYLE_ASSIGNMENT((#17040));
#17040 = SURFACE_STYLE_USAGE(.BOTH.,#17041);
#17041 = SURFACE_SIDE_STYLE('',(#17042));
#17042 = SURFACE_STYLE_FILL_AREA(#17043);
#17043 = FILL_AREA_STYLE('',(#17044));
#17044 = FILL_AREA_STYLE_COLOUR('',#15246);
#17045 = STYLED_ITEM('color',(#17046),#13998);
#17046 = PRESENTATION_STYLE_ASSIGNMENT((#17047));
#17047 = SURFACE_STYLE_USAGE(.BOTH.,#17048);
#17048 = SURFACE_SIDE_STYLE('',(#17049));
#17049 = SURFACE_STYLE_FILL_AREA(#17050);
#17050 = FILL_AREA_STYLE('',(#17051));
#17051 = FILL_AREA_STYLE_COLOUR('',#17030);
#17052 = STYLED_ITEM('color',(#17053),#14022);
#17053 = PRESENTATION_STYLE_ASSIGNMENT((#17054));
#17054 = SURFACE_STYLE_USAGE(.BOTH.,#17055);
#17055 = SURFACE_SIDE_STYLE('',(#17056));
#17056 = SURFACE_STYLE_FILL_AREA(#17057);
#17057 = FILL_AREA_STYLE('',(#17058));
#17058 = FILL_AREA_STYLE_COLOUR('',#15246);
#17059 = STYLED_ITEM('color',(#17060),#14039);
#17060 = PRESENTATION_STYLE_ASSIGNMENT((#17061));
#17061 = SURFACE_STYLE_USAGE(.BOTH.,#17062);
#17062 = SURFACE_SIDE_STYLE('',(#17063));
#17063 = SURFACE_STYLE_FILL_AREA(#17064);
#17064 = FILL_AREA_STYLE('',(#17065));
#17065 = FILL_AREA_STYLE_COLOUR('',#15246);
#17066 = STYLED_ITEM('color',(#17067),#14056);
#17067 = PRESENTATION_STYLE_ASSIGNMENT((#17068));
#17068 = SURFACE_STYLE_USAGE(.BOTH.,#17069);
#17069 = SURFACE_SIDE_STYLE('',(#17070));
#17070 = SURFACE_STYLE_FILL_AREA(#17071);
#17071 = FILL_AREA_STYLE('',(#17072));
#17072 = FILL_AREA_STYLE_COLOUR('',#15246);
#17073 = STYLED_ITEM('color',(#17074),#14073);
#17074 = PRESENTATION_STYLE_ASSIGNMENT((#17075));
#17075 = SURFACE_STYLE_USAGE(.BOTH.,#17076);
#17076 = SURFACE_SIDE_STYLE('',(#17077));
#17077 = SURFACE_STYLE_FILL_AREA(#17078);
#17078 = FILL_AREA_STYLE('',(#17079));
#17079 = FILL_AREA_STYLE_COLOUR('',#15246);
#17080 = STYLED_ITEM('color',(#17081),#14090);
#17081 = PRESENTATION_STYLE_ASSIGNMENT((#17082));
#17082 = SURFACE_STYLE_USAGE(.BOTH.,#17083);
#17083 = SURFACE_SIDE_STYLE('',(#17084));
#17084 = SURFACE_STYLE_FILL_AREA(#17085);
#17085 = FILL_AREA_STYLE('',(#17086));
#17086 = FILL_AREA_STYLE_COLOUR('',#15246);
#17087 = STYLED_ITEM('color',(#17088),#14107);
#17088 = PRESENTATION_STYLE_ASSIGNMENT((#17089));
#17089 = SURFACE_STYLE_USAGE(.BOTH.,#17090);
#17090 = SURFACE_SIDE_STYLE('',(#17091));
#17091 = SURFACE_STYLE_FILL_AREA(#17092);
#17092 = FILL_AREA_STYLE('',(#17093));
#17093 = FILL_AREA_STYLE_COLOUR('',#15246);
#17094 = STYLED_ITEM('color',(#17095),#14124);
#17095 = PRESENTATION_STYLE_ASSIGNMENT((#17096));
#17096 = SURFACE_STYLE_USAGE(.BOTH.,#17097);
#17097 = SURFACE_SIDE_STYLE('',(#17098));
#17098 = SURFACE_STYLE_FILL_AREA(#17099);
#17099 = FILL_AREA_STYLE('',(#17100));
#17100 = FILL_AREA_STYLE_COLOUR('',#15246);
#17101 = STYLED_ITEM('color',(#17102),#14141);
#17102 = PRESENTATION_STYLE_ASSIGNMENT((#17103));
#17103 = SURFACE_STYLE_USAGE(.BOTH.,#17104);
#17104 = SURFACE_SIDE_STYLE('',(#17105));
#17105 = SURFACE_STYLE_FILL_AREA(#17106);
#17106 = FILL_AREA_STYLE('',(#17107));
#17107 = FILL_AREA_STYLE_COLOUR('',#17030);
#17108 = STYLED_ITEM('color',(#17109),#14158);
#17109 = PRESENTATION_STYLE_ASSIGNMENT((#17110));
#17110 = SURFACE_STYLE_USAGE(.BOTH.,#17111);
#17111 = SURFACE_SIDE_STYLE('',(#17112));
#17112 = SURFACE_STYLE_FILL_AREA(#17113);
#17113 = FILL_AREA_STYLE('',(#17114));
#17114 = FILL_AREA_STYLE_COLOUR('',#17030);
#17115 = MECHANICAL_DESIGN_GEOMETRIC_PRESENTATION_REPRESENTATION('',(
    #17116,#17123,#17130,#17137,#17144,#17152,#17159,#17167,#17174,
    #17181,#17188,#17195,#17202,#17209,#17216,#17223,#17230,#17237,
    #17244,#17251,#17258,#17265,#17272,#17279,#17286,#17293,#17300,
    #17307,#17314,#17321,#17328,#17335,#17342,#17349,#17356,#17363,
    #17370,#17377,#17384,#17391,#17398,#17405,#17412,#17419,#17426,
    #17433,#17440,#17447,#17454,#17461,#17468,#17475,#17482,#17489,
    #17496,#17503),#8001);
#17116 = STYLED_ITEM('color',(#17117),#6331);
#17117 = PRESENTATION_STYLE_ASSIGNMENT((#17118));
#17118 = SURFACE_STYLE_USAGE(.BOTH.,#17119);
#17119 = SURFACE_SIDE_STYLE('',(#17120));
#17120 = SURFACE_STYLE_FILL_AREA(#17121);
#17121 = FILL_AREA_STYLE('',(#17122));
#17122 = FILL_AREA_STYLE_COLOUR('',#16987);
#17123 = STYLED_ITEM('color',(#17124),#6373);
#17124 = PRESENTATION_STYLE_ASSIGNMENT((#17125));
#17125 = SURFACE_STYLE_USAGE(.BOTH.,#17126);
#17126 = SURFACE_SIDE_STYLE('',(#17127));
#17127 = SURFACE_STYLE_FILL_AREA(#17128);
#17128 = FILL_AREA_STYLE('',(#17129));
#17129 = FILL_AREA_STYLE_COLOUR('',#16987);
#17130 = STYLED_ITEM('color',(#17131),#6404);
#17131 = PRESENTATION_STYLE_ASSIGNMENT((#17132));
#17132 = SURFACE_STYLE_USAGE(.BOTH.,#17133);
#17133 = SURFACE_SIDE_STYLE('',(#17134));
#17134 = SURFACE_STYLE_FILL_AREA(#17135);
#17135 = FILL_AREA_STYLE('',(#17136));
#17136 = FILL_AREA_STYLE_COLOUR('',#16987);
#17137 = STYLED_ITEM('color',(#17138),#6435);
#17138 = PRESENTATION_STYLE_ASSIGNMENT((#17139));
#17139 = SURFACE_STYLE_USAGE(.BOTH.,#17140);
#17140 = SURFACE_SIDE_STYLE('',(#17141));
#17141 = SURFACE_STYLE_FILL_AREA(#17142);
#17142 = FILL_AREA_STYLE('',(#17143));
#17143 = FILL_AREA_STYLE_COLOUR('',#16987);
#17144 = STYLED_ITEM('color',(#17145),#6475);
#17145 = PRESENTATION_STYLE_ASSIGNMENT((#17146));
#17146 = SURFACE_STYLE_USAGE(.BOTH.,#17147);
#17147 = SURFACE_SIDE_STYLE('',(#17148));
#17148 = SURFACE_STYLE_FILL_AREA(#17149);
#17149 = FILL_AREA_STYLE('',(#17150));
#17150 = FILL_AREA_STYLE_COLOUR('',#17151);
#17151 = COLOUR_RGB('',0.699999984889,9.999999991362E-02,
  5.000000142576E-02);
#17152 = STYLED_ITEM('color',(#17153),#6515);
#17153 = PRESENTATION_STYLE_ASSIGNMENT((#17154));
#17154 = SURFACE_STYLE_USAGE(.BOTH.,#17155);
#17155 = SURFACE_SIDE_STYLE('',(#17156));
#17156 = SURFACE_STYLE_FILL_AREA(#17157);
#17157 = FILL_AREA_STYLE('',(#17158));
#17158 = FILL_AREA_STYLE_COLOUR('',#16987);
#17159 = STYLED_ITEM('color',(#17160),#6527);
#17160 = PRESENTATION_STYLE_ASSIGNMENT((#17161));
#17161 = SURFACE_STYLE_USAGE(.BOTH.,#17162);
#17162 = SURFACE_SIDE_STYLE('',(#17163));
#17163 = SURFACE_STYLE_FILL_AREA(#17164);
#17164 = FILL_AREA_STYLE('',(#17165));
#17165 = FILL_AREA_STYLE_COLOUR('',#17166);
#17166 = COLOUR_RGB('',0.507539989043,0.507539989043,0.507539989043);
#17167 = STYLED_ITEM('color',(#17168),#6552);
#17168 = PRESENTATION_STYLE_ASSIGNMENT((#17169));
#17169 = SURFACE_STYLE_USAGE(.BOTH.,#17170);
#17170 = SURFACE_SIDE_STYLE('',(#17171));
#17171 = SURFACE_STYLE_FILL_AREA(#17172);
#17172 = FILL_AREA_STYLE('',(#17173));
#17173 = FILL_AREA_STYLE_COLOUR('',#17166);
#17174 = STYLED_ITEM('color',(#17175),#6577);
#17175 = PRESENTATION_STYLE_ASSIGNMENT((#17176));
#17176 = SURFACE_STYLE_USAGE(.BOTH.,#17177);
#17177 = SURFACE_SIDE_STYLE('',(#17178));
#17178 = SURFACE_STYLE_FILL_AREA(#17179);
#17179 = FILL_AREA_STYLE('',(#17180));
#17180 = FILL_AREA_STYLE_COLOUR('',#17166);
#17181 = STYLED_ITEM('color',(#17182),#6602);
#17182 = PRESENTATION_STYLE_ASSIGNMENT((#17183));
#17183 = SURFACE_STYLE_USAGE(.BOTH.,#17184);
#17184 = SURFACE_SIDE_STYLE('',(#17185));
#17185 = SURFACE_STYLE_FILL_AREA(#17186);
#17186 = FILL_AREA_STYLE('',(#17187));
#17187 = FILL_AREA_STYLE_COLOUR('',#17166);
#17188 = STYLED_ITEM('color',(#17189),#6627);
#17189 = PRESENTATION_STYLE_ASSIGNMENT((#17190));
#17190 = SURFACE_STYLE_USAGE(.BOTH.,#17191);
#17191 = SURFACE_SIDE_STYLE('',(#17192));
#17192 = SURFACE_STYLE_FILL_AREA(#17193);
#17193 = FILL_AREA_STYLE('',(#17194));
#17194 = FILL_AREA_STYLE_COLOUR('',#17166);
#17195 = STYLED_ITEM('color',(#17196),#6636);
#17196 = PRESENTATION_STYLE_ASSIGNMENT((#17197));
#17197 = SURFACE_STYLE_USAGE(.BOTH.,#17198);
#17198 = SURFACE_SIDE_STYLE('',(#17199));
#17199 = SURFACE_STYLE_FILL_AREA(#17200);
#17200 = FILL_AREA_STYLE('',(#17201));
#17201 = FILL_AREA_STYLE_COLOUR('',#17166);
#17202 = STYLED_ITEM('color',(#17203),#6645);
#17203 = PRESENTATION_STYLE_ASSIGNMENT((#17204));
#17204 = SURFACE_STYLE_USAGE(.BOTH.,#17205);
#17205 = SURFACE_SIDE_STYLE('',(#17206));
#17206 = SURFACE_STYLE_FILL_AREA(#17207);
#17207 = FILL_AREA_STYLE('',(#17208));
#17208 = FILL_AREA_STYLE_COLOUR('',#17151);
#17209 = STYLED_ITEM('color',(#17210),#6654);
#17210 = PRESENTATION_STYLE_ASSIGNMENT((#17211));
#17211 = SURFACE_STYLE_USAGE(.BOTH.,#17212);
#17212 = SURFACE_SIDE_STYLE('',(#17213));
#17213 = SURFACE_STYLE_FILL_AREA(#17214);
#17214 = FILL_AREA_STYLE('',(#17215));
#17215 = FILL_AREA_STYLE_COLOUR('',#17151);
#17216 = STYLED_ITEM('color',(#17217),#6665);
#17217 = PRESENTATION_STYLE_ASSIGNMENT((#17218));
#17218 = SURFACE_STYLE_USAGE(.BOTH.,#17219);
#17219 = SURFACE_SIDE_STYLE('',(#17220));
#17220 = SURFACE_STYLE_FILL_AREA(#17221);
#17221 = FILL_AREA_STYLE('',(#17222));
#17222 = FILL_AREA_STYLE_COLOUR('',#17151);
#17223 = STYLED_ITEM('color',(#17224),#6705);
#17224 = PRESENTATION_STYLE_ASSIGNMENT((#17225));
#17225 = SURFACE_STYLE_USAGE(.BOTH.,#17226);
#17226 = SURFACE_SIDE_STYLE('',(#17227));
#17227 = SURFACE_STYLE_FILL_AREA(#17228);
#17228 = FILL_AREA_STYLE('',(#17229));
#17229 = FILL_AREA_STYLE_COLOUR('',#17151);
#17230 = STYLED_ITEM('color',(#17231),#6736);
#17231 = PRESENTATION_STYLE_ASSIGNMENT((#17232));
#17232 = SURFACE_STYLE_USAGE(.BOTH.,#17233);
#17233 = SURFACE_SIDE_STYLE('',(#17234));
#17234 = SURFACE_STYLE_FILL_AREA(#17235);
#17235 = FILL_AREA_STYLE('',(#17236));
#17236 = FILL_AREA_STYLE_COLOUR('',#17151);
#17237 = STYLED_ITEM('color',(#17238),#6767);
#17238 = PRESENTATION_STYLE_ASSIGNMENT((#17239));
#17239 = SURFACE_STYLE_USAGE(.BOTH.,#17240);
#17240 = SURFACE_SIDE_STYLE('',(#17241));
#17241 = SURFACE_STYLE_FILL_AREA(#17242);
#17242 = FILL_AREA_STYLE('',(#17243));
#17243 = FILL_AREA_STYLE_COLOUR('',#17151);
#17244 = STYLED_ITEM('color',(#17245),#6798);
#17245 = PRESENTATION_STYLE_ASSIGNMENT((#17246));
#17246 = SURFACE_STYLE_USAGE(.BOTH.,#17247);
#17247 = SURFACE_SIDE_STYLE('',(#17248));
#17248 = SURFACE_STYLE_FILL_AREA(#17249);
#17249 = FILL_AREA_STYLE('',(#17250));
#17250 = FILL_AREA_STYLE_COLOUR('',#17151);
#17251 = STYLED_ITEM('color',(#17252),#6829);
#17252 = PRESENTATION_STYLE_ASSIGNMENT((#17253));
#17253 = SURFACE_STYLE_USAGE(.BOTH.,#17254);
#17254 = SURFACE_SIDE_STYLE('',(#17255));
#17255 = SURFACE_STYLE_FILL_AREA(#17256);
#17256 = FILL_AREA_STYLE('',(#17257));
#17257 = FILL_AREA_STYLE_COLOUR('',#17151);
#17258 = STYLED_ITEM('color',(#17259),#6860);
#17259 = PRESENTATION_STYLE_ASSIGNMENT((#17260));
#17260 = SURFACE_STYLE_USAGE(.BOTH.,#17261);
#17261 = SURFACE_SIDE_STYLE('',(#17262));
#17262 = SURFACE_STYLE_FILL_AREA(#17263);
#17263 = FILL_AREA_STYLE('',(#17264));
#17264 = FILL_AREA_STYLE_COLOUR('',#17151);
#17265 = STYLED_ITEM('color',(#17266),#6891);
#17266 = PRESENTATION_STYLE_ASSIGNMENT((#17267));
#17267 = SURFACE_STYLE_USAGE(.BOTH.,#17268);
#17268 = SURFACE_SIDE_STYLE('',(#17269));
#17269 = SURFACE_STYLE_FILL_AREA(#17270);
#17270 = FILL_AREA_STYLE('',(#17271));
#17271 = FILL_AREA_STYLE_COLOUR('',#17151);
#17272 = STYLED_ITEM('color',(#17273),#6922);
#17273 = PRESENTATION_STYLE_ASSIGNMENT((#17274));
#17274 = SURFACE_STYLE_USAGE(.BOTH.,#17275);
#17275 = SURFACE_SIDE_STYLE('',(#17276));
#17276 = SURFACE_STYLE_FILL_AREA(#17277);
#17277 = FILL_AREA_STYLE('',(#17278));
#17278 = FILL_AREA_STYLE_COLOUR('',#17151);
#17279 = STYLED_ITEM('color',(#17280),#6953);
#17280 = PRESENTATION_STYLE_ASSIGNMENT((#17281));
#17281 = SURFACE_STYLE_USAGE(.BOTH.,#17282);
#17282 = SURFACE_SIDE_STYLE('',(#17283));
#17283 = SURFACE_STYLE_FILL_AREA(#17284);
#17284 = FILL_AREA_STYLE('',(#17285));
#17285 = FILL_AREA_STYLE_COLOUR('',#17151);
#17286 = STYLED_ITEM('color',(#17287),#6984);
#17287 = PRESENTATION_STYLE_ASSIGNMENT((#17288));
#17288 = SURFACE_STYLE_USAGE(.BOTH.,#17289);
#17289 = SURFACE_SIDE_STYLE('',(#17290));
#17290 = SURFACE_STYLE_FILL_AREA(#17291);
#17291 = FILL_AREA_STYLE('',(#17292));
#17292 = FILL_AREA_STYLE_COLOUR('',#17151);
#17293 = STYLED_ITEM('color',(#17294),#7015);
#17294 = PRESENTATION_STYLE_ASSIGNMENT((#17295));
#17295 = SURFACE_STYLE_USAGE(.BOTH.,#17296);
#17296 = SURFACE_SIDE_STYLE('',(#17297));
#17297 = SURFACE_STYLE_FILL_AREA(#17298);
#17298 = FILL_AREA_STYLE('',(#17299));
#17299 = FILL_AREA_STYLE_COLOUR('',#17151);
#17300 = STYLED_ITEM('color',(#17301),#7046);
#17301 = PRESENTATION_STYLE_ASSIGNMENT((#17302));
#17302 = SURFACE_STYLE_USAGE(.BOTH.,#17303);
#17303 = SURFACE_SIDE_STYLE('',(#17304));
#17304 = SURFACE_STYLE_FILL_AREA(#17305);
#17305 = FILL_AREA_STYLE('',(#17306));
#17306 = FILL_AREA_STYLE_COLOUR('',#17151);
#17307 = STYLED_ITEM('color',(#17308),#7077);
#17308 = PRESENTATION_STYLE_ASSIGNMENT((#17309));
#17309 = SURFACE_STYLE_USAGE(.BOTH.,#17310);
#17310 = SURFACE_SIDE_STYLE('',(#17311));
#17311 = SURFACE_STYLE_FILL_AREA(#17312);
#17312 = FILL_AREA_STYLE('',(#17313));
#17313 = FILL_AREA_STYLE_COLOUR('',#17151);
#17314 = STYLED_ITEM('color',(#17315),#7108);
#17315 = PRESENTATION_STYLE_ASSIGNMENT((#17316));
#17316 = SURFACE_STYLE_USAGE(.BOTH.,#17317);
#17317 = SURFACE_SIDE_STYLE('',(#17318));
#17318 = SURFACE_STYLE_FILL_AREA(#17319);
#17319 = FILL_AREA_STYLE('',(#17320));
#17320 = FILL_AREA_STYLE_COLOUR('',#17151);
#17321 = STYLED_ITEM('color',(#17322),#7139);
#17322 = PRESENTATION_STYLE_ASSIGNMENT((#17323));
#17323 = SURFACE_STYLE_USAGE(.BOTH.,#17324);
#17324 = SURFACE_SIDE_STYLE('',(#17325));
#17325 = SURFACE_STYLE_FILL_AREA(#17326);
#17326 = FILL_AREA_STYLE('',(#17327));
#17327 = FILL_AREA_STYLE_COLOUR('',#17151);
#17328 = STYLED_ITEM('color',(#17329),#7170);
#17329 = PRESENTATION_STYLE_ASSIGNMENT((#17330));
#17330 = SURFACE_STYLE_USAGE(.BOTH.,#17331);
#17331 = SURFACE_SIDE_STYLE('',(#17332));
#17332 = SURFACE_STYLE_FILL_AREA(#17333);
#17333 = FILL_AREA_STYLE('',(#17334));
#17334 = FILL_AREA_STYLE_COLOUR('',#17151);
#17335 = STYLED_ITEM('color',(#17336),#7201);
#17336 = PRESENTATION_STYLE_ASSIGNMENT((#17337));
#17337 = SURFACE_STYLE_USAGE(.BOTH.,#17338);
#17338 = SURFACE_SIDE_STYLE('',(#17339));
#17339 = SURFACE_STYLE_FILL_AREA(#17340);
#17340 = FILL_AREA_STYLE('',(#17341));
#17341 = FILL_AREA_STYLE_COLOUR('',#17151);
#17342 = STYLED_ITEM('color',(#17343),#7232);
#17343 = PRESENTATION_STYLE_ASSIGNMENT((#17344));
#17344 = SURFACE_STYLE_USAGE(.BOTH.,#17345);
#17345 = SURFACE_SIDE_STYLE('',(#17346));
#17346 = SURFACE_STYLE_FILL_AREA(#17347);
#17347 = FILL_AREA_STYLE('',(#17348));
#17348 = FILL_AREA_STYLE_COLOUR('',#17151);
#17349 = STYLED_ITEM('color',(#17350),#7263);
#17350 = PRESENTATION_STYLE_ASSIGNMENT((#17351));
#17351 = SURFACE_STYLE_USAGE(.BOTH.,#17352);
#17352 = SURFACE_SIDE_STYLE('',(#17353));
#17353 = SURFACE_STYLE_FILL_AREA(#17354);
#17354 = FILL_AREA_STYLE('',(#17355));
#17355 = FILL_AREA_STYLE_COLOUR('',#17151);
#17356 = STYLED_ITEM('color',(#17357),#7294);
#17357 = PRESENTATION_STYLE_ASSIGNMENT((#17358));
#17358 = SURFACE_STYLE_USAGE(.BOTH.,#17359);
#17359 = SURFACE_SIDE_STYLE('',(#17360));
#17360 = SURFACE_STYLE_FILL_AREA(#17361);
#17361 = FILL_AREA_STYLE('',(#17362));
#17362 = FILL_AREA_STYLE_COLOUR('',#17151);
#17363 = STYLED_ITEM('color',(#17364),#7325);
#17364 = PRESENTATION_STYLE_ASSIGNMENT((#17365));
#17365 = SURFACE_STYLE_USAGE(.BOTH.,#17366);
#17366 = SURFACE_SIDE_STYLE('',(#17367));
#17367 = SURFACE_STYLE_FILL_AREA(#17368);
#17368 = FILL_AREA_STYLE('',(#17369));
#17369 = FILL_AREA_STYLE_COLOUR('',#17151);
#17370 = STYLED_ITEM('color',(#17371),#7356);
#17371 = PRESENTATION_STYLE_ASSIGNMENT((#17372));
#17372 = SURFACE_STYLE_USAGE(.BOTH.,#17373);
#17373 = SURFACE_SIDE_STYLE('',(#17374));
#17374 = SURFACE_STYLE_FILL_AREA(#17375);
#17375 = FILL_AREA_STYLE('',(#17376));
#17376 = FILL_AREA_STYLE_COLOUR('',#17151);
#17377 = STYLED_ITEM('color',(#17378),#7387);
#17378 = PRESENTATION_STYLE_ASSIGNMENT((#17379));
#17379 = SURFACE_STYLE_USAGE(.BOTH.,#17380);
#17380 = SURFACE_SIDE_STYLE('',(#17381));
#17381 = SURFACE_STYLE_FILL_AREA(#17382);
#17382 = FILL_AREA_STYLE('',(#17383));
#17383 = FILL_AREA_STYLE_COLOUR('',#17151);
#17384 = STYLED_ITEM('color',(#17385),#7418);
#17385 = PRESENTATION_STYLE_ASSIGNMENT((#17386));
#17386 = SURFACE_STYLE_USAGE(.BOTH.,#17387);
#17387 = SURFACE_SIDE_STYLE('',(#17388));
#17388 = SURFACE_STYLE_FILL_AREA(#17389);
#17389 = FILL_AREA_STYLE('',(#17390));
#17390 = FILL_AREA_STYLE_COLOUR('',#17151);
#17391 = STYLED_ITEM('color',(#17392),#7449);
#17392 = PRESENTATION_STYLE_ASSIGNMENT((#17393));
#17393 = SURFACE_STYLE_USAGE(.BOTH.,#17394);
#17394 = SURFACE_SIDE_STYLE('',(#17395));
#17395 = SURFACE_STYLE_FILL_AREA(#17396);
#17396 = FILL_AREA_STYLE('',(#17397));
#17397 = FILL_AREA_STYLE_COLOUR('',#17151);
#17398 = STYLED_ITEM('color',(#17399),#7480);
#17399 = PRESENTATION_STYLE_ASSIGNMENT((#17400));
#17400 = SURFACE_STYLE_USAGE(.BOTH.,#17401);
#17401 = SURFACE_SIDE_STYLE('',(#17402));
#17402 = SURFACE_STYLE_FILL_AREA(#17403);
#17403 = FILL_AREA_STYLE('',(#17404));
#17404 = FILL_AREA_STYLE_COLOUR('',#17151);
#17405 = STYLED_ITEM('color',(#17406),#7511);
#17406 = PRESENTATION_STYLE_ASSIGNMENT((#17407));
#17407 = SURFACE_STYLE_USAGE(.BOTH.,#17408);
#17408 = SURFACE_SIDE_STYLE('',(#17409));
#17409 = SURFACE_STYLE_FILL_AREA(#17410);
#17410 = FILL_AREA_STYLE('',(#17411));
#17411 = FILL_AREA_STYLE_COLOUR('',#17151);
#17412 = STYLED_ITEM('color',(#17413),#7542);
#17413 = PRESENTATION_STYLE_ASSIGNMENT((#17414));
#17414 = SURFACE_STYLE_USAGE(.BOTH.,#17415);
#17415 = SURFACE_SIDE_STYLE('',(#17416));
#17416 = SURFACE_STYLE_FILL_AREA(#17417);
#17417 = FILL_AREA_STYLE('',(#17418));
#17418 = FILL_AREA_STYLE_COLOUR('',#17151);
#17419 = STYLED_ITEM('color',(#17420),#7573);
#17420 = PRESENTATION_STYLE_ASSIGNMENT((#17421));
#17421 = SURFACE_STYLE_USAGE(.BOTH.,#17422);
#17422 = SURFACE_SIDE_STYLE('',(#17423));
#17423 = SURFACE_STYLE_FILL_AREA(#17424);
#17424 = FILL_AREA_STYLE('',(#17425));
#17425 = FILL_AREA_STYLE_COLOUR('',#17151);
#17426 = STYLED_ITEM('color',(#17427),#7604);
#17427 = PRESENTATION_STYLE_ASSIGNMENT((#17428));
#17428 = SURFACE_STYLE_USAGE(.BOTH.,#17429);
#17429 = SURFACE_SIDE_STYLE('',(#17430));
#17430 = SURFACE_STYLE_FILL_AREA(#17431);
#17431 = FILL_AREA_STYLE('',(#17432));
#17432 = FILL_AREA_STYLE_COLOUR('',#17151);
#17433 = STYLED_ITEM('color',(#17434),#7635);
#17434 = PRESENTATION_STYLE_ASSIGNMENT((#17435));
#17435 = SURFACE_STYLE_USAGE(.BOTH.,#17436);
#17436 = SURFACE_SIDE_STYLE('',(#17437));
#17437 = SURFACE_STYLE_FILL_AREA(#17438);
#17438 = FILL_AREA_STYLE('',(#17439));
#17439 = FILL_AREA_STYLE_COLOUR('',#17151);
#17440 = STYLED_ITEM('color',(#17441),#7666);
#17441 = PRESENTATION_STYLE_ASSIGNMENT((#17442));
#17442 = SURFACE_STYLE_USAGE(.BOTH.,#17443);
#17443 = SURFACE_SIDE_STYLE('',(#17444));
#17444 = SURFACE_STYLE_FILL_AREA(#17445);
#17445 = FILL_AREA_STYLE('',(#17446));
#17446 = FILL_AREA_STYLE_COLOUR('',#17151);
#17447 = STYLED_ITEM('color',(#17448),#7697);
#17448 = PRESENTATION_STYLE_ASSIGNMENT((#17449));
#17449 = SURFACE_STYLE_USAGE(.BOTH.,#17450);
#17450 = SURFACE_SIDE_STYLE('',(#17451));
#17451 = SURFACE_STYLE_FILL_AREA(#17452);
#17452 = FILL_AREA_STYLE('',(#17453));
#17453 = FILL_AREA_STYLE_COLOUR('',#17151);
#17454 = STYLED_ITEM('color',(#17455),#7728);
#17455 = PRESENTATION_STYLE_ASSIGNMENT((#17456));
#17456 = SURFACE_STYLE_USAGE(.BOTH.,#17457);
#17457 = SURFACE_SIDE_STYLE('',(#17458));
#17458 = SURFACE_STYLE_FILL_AREA(#17459);
#17459 = FILL_AREA_STYLE('',(#17460));
#17460 = FILL_AREA_STYLE_COLOUR('',#17151);
#17461 = STYLED_ITEM('color',(#17462),#7759);
#17462 = PRESENTATION_STYLE_ASSIGNMENT((#17463));
#17463 = SURFACE_STYLE_USAGE(.BOTH.,#17464);
#17464 = SURFACE_SIDE_STYLE('',(#17465));
#17465 = SURFACE_STYLE_FILL_AREA(#17466);
#17466 = FILL_AREA_STYLE('',(#17467));
#17467 = FILL_AREA_STYLE_COLOUR('',#17151);
#17468 = STYLED_ITEM('color',(#17469),#7790);
#17469 = PRESENTATION_STYLE_ASSIGNMENT((#17470));
#17470 = SURFACE_STYLE_USAGE(.BOTH.,#17471);
#17471 = SURFACE_SIDE_STYLE('',(#17472));
#17472 = SURFACE_STYLE_FILL_AREA(#17473);
#17473 = FILL_AREA_STYLE('',(#17474));
#17474 = FILL_AREA_STYLE_COLOUR('',#17151);
#17475 = STYLED_ITEM('color',(#17476),#7821);
#17476 = PRESENTATION_STYLE_ASSIGNMENT((#17477));
#17477 = SURFACE_STYLE_USAGE(.BOTH.,#17478);
#17478 = SURFACE_SIDE_STYLE('',(#17479));
#17479 = SURFACE_STYLE_FILL_AREA(#17480);
#17480 = FILL_AREA_STYLE('',(#17481));
#17481 = FILL_AREA_STYLE_COLOUR('',#17151);
#17482 = STYLED_ITEM('color',(#17483),#7852);
#17483 = PRESENTATION_STYLE_ASSIGNMENT((#17484));
#17484 = SURFACE_STYLE_USAGE(.BOTH.,#17485);
#17485 = SURFACE_SIDE_STYLE('',(#17486));
#17486 = SURFACE_STYLE_FILL_AREA(#17487);
#17487 = FILL_AREA_STYLE('',(#17488));
#17488 = FILL_AREA_STYLE_COLOUR('',#17151);
#17489 = STYLED_ITEM('color',(#17490),#7883);
#17490 = PRESENTATION_STYLE_ASSIGNMENT((#17491));
#17491 = SURFACE_STYLE_USAGE(.BOTH.,#17492);
#17492 = SURFACE_SIDE_STYLE('',(#17493));
#17493 = SURFACE_STYLE_FILL_AREA(#17494);
#17494 = FILL_AREA_STYLE('',(#17495));
#17495 = FILL_AREA_STYLE_COLOUR('',#17151);
#17496 = STYLED_ITEM('color',(#17497),#7905);
#17497 = PRESENTATION_STYLE_ASSIGNMENT((#17498));
#17498 = SURFACE_STYLE_USAGE(.BOTH.,#17499);
#17499 = SURFACE_SIDE_STYLE('',(#17500));
#17500 = SURFACE_STYLE_FILL_AREA(#17501);
#17501 = FILL_AREA_STYLE('',(#17502));
#17502 = FILL_AREA_STYLE_COLOUR('',#17151);
#17503 = STYLED_ITEM('color',(#17504),#7953);
#17504 = PRESENTATION_STYLE_ASSIGNMENT((#17505));
#17505 = SURFACE_STYLE_USAGE(.BOTH.,#17506);
#17506 = SURFACE_SIDE_STYLE('',(#17507));
#17507 = SURFACE_STYLE_FILL_AREA(#17508);
#17508 = FILL_AREA_STYLE('',(#17509));
#17509 = FILL_AREA_STYLE_COLOUR('',#17151);
#17510 = MECHANICAL_DESIGN_GEOMETRIC_PRESENTATION_REPRESENTATION('',(
    #17511,#17519,#17526,#17533,#17540,#17547,#17554,#17561,#17568,
    #17575,#17582,#17589,#17596,#17603,#17610,#17617,#17624,#17631,
    #17638,#17645,#17652,#17659,#17666,#17673,#17680,#17687,#17694,
    #17701,#17708,#17715,#17722,#17729,#17736,#17743,#17750,#17758,
    #17765,#17772,#17779,#17786,#17793,#17800,#17807,#17814,#17821,
    #17828,#17835,#17842,#17849,#17856,#17863,#17870,#17877,#17884,
    #17891,#17898,#17905,#17912,#17919,#17926,#17933,#17940,#17947,
    #17954,#17961,#17968,#17975,#17982,#17989,#17996,#18003,#18010,
    #18017,#18024,#18031,#18038,#18045,#18052,#18059,#18066,#18073,
    #18080,#18087,#18094,#18101,#18108,#18115,#18122,#18129,#18136,
    #18143,#18150,#18157,#18164,#18171,#18178,#18185,#18192,#18199,
    #18206,#18213,#18220,#18227,#18234,#18241,#18248,#18255,#18262,
    #18269,#18276,#18283,#18290,#18297,#18304,#18311,#18318,#18325,
    #18332,#18339,#18346,#18353,#18360,#18367,#18374,#18381,#18388,
    #18395,#18402,#18409,#18416,#18423,#18430,#18437,#18444,#18451,
    #18458,#18465,#18472,#18479),#4024);
#17511 = STYLED_ITEM('color',(#17512),#67);
#17512 = PRESENTATION_STYLE_ASSIGNMENT((#17513));
#17513 = SURFACE_STYLE_USAGE(.BOTH.,#17514);
#17514 = SURFACE_SIDE_STYLE('',(#17515));
#17515 = SURFACE_STYLE_FILL_AREA(#17516);
#17516 = FILL_AREA_STYLE('',(#17517));
#17517 = FILL_AREA_STYLE_COLOUR('',#17518);
#17518 = COLOUR_RGB('',0.147999998088,0.144999993226,0.144999993226);
#17519 = STYLED_ITEM('color',(#17520),#107);
#17520 = PRESENTATION_STYLE_ASSIGNMENT((#17521));
#17521 = SURFACE_STYLE_USAGE(.BOTH.,#17522);
#17522 = SURFACE_SIDE_STYLE('',(#17523));
#17523 = SURFACE_STYLE_FILL_AREA(#17524);
#17524 = FILL_AREA_STYLE('',(#17525));
#17525 = FILL_AREA_STYLE_COLOUR('',#17518);
#17526 = STYLED_ITEM('color',(#17527),#138);
#17527 = PRESENTATION_STYLE_ASSIGNMENT((#17528));
#17528 = SURFACE_STYLE_USAGE(.BOTH.,#17529);
#17529 = SURFACE_SIDE_STYLE('',(#17530));
#17530 = SURFACE_STYLE_FILL_AREA(#17531);
#17531 = FILL_AREA_STYLE('',(#17532));
#17532 = FILL_AREA_STYLE_COLOUR('',#17518);
#17533 = STYLED_ITEM('color',(#17534),#169);
#17534 = PRESENTATION_STYLE_ASSIGNMENT((#17535));
#17535 = SURFACE_STYLE_USAGE(.BOTH.,#17536);
#17536 = SURFACE_SIDE_STYLE('',(#17537));
#17537 = SURFACE_STYLE_FILL_AREA(#17538);
#17538 = FILL_AREA_STYLE('',(#17539));
#17539 = FILL_AREA_STYLE_COLOUR('',#17518);
#17540 = STYLED_ITEM('color',(#17541),#580);
#17541 = PRESENTATION_STYLE_ASSIGNMENT((#17542));
#17542 = SURFACE_STYLE_USAGE(.BOTH.,#17543);
#17543 = SURFACE_SIDE_STYLE('',(#17544));
#17544 = SURFACE_STYLE_FILL_AREA(#17545);
#17545 = FILL_AREA_STYLE('',(#17546));
#17546 = FILL_AREA_STYLE_COLOUR('',#17518);
#17547 = STYLED_ITEM('color',(#17548),#991);
#17548 = PRESENTATION_STYLE_ASSIGNMENT((#17549));
#17549 = SURFACE_STYLE_USAGE(.BOTH.,#17550);
#17550 = SURFACE_SIDE_STYLE('',(#17551));
#17551 = SURFACE_STYLE_FILL_AREA(#17552);
#17552 = FILL_AREA_STYLE('',(#17553));
#17553 = FILL_AREA_STYLE_COLOUR('',#17518);
#17554 = STYLED_ITEM('color',(#17555),#1008);
#17555 = PRESENTATION_STYLE_ASSIGNMENT((#17556));
#17556 = SURFACE_STYLE_USAGE(.BOTH.,#17557);
#17557 = SURFACE_SIDE_STYLE('',(#17558));
#17558 = SURFACE_STYLE_FILL_AREA(#17559);
#17559 = FILL_AREA_STYLE('',(#17560));
#17560 = FILL_AREA_STYLE_COLOUR('',#17518);
#17561 = STYLED_ITEM('color',(#17562),#1025);
#17562 = PRESENTATION_STYLE_ASSIGNMENT((#17563));
#17563 = SURFACE_STYLE_USAGE(.BOTH.,#17564);
#17564 = SURFACE_SIDE_STYLE('',(#17565));
#17565 = SURFACE_STYLE_FILL_AREA(#17566);
#17566 = FILL_AREA_STYLE('',(#17567));
#17567 = FILL_AREA_STYLE_COLOUR('',#17518);
#17568 = STYLED_ITEM('color',(#17569),#1042);
#17569 = PRESENTATION_STYLE_ASSIGNMENT((#17570));
#17570 = SURFACE_STYLE_USAGE(.BOTH.,#17571);
#17571 = SURFACE_SIDE_STYLE('',(#17572));
#17572 = SURFACE_STYLE_FILL_AREA(#17573);
#17573 = FILL_AREA_STYLE('',(#17574));
#17574 = FILL_AREA_STYLE_COLOUR('',#17518);
#17575 = STYLED_ITEM('color',(#17576),#1059);
#17576 = PRESENTATION_STYLE_ASSIGNMENT((#17577));
#17577 = SURFACE_STYLE_USAGE(.BOTH.,#17578);
#17578 = SURFACE_SIDE_STYLE('',(#17579));
#17579 = SURFACE_STYLE_FILL_AREA(#17580);
#17580 = FILL_AREA_STYLE('',(#17581));
#17581 = FILL_AREA_STYLE_COLOUR('',#17518);
#17582 = STYLED_ITEM('color',(#17583),#1076);
#17583 = PRESENTATION_STYLE_ASSIGNMENT((#17584));
#17584 = SURFACE_STYLE_USAGE(.BOTH.,#17585);
#17585 = SURFACE_SIDE_STYLE('',(#17586));
#17586 = SURFACE_STYLE_FILL_AREA(#17587);
#17587 = FILL_AREA_STYLE('',(#17588));
#17588 = FILL_AREA_STYLE_COLOUR('',#17518);
#17589 = STYLED_ITEM('color',(#17590),#1093);
#17590 = PRESENTATION_STYLE_ASSIGNMENT((#17591));
#17591 = SURFACE_STYLE_USAGE(.BOTH.,#17592);
#17592 = SURFACE_SIDE_STYLE('',(#17593));
#17593 = SURFACE_STYLE_FILL_AREA(#17594);
#17594 = FILL_AREA_STYLE('',(#17595));
#17595 = FILL_AREA_STYLE_COLOUR('',#17518);
#17596 = STYLED_ITEM('color',(#17597),#1110);
#17597 = PRESENTATION_STYLE_ASSIGNMENT((#17598));
#17598 = SURFACE_STYLE_USAGE(.BOTH.,#17599);
#17599 = SURFACE_SIDE_STYLE('',(#17600));
#17600 = SURFACE_STYLE_FILL_AREA(#17601);
#17601 = FILL_AREA_STYLE('',(#17602));
#17602 = FILL_AREA_STYLE_COLOUR('',#17518);
#17603 = STYLED_ITEM('color',(#17604),#1127);
#17604 = PRESENTATION_STYLE_ASSIGNMENT((#17605));
#17605 = SURFACE_STYLE_USAGE(.BOTH.,#17606);
#17606 = SURFACE_SIDE_STYLE('',(#17607));
#17607 = SURFACE_STYLE_FILL_AREA(#17608);
#17608 = FILL_AREA_STYLE('',(#17609));
#17609 = FILL_AREA_STYLE_COLOUR('',#17518);
#17610 = STYLED_ITEM('color',(#17611),#1144);
#17611 = PRESENTATION_STYLE_ASSIGNMENT((#17612));
#17612 = SURFACE_STYLE_USAGE(.BOTH.,#17613);
#17613 = SURFACE_SIDE_STYLE('',(#17614));
#17614 = SURFACE_STYLE_FILL_AREA(#17615);
#17615 = FILL_AREA_STYLE('',(#17616));
#17616 = FILL_AREA_STYLE_COLOUR('',#17518);
#17617 = STYLED_ITEM('color',(#17618),#1161);
#17618 = PRESENTATION_STYLE_ASSIGNMENT((#17619));
#17619 = SURFACE_STYLE_USAGE(.BOTH.,#17620);
#17620 = SURFACE_SIDE_STYLE('',(#17621));
#17621 = SURFACE_STYLE_FILL_AREA(#17622);
#17622 = FILL_AREA_STYLE('',(#17623));
#17623 = FILL_AREA_STYLE_COLOUR('',#17518);
#17624 = STYLED_ITEM('color',(#17625),#1178);
#17625 = PRESENTATION_STYLE_ASSIGNMENT((#17626));
#17626 = SURFACE_STYLE_USAGE(.BOTH.,#17627);
#17627 = SURFACE_SIDE_STYLE('',(#17628));
#17628 = SURFACE_STYLE_FILL_AREA(#17629);
#17629 = FILL_AREA_STYLE('',(#17630));
#17630 = FILL_AREA_STYLE_COLOUR('',#17518);
#17631 = STYLED_ITEM('color',(#17632),#1195);
#17632 = PRESENTATION_STYLE_ASSIGNMENT((#17633));
#17633 = SURFACE_STYLE_USAGE(.BOTH.,#17634);
#17634 = SURFACE_SIDE_STYLE('',(#17635));
#17635 = SURFACE_STYLE_FILL_AREA(#17636);
#17636 = FILL_AREA_STYLE('',(#17637));
#17637 = FILL_AREA_STYLE_COLOUR('',#17518);
#17638 = STYLED_ITEM('color',(#17639),#1212);
#17639 = PRESENTATION_STYLE_ASSIGNMENT((#17640));
#17640 = SURFACE_STYLE_USAGE(.BOTH.,#17641);
#17641 = SURFACE_SIDE_STYLE('',(#17642));
#17642 = SURFACE_STYLE_FILL_AREA(#17643);
#17643 = FILL_AREA_STYLE('',(#17644));
#17644 = FILL_AREA_STYLE_COLOUR('',#17518);
#17645 = STYLED_ITEM('color',(#17646),#1229);
#17646 = PRESENTATION_STYLE_ASSIGNMENT((#17647));
#17647 = SURFACE_STYLE_USAGE(.BOTH.,#17648);
#17648 = SURFACE_SIDE_STYLE('',(#17649));
#17649 = SURFACE_STYLE_FILL_AREA(#17650);
#17650 = FILL_AREA_STYLE('',(#17651));
#17651 = FILL_AREA_STYLE_COLOUR('',#17518);
#17652 = STYLED_ITEM('color',(#17653),#1246);
#17653 = PRESENTATION_STYLE_ASSIGNMENT((#17654));
#17654 = SURFACE_STYLE_USAGE(.BOTH.,#17655);
#17655 = SURFACE_SIDE_STYLE('',(#17656));
#17656 = SURFACE_STYLE_FILL_AREA(#17657);
#17657 = FILL_AREA_STYLE('',(#17658));
#17658 = FILL_AREA_STYLE_COLOUR('',#17518);
#17659 = STYLED_ITEM('color',(#17660),#1263);
#17660 = PRESENTATION_STYLE_ASSIGNMENT((#17661));
#17661 = SURFACE_STYLE_USAGE(.BOTH.,#17662);
#17662 = SURFACE_SIDE_STYLE('',(#17663));
#17663 = SURFACE_STYLE_FILL_AREA(#17664);
#17664 = FILL_AREA_STYLE('',(#17665));
#17665 = FILL_AREA_STYLE_COLOUR('',#17518);
#17666 = STYLED_ITEM('color',(#17667),#1280);
#17667 = PRESENTATION_STYLE_ASSIGNMENT((#17668));
#17668 = SURFACE_STYLE_USAGE(.BOTH.,#17669);
#17669 = SURFACE_SIDE_STYLE('',(#17670));
#17670 = SURFACE_STYLE_FILL_AREA(#17671);
#17671 = FILL_AREA_STYLE('',(#17672));
#17672 = FILL_AREA_STYLE_COLOUR('',#17518);
#17673 = STYLED_ITEM('color',(#17674),#1297);
#17674 = PRESENTATION_STYLE_ASSIGNMENT((#17675));
#17675 = SURFACE_STYLE_USAGE(.BOTH.,#17676);
#17676 = SURFACE_SIDE_STYLE('',(#17677));
#17677 = SURFACE_STYLE_FILL_AREA(#17678);
#17678 = FILL_AREA_STYLE('',(#17679));
#17679 = FILL_AREA_STYLE_COLOUR('',#17518);
#17680 = STYLED_ITEM('color',(#17681),#1314);
#17681 = PRESENTATION_STYLE_ASSIGNMENT((#17682));
#17682 = SURFACE_STYLE_USAGE(.BOTH.,#17683);
#17683 = SURFACE_SIDE_STYLE('',(#17684));
#17684 = SURFACE_STYLE_FILL_AREA(#17685);
#17685 = FILL_AREA_STYLE('',(#17686));
#17686 = FILL_AREA_STYLE_COLOUR('',#17518);
#17687 = STYLED_ITEM('color',(#17688),#1331);
#17688 = PRESENTATION_STYLE_ASSIGNMENT((#17689));
#17689 = SURFACE_STYLE_USAGE(.BOTH.,#17690);
#17690 = SURFACE_SIDE_STYLE('',(#17691));
#17691 = SURFACE_STYLE_FILL_AREA(#17692);
#17692 = FILL_AREA_STYLE('',(#17693));
#17693 = FILL_AREA_STYLE_COLOUR('',#17518);
#17694 = STYLED_ITEM('color',(#17695),#1348);
#17695 = PRESENTATION_STYLE_ASSIGNMENT((#17696));
#17696 = SURFACE_STYLE_USAGE(.BOTH.,#17697);
#17697 = SURFACE_SIDE_STYLE('',(#17698));
#17698 = SURFACE_STYLE_FILL_AREA(#17699);
#17699 = FILL_AREA_STYLE('',(#17700));
#17700 = FILL_AREA_STYLE_COLOUR('',#17518);
#17701 = STYLED_ITEM('color',(#17702),#1365);
#17702 = PRESENTATION_STYLE_ASSIGNMENT((#17703));
#17703 = SURFACE_STYLE_USAGE(.BOTH.,#17704);
#17704 = SURFACE_SIDE_STYLE('',(#17705));
#17705 = SURFACE_STYLE_FILL_AREA(#17706);
#17706 = FILL_AREA_STYLE('',(#17707));
#17707 = FILL_AREA_STYLE_COLOUR('',#17518);
#17708 = STYLED_ITEM('color',(#17709),#1382);
#17709 = PRESENTATION_STYLE_ASSIGNMENT((#17710));
#17710 = SURFACE_STYLE_USAGE(.BOTH.,#17711);
#17711 = SURFACE_SIDE_STYLE('',(#17712));
#17712 = SURFACE_STYLE_FILL_AREA(#17713);
#17713 = FILL_AREA_STYLE('',(#17714));
#17714 = FILL_AREA_STYLE_COLOUR('',#17518);
#17715 = STYLED_ITEM('color',(#17716),#1399);
#17716 = PRESENTATION_STYLE_ASSIGNMENT((#17717));
#17717 = SURFACE_STYLE_USAGE(.BOTH.,#17718);
#17718 = SURFACE_SIDE_STYLE('',(#17719));
#17719 = SURFACE_STYLE_FILL_AREA(#17720);
#17720 = FILL_AREA_STYLE('',(#17721));
#17721 = FILL_AREA_STYLE_COLOUR('',#17518);
#17722 = STYLED_ITEM('color',(#17723),#1416);
#17723 = PRESENTATION_STYLE_ASSIGNMENT((#17724));
#17724 = SURFACE_STYLE_USAGE(.BOTH.,#17725);
#17725 = SURFACE_SIDE_STYLE('',(#17726));
#17726 = SURFACE_STYLE_FILL_AREA(#17727);
#17727 = FILL_AREA_STYLE('',(#17728));
#17728 = FILL_AREA_STYLE_COLOUR('',#17518);
#17729 = STYLED_ITEM('color',(#17730),#1433);
#17730 = PRESENTATION_STYLE_ASSIGNMENT((#17731));
#17731 = SURFACE_STYLE_USAGE(.BOTH.,#17732);
#17732 = SURFACE_SIDE_STYLE('',(#17733));
#17733 = SURFACE_STYLE_FILL_AREA(#17734);
#17734 = FILL_AREA_STYLE('',(#17735));
#17735 = FILL_AREA_STYLE_COLOUR('',#17518);
#17736 = STYLED_ITEM('color',(#17737),#1450);
#17737 = PRESENTATION_STYLE_ASSIGNMENT((#17738));
#17738 = SURFACE_STYLE_USAGE(.BOTH.,#17739);
#17739 = SURFACE_SIDE_STYLE('',(#17740));
#17740 = SURFACE_STYLE_FILL_AREA(#17741);
#17741 = FILL_AREA_STYLE('',(#17742));
#17742 = FILL_AREA_STYLE_COLOUR('',#17518);
#17743 = STYLED_ITEM('color',(#17744),#1467);
#17744 = PRESENTATION_STYLE_ASSIGNMENT((#17745));
#17745 = SURFACE_STYLE_USAGE(.BOTH.,#17746);
#17746 = SURFACE_SIDE_STYLE('',(#17747));
#17747 = SURFACE_STYLE_FILL_AREA(#17748);
#17748 = FILL_AREA_STYLE('',(#17749));
#17749 = FILL_AREA_STYLE_COLOUR('',#17518);
#17750 = STYLED_ITEM('color',(#17751),#1479);
#17751 = PRESENTATION_STYLE_ASSIGNMENT((#17752));
#17752 = SURFACE_STYLE_USAGE(.BOTH.,#17753);
#17753 = SURFACE_SIDE_STYLE('',(#17754));
#17754 = SURFACE_STYLE_FILL_AREA(#17755);
#17755 = FILL_AREA_STYLE('',(#17756));
#17756 = FILL_AREA_STYLE_COLOUR('',#17757);
#17757 = COLOUR_RGB('',0.859000020776,0.737999965183,0.495999988746);
#17758 = STYLED_ITEM('color',(#17759),#1510);
#17759 = PRESENTATION_STYLE_ASSIGNMENT((#17760));
#17760 = SURFACE_STYLE_USAGE(.BOTH.,#17761);
#17761 = SURFACE_SIDE_STYLE('',(#17762));
#17762 = SURFACE_STYLE_FILL_AREA(#17763);
#17763 = FILL_AREA_STYLE('',(#17764));
#17764 = FILL_AREA_STYLE_COLOUR('',#17757);
#17765 = STYLED_ITEM('color',(#17766),#1559);
#17766 = PRESENTATION_STYLE_ASSIGNMENT((#17767));
#17767 = SURFACE_STYLE_USAGE(.BOTH.,#17768);
#17768 = SURFACE_SIDE_STYLE('',(#17769));
#17769 = SURFACE_STYLE_FILL_AREA(#17770);
#17770 = FILL_AREA_STYLE('',(#17771));
#17771 = FILL_AREA_STYLE_COLOUR('',#17757);
#17772 = STYLED_ITEM('color',(#17773),#1583);
#17773 = PRESENTATION_STYLE_ASSIGNMENT((#17774));
#17774 = SURFACE_STYLE_USAGE(.BOTH.,#17775);
#17775 = SURFACE_SIDE_STYLE('',(#17776));
#17776 = SURFACE_STYLE_FILL_AREA(#17777);
#17777 = FILL_AREA_STYLE('',(#17778));
#17778 = FILL_AREA_STYLE_COLOUR('',#17757);
#17779 = STYLED_ITEM('color',(#17780),#1625);
#17780 = PRESENTATION_STYLE_ASSIGNMENT((#17781));
#17781 = SURFACE_STYLE_USAGE(.BOTH.,#17782);
#17782 = SURFACE_SIDE_STYLE('',(#17783));
#17783 = SURFACE_STYLE_FILL_AREA(#17784);
#17784 = FILL_AREA_STYLE('',(#17785));
#17785 = FILL_AREA_STYLE_COLOUR('',#17757);
#17786 = STYLED_ITEM('color',(#17787),#1656);
#17787 = PRESENTATION_STYLE_ASSIGNMENT((#17788));
#17788 = SURFACE_STYLE_USAGE(.BOTH.,#17789);
#17789 = SURFACE_SIDE_STYLE('',(#17790));
#17790 = SURFACE_STYLE_FILL_AREA(#17791);
#17791 = FILL_AREA_STYLE('',(#17792));
#17792 = FILL_AREA_STYLE_COLOUR('',#17757);
#17793 = STYLED_ITEM('color',(#17794),#1705);
#17794 = PRESENTATION_STYLE_ASSIGNMENT((#17795));
#17795 = SURFACE_STYLE_USAGE(.BOTH.,#17796);
#17796 = SURFACE_SIDE_STYLE('',(#17797));
#17797 = SURFACE_STYLE_FILL_AREA(#17798);
#17798 = FILL_AREA_STYLE('',(#17799));
#17799 = FILL_AREA_STYLE_COLOUR('',#17757);
#17800 = STYLED_ITEM('color',(#17801),#1729);
#17801 = PRESENTATION_STYLE_ASSIGNMENT((#17802));
#17802 = SURFACE_STYLE_USAGE(.BOTH.,#17803);
#17803 = SURFACE_SIDE_STYLE('',(#17804));
#17804 = SURFACE_STYLE_FILL_AREA(#17805);
#17805 = FILL_AREA_STYLE('',(#17806));
#17806 = FILL_AREA_STYLE_COLOUR('',#17757);
#17807 = STYLED_ITEM('color',(#17808),#1771);
#17808 = PRESENTATION_STYLE_ASSIGNMENT((#17809));
#17809 = SURFACE_STYLE_USAGE(.BOTH.,#17810);
#17810 = SURFACE_SIDE_STYLE('',(#17811));
#17811 = SURFACE_STYLE_FILL_AREA(#17812);
#17812 = FILL_AREA_STYLE('',(#17813));
#17813 = FILL_AREA_STYLE_COLOUR('',#17757);
#17814 = STYLED_ITEM('color',(#17815),#1827);
#17815 = PRESENTATION_STYLE_ASSIGNMENT((#17816));
#17816 = SURFACE_STYLE_USAGE(.BOTH.,#17817);
#17817 = SURFACE_SIDE_STYLE('',(#17818));
#17818 = SURFACE_STYLE_FILL_AREA(#17819);
#17819 = FILL_AREA_STYLE('',(#17820));
#17820 = FILL_AREA_STYLE_COLOUR('',#17757);
#17821 = STYLED_ITEM('color',(#17822),#1851);
#17822 = PRESENTATION_STYLE_ASSIGNMENT((#17823));
#17823 = SURFACE_STYLE_USAGE(.BOTH.,#17824);
#17824 = SURFACE_SIDE_STYLE('',(#17825));
#17825 = SURFACE_STYLE_FILL_AREA(#17826);
#17826 = FILL_AREA_STYLE('',(#17827));
#17827 = FILL_AREA_STYLE_COLOUR('',#17757);
#17828 = STYLED_ITEM('color',(#17829),#1900);
#17829 = PRESENTATION_STYLE_ASSIGNMENT((#17830));
#17830 = SURFACE_STYLE_USAGE(.BOTH.,#17831);
#17831 = SURFACE_SIDE_STYLE('',(#17832));
#17832 = SURFACE_STYLE_FILL_AREA(#17833);
#17833 = FILL_AREA_STYLE('',(#17834));
#17834 = FILL_AREA_STYLE_COLOUR('',#17757);
#17835 = STYLED_ITEM('color',(#17836),#1917);
#17836 = PRESENTATION_STYLE_ASSIGNMENT((#17837));
#17837 = SURFACE_STYLE_USAGE(.BOTH.,#17838);
#17838 = SURFACE_SIDE_STYLE('',(#17839));
#17839 = SURFACE_STYLE_FILL_AREA(#17840);
#17840 = FILL_AREA_STYLE('',(#17841));
#17841 = FILL_AREA_STYLE_COLOUR('',#17757);
#17842 = STYLED_ITEM('color',(#17843),#1948);
#17843 = PRESENTATION_STYLE_ASSIGNMENT((#17844));
#17844 = SURFACE_STYLE_USAGE(.BOTH.,#17845);
#17845 = SURFACE_SIDE_STYLE('',(#17846));
#17846 = SURFACE_STYLE_FILL_AREA(#17847);
#17847 = FILL_AREA_STYLE('',(#17848));
#17848 = FILL_AREA_STYLE_COLOUR('',#17757);
#17849 = STYLED_ITEM('color',(#17850),#1997);
#17850 = PRESENTATION_STYLE_ASSIGNMENT((#17851));
#17851 = SURFACE_STYLE_USAGE(.BOTH.,#17852);
#17852 = SURFACE_SIDE_STYLE('',(#17853));
#17853 = SURFACE_STYLE_FILL_AREA(#17854);
#17854 = FILL_AREA_STYLE('',(#17855));
#17855 = FILL_AREA_STYLE_COLOUR('',#17757);
#17856 = STYLED_ITEM('color',(#17857),#2021);
#17857 = PRESENTATION_STYLE_ASSIGNMENT((#17858));
#17858 = SURFACE_STYLE_USAGE(.BOTH.,#17859);
#17859 = SURFACE_SIDE_STYLE('',(#17860));
#17860 = SURFACE_STYLE_FILL_AREA(#17861);
#17861 = FILL_AREA_STYLE('',(#17862));
#17862 = FILL_AREA_STYLE_COLOUR('',#17757);
#17863 = STYLED_ITEM('color',(#17864),#2063);
#17864 = PRESENTATION_STYLE_ASSIGNMENT((#17865));
#17865 = SURFACE_STYLE_USAGE(.BOTH.,#17866);
#17866 = SURFACE_SIDE_STYLE('',(#17867));
#17867 = SURFACE_STYLE_FILL_AREA(#17868);
#17868 = FILL_AREA_STYLE('',(#17869));
#17869 = FILL_AREA_STYLE_COLOUR('',#17757);
#17870 = STYLED_ITEM('color',(#17871),#2094);
#17871 = PRESENTATION_STYLE_ASSIGNMENT((#17872));
#17872 = SURFACE_STYLE_USAGE(.BOTH.,#17873);
#17873 = SURFACE_SIDE_STYLE('',(#17874));
#17874 = SURFACE_STYLE_FILL_AREA(#17875);
#17875 = FILL_AREA_STYLE('',(#17876));
#17876 = FILL_AREA_STYLE_COLOUR('',#17757);
#17877 = STYLED_ITEM('color',(#17878),#2143);
#17878 = PRESENTATION_STYLE_ASSIGNMENT((#17879));
#17879 = SURFACE_STYLE_USAGE(.BOTH.,#17880);
#17880 = SURFACE_SIDE_STYLE('',(#17881));
#17881 = SURFACE_STYLE_FILL_AREA(#17882);
#17882 = FILL_AREA_STYLE('',(#17883));
#17883 = FILL_AREA_STYLE_COLOUR('',#17757);
#17884 = STYLED_ITEM('color',(#17885),#2167);
#17885 = PRESENTATION_STYLE_ASSIGNMENT((#17886));
#17886 = SURFACE_STYLE_USAGE(.BOTH.,#17887);
#17887 = SURFACE_SIDE_STYLE('',(#17888));
#17888 = SURFACE_STYLE_FILL_AREA(#17889);
#17889 = FILL_AREA_STYLE('',(#17890));
#17890 = FILL_AREA_STYLE_COLOUR('',#17757);
#17891 = STYLED_ITEM('color',(#17892),#2209);
#17892 = PRESENTATION_STYLE_ASSIGNMENT((#17893));
#17893 = SURFACE_STYLE_USAGE(.BOTH.,#17894);
#17894 = SURFACE_SIDE_STYLE('',(#17895));
#17895 = SURFACE_STYLE_FILL_AREA(#17896);
#17896 = FILL_AREA_STYLE('',(#17897));
#17897 = FILL_AREA_STYLE_COLOUR('',#17757);
#17898 = STYLED_ITEM('color',(#17899),#2240);
#17899 = PRESENTATION_STYLE_ASSIGNMENT((#17900));
#17900 = SURFACE_STYLE_USAGE(.BOTH.,#17901);
#17901 = SURFACE_SIDE_STYLE('',(#17902));
#17902 = SURFACE_STYLE_FILL_AREA(#17903);
#17903 = FILL_AREA_STYLE('',(#17904));
#17904 = FILL_AREA_STYLE_COLOUR('',#17757);
#17905 = STYLED_ITEM('color',(#17906),#2264);
#17906 = PRESENTATION_STYLE_ASSIGNMENT((#17907));
#17907 = SURFACE_STYLE_USAGE(.BOTH.,#17908);
#17908 = SURFACE_SIDE_STYLE('',(#17909));
#17909 = SURFACE_STYLE_FILL_AREA(#17910);
#17910 = FILL_AREA_STYLE('',(#17911));
#17911 = FILL_AREA_STYLE_COLOUR('',#17757);
#17912 = STYLED_ITEM('color',(#17913),#2288);
#17913 = PRESENTATION_STYLE_ASSIGNMENT((#17914));
#17914 = SURFACE_STYLE_USAGE(.BOTH.,#17915);
#17915 = SURFACE_SIDE_STYLE('',(#17916));
#17916 = SURFACE_STYLE_FILL_AREA(#17917);
#17917 = FILL_AREA_STYLE('',(#17918));
#17918 = FILL_AREA_STYLE_COLOUR('',#17757);
#17919 = STYLED_ITEM('color',(#17920),#2305);
#17920 = PRESENTATION_STYLE_ASSIGNMENT((#17921));
#17921 = SURFACE_STYLE_USAGE(.BOTH.,#17922);
#17922 = SURFACE_SIDE_STYLE('',(#17923));
#17923 = SURFACE_STYLE_FILL_AREA(#17924);
#17924 = FILL_AREA_STYLE('',(#17925));
#17925 = FILL_AREA_STYLE_COLOUR('',#17757);
#17926 = STYLED_ITEM('color',(#17927),#2336);
#17927 = PRESENTATION_STYLE_ASSIGNMENT((#17928));
#17928 = SURFACE_STYLE_USAGE(.BOTH.,#17929);
#17929 = SURFACE_SIDE_STYLE('',(#17930));
#17930 = SURFACE_STYLE_FILL_AREA(#17931);
#17931 = FILL_AREA_STYLE('',(#17932));
#17932 = FILL_AREA_STYLE_COLOUR('',#17757);
#17933 = STYLED_ITEM('color',(#17934),#2360);
#17934 = PRESENTATION_STYLE_ASSIGNMENT((#17935));
#17935 = SURFACE_STYLE_USAGE(.BOTH.,#17936);
#17936 = SURFACE_SIDE_STYLE('',(#17937));
#17937 = SURFACE_STYLE_FILL_AREA(#17938);
#17938 = FILL_AREA_STYLE('',(#17939));
#17939 = FILL_AREA_STYLE_COLOUR('',#17757);
#17940 = STYLED_ITEM('color',(#17941),#2384);
#17941 = PRESENTATION_STYLE_ASSIGNMENT((#17942));
#17942 = SURFACE_STYLE_USAGE(.BOTH.,#17943);
#17943 = SURFACE_SIDE_STYLE('',(#17944));
#17944 = SURFACE_STYLE_FILL_AREA(#17945);
#17945 = FILL_AREA_STYLE('',(#17946));
#17946 = FILL_AREA_STYLE_COLOUR('',#17757);
#17947 = STYLED_ITEM('color',(#17948),#2401);
#17948 = PRESENTATION_STYLE_ASSIGNMENT((#17949));
#17949 = SURFACE_STYLE_USAGE(.BOTH.,#17950);
#17950 = SURFACE_SIDE_STYLE('',(#17951));
#17951 = SURFACE_STYLE_FILL_AREA(#17952);
#17952 = FILL_AREA_STYLE('',(#17953));
#17953 = FILL_AREA_STYLE_COLOUR('',#17757);
#17954 = STYLED_ITEM('color',(#17955),#2432);
#17955 = PRESENTATION_STYLE_ASSIGNMENT((#17956));
#17956 = SURFACE_STYLE_USAGE(.BOTH.,#17957);
#17957 = SURFACE_SIDE_STYLE('',(#17958));
#17958 = SURFACE_STYLE_FILL_AREA(#17959);
#17959 = FILL_AREA_STYLE('',(#17960));
#17960 = FILL_AREA_STYLE_COLOUR('',#17757);
#17961 = STYLED_ITEM('color',(#17962),#2456);
#17962 = PRESENTATION_STYLE_ASSIGNMENT((#17963));
#17963 = SURFACE_STYLE_USAGE(.BOTH.,#17964);
#17964 = SURFACE_SIDE_STYLE('',(#17965));
#17965 = SURFACE_STYLE_FILL_AREA(#17966);
#17966 = FILL_AREA_STYLE('',(#17967));
#17967 = FILL_AREA_STYLE_COLOUR('',#17757);
#17968 = STYLED_ITEM('color',(#17969),#2480);
#17969 = PRESENTATION_STYLE_ASSIGNMENT((#17970));
#17970 = SURFACE_STYLE_USAGE(.BOTH.,#17971);
#17971 = SURFACE_SIDE_STYLE('',(#17972));
#17972 = SURFACE_STYLE_FILL_AREA(#17973);
#17973 = FILL_AREA_STYLE('',(#17974));
#17974 = FILL_AREA_STYLE_COLOUR('',#17757);
#17975 = STYLED_ITEM('color',(#17976),#2497);
#17976 = PRESENTATION_STYLE_ASSIGNMENT((#17977));
#17977 = SURFACE_STYLE_USAGE(.BOTH.,#17978);
#17978 = SURFACE_SIDE_STYLE('',(#17979));
#17979 = SURFACE_STYLE_FILL_AREA(#17980);
#17980 = FILL_AREA_STYLE('',(#17981));
#17981 = FILL_AREA_STYLE_COLOUR('',#17757);
#17982 = STYLED_ITEM('color',(#17983),#2528);
#17983 = PRESENTATION_STYLE_ASSIGNMENT((#17984));
#17984 = SURFACE_STYLE_USAGE(.BOTH.,#17985);
#17985 = SURFACE_SIDE_STYLE('',(#17986));
#17986 = SURFACE_STYLE_FILL_AREA(#17987);
#17987 = FILL_AREA_STYLE('',(#17988));
#17988 = FILL_AREA_STYLE_COLOUR('',#17757);
#17989 = STYLED_ITEM('color',(#17990),#2552);
#17990 = PRESENTATION_STYLE_ASSIGNMENT((#17991));
#17991 = SURFACE_STYLE_USAGE(.BOTH.,#17992);
#17992 = SURFACE_SIDE_STYLE('',(#17993));
#17993 = SURFACE_STYLE_FILL_AREA(#17994);
#17994 = FILL_AREA_STYLE('',(#17995));
#17995 = FILL_AREA_STYLE_COLOUR('',#17757);
#17996 = STYLED_ITEM('color',(#17997),#2576);
#17997 = PRESENTATION_STYLE_ASSIGNMENT((#17998));
#17998 = SURFACE_STYLE_USAGE(.BOTH.,#17999);
#17999 = SURFACE_SIDE_STYLE('',(#18000));
#18000 = SURFACE_STYLE_FILL_AREA(#18001);
#18001 = FILL_AREA_STYLE('',(#18002));
#18002 = FILL_AREA_STYLE_COLOUR('',#17757);
#18003 = STYLED_ITEM('color',(#18004),#2593);
#18004 = PRESENTATION_STYLE_ASSIGNMENT((#18005));
#18005 = SURFACE_STYLE_USAGE(.BOTH.,#18006);
#18006 = SURFACE_SIDE_STYLE('',(#18007));
#18007 = SURFACE_STYLE_FILL_AREA(#18008);
#18008 = FILL_AREA_STYLE('',(#18009));
#18009 = FILL_AREA_STYLE_COLOUR('',#17757);
#18010 = STYLED_ITEM('color',(#18011),#2624);
#18011 = PRESENTATION_STYLE_ASSIGNMENT((#18012));
#18012 = SURFACE_STYLE_USAGE(.BOTH.,#18013);
#18013 = SURFACE_SIDE_STYLE('',(#18014));
#18014 = SURFACE_STYLE_FILL_AREA(#18015);
#18015 = FILL_AREA_STYLE('',(#18016));
#18016 = FILL_AREA_STYLE_COLOUR('',#17757);
#18017 = STYLED_ITEM('color',(#18018),#2648);
#18018 = PRESENTATION_STYLE_ASSIGNMENT((#18019));
#18019 = SURFACE_STYLE_USAGE(.BOTH.,#18020);
#18020 = SURFACE_SIDE_STYLE('',(#18021));
#18021 = SURFACE_STYLE_FILL_AREA(#18022);
#18022 = FILL_AREA_STYLE('',(#18023));
#18023 = FILL_AREA_STYLE_COLOUR('',#17757);
#18024 = STYLED_ITEM('color',(#18025),#2672);
#18025 = PRESENTATION_STYLE_ASSIGNMENT((#18026));
#18026 = SURFACE_STYLE_USAGE(.BOTH.,#18027);
#18027 = SURFACE_SIDE_STYLE('',(#18028));
#18028 = SURFACE_STYLE_FILL_AREA(#18029);
#18029 = FILL_AREA_STYLE('',(#18030));
#18030 = FILL_AREA_STYLE_COLOUR('',#17757);
#18031 = STYLED_ITEM('color',(#18032),#2689);
#18032 = PRESENTATION_STYLE_ASSIGNMENT((#18033));
#18033 = SURFACE_STYLE_USAGE(.BOTH.,#18034);
#18034 = SURFACE_SIDE_STYLE('',(#18035));
#18035 = SURFACE_STYLE_FILL_AREA(#18036);
#18036 = FILL_AREA_STYLE('',(#18037));
#18037 = FILL_AREA_STYLE_COLOUR('',#17757);
#18038 = STYLED_ITEM('color',(#18039),#2706);
#18039 = PRESENTATION_STYLE_ASSIGNMENT((#18040));
#18040 = SURFACE_STYLE_USAGE(.BOTH.,#18041);
#18041 = SURFACE_SIDE_STYLE('',(#18042));
#18042 = SURFACE_STYLE_FILL_AREA(#18043);
#18043 = FILL_AREA_STYLE('',(#18044));
#18044 = FILL_AREA_STYLE_COLOUR('',#17757);
#18045 = STYLED_ITEM('color',(#18046),#2723);
#18046 = PRESENTATION_STYLE_ASSIGNMENT((#18047));
#18047 = SURFACE_STYLE_USAGE(.BOTH.,#18048);
#18048 = SURFACE_SIDE_STYLE('',(#18049));
#18049 = SURFACE_STYLE_FILL_AREA(#18050);
#18050 = FILL_AREA_STYLE('',(#18051));
#18051 = FILL_AREA_STYLE_COLOUR('',#17757);
#18052 = STYLED_ITEM('color',(#18053),#2740);
#18053 = PRESENTATION_STYLE_ASSIGNMENT((#18054));
#18054 = SURFACE_STYLE_USAGE(.BOTH.,#18055);
#18055 = SURFACE_SIDE_STYLE('',(#18056));
#18056 = SURFACE_STYLE_FILL_AREA(#18057);
#18057 = FILL_AREA_STYLE('',(#18058));
#18058 = FILL_AREA_STYLE_COLOUR('',#17757);
#18059 = STYLED_ITEM('color',(#18060),#2771);
#18060 = PRESENTATION_STYLE_ASSIGNMENT((#18061));
#18061 = SURFACE_STYLE_USAGE(.BOTH.,#18062);
#18062 = SURFACE_SIDE_STYLE('',(#18063));
#18063 = SURFACE_STYLE_FILL_AREA(#18064);
#18064 = FILL_AREA_STYLE('',(#18065));
#18065 = FILL_AREA_STYLE_COLOUR('',#17757);
#18066 = STYLED_ITEM('color',(#18067),#2802);
#18067 = PRESENTATION_STYLE_ASSIGNMENT((#18068));
#18068 = SURFACE_STYLE_USAGE(.BOTH.,#18069);
#18069 = SURFACE_SIDE_STYLE('',(#18070));
#18070 = SURFACE_STYLE_FILL_AREA(#18071);
#18071 = FILL_AREA_STYLE('',(#18072));
#18072 = FILL_AREA_STYLE_COLOUR('',#17757);
#18073 = STYLED_ITEM('color',(#18074),#2819);
#18074 = PRESENTATION_STYLE_ASSIGNMENT((#18075));
#18075 = SURFACE_STYLE_USAGE(.BOTH.,#18076);
#18076 = SURFACE_SIDE_STYLE('',(#18077));
#18077 = SURFACE_STYLE_FILL_AREA(#18078);
#18078 = FILL_AREA_STYLE('',(#18079));
#18079 = FILL_AREA_STYLE_COLOUR('',#17757);
#18080 = STYLED_ITEM('color',(#18081),#2836);
#18081 = PRESENTATION_STYLE_ASSIGNMENT((#18082));
#18082 = SURFACE_STYLE_USAGE(.BOTH.,#18083);
#18083 = SURFACE_SIDE_STYLE('',(#18084));
#18084 = SURFACE_STYLE_FILL_AREA(#18085);
#18085 = FILL_AREA_STYLE('',(#18086));
#18086 = FILL_AREA_STYLE_COLOUR('',#17757);
#18087 = STYLED_ITEM('color',(#18088),#2867);
#18088 = PRESENTATION_STYLE_ASSIGNMENT((#18089));
#18089 = SURFACE_STYLE_USAGE(.BOTH.,#18090);
#18090 = SURFACE_SIDE_STYLE('',(#18091));
#18091 = SURFACE_STYLE_FILL_AREA(#18092);
#18092 = FILL_AREA_STYLE('',(#18093));
#18093 = FILL_AREA_STYLE_COLOUR('',#17757);
#18094 = STYLED_ITEM('color',(#18095),#2884);
#18095 = PRESENTATION_STYLE_ASSIGNMENT((#18096));
#18096 = SURFACE_STYLE_USAGE(.BOTH.,#18097);
#18097 = SURFACE_SIDE_STYLE('',(#18098));
#18098 = SURFACE_STYLE_FILL_AREA(#18099);
#18099 = FILL_AREA_STYLE('',(#18100));
#18100 = FILL_AREA_STYLE_COLOUR('',#17757);
#18101 = STYLED_ITEM('color',(#18102),#2915);
#18102 = PRESENTATION_STYLE_ASSIGNMENT((#18103));
#18103 = SURFACE_STYLE_USAGE(.BOTH.,#18104);
#18104 = SURFACE_SIDE_STYLE('',(#18105));
#18105 = SURFACE_STYLE_FILL_AREA(#18106);
#18106 = FILL_AREA_STYLE('',(#18107));
#18107 = FILL_AREA_STYLE_COLOUR('',#17757);
#18108 = STYLED_ITEM('color',(#18109),#2932);
#18109 = PRESENTATION_STYLE_ASSIGNMENT((#18110));
#18110 = SURFACE_STYLE_USAGE(.BOTH.,#18111);
#18111 = SURFACE_SIDE_STYLE('',(#18112));
#18112 = SURFACE_STYLE_FILL_AREA(#18113);
#18113 = FILL_AREA_STYLE('',(#18114));
#18114 = FILL_AREA_STYLE_COLOUR('',#17757);
#18115 = STYLED_ITEM('color',(#18116),#2949);
#18116 = PRESENTATION_STYLE_ASSIGNMENT((#18117));
#18117 = SURFACE_STYLE_USAGE(.BOTH.,#18118);
#18118 = SURFACE_SIDE_STYLE('',(#18119));
#18119 = SURFACE_STYLE_FILL_AREA(#18120);
#18120 = FILL_AREA_STYLE('',(#18121));
#18121 = FILL_AREA_STYLE_COLOUR('',#17757);
#18122 = STYLED_ITEM('color',(#18123),#2980);
#18123 = PRESENTATION_STYLE_ASSIGNMENT((#18124));
#18124 = SURFACE_STYLE_USAGE(.BOTH.,#18125);
#18125 = SURFACE_SIDE_STYLE('',(#18126));
#18126 = SURFACE_STYLE_FILL_AREA(#18127);
#18127 = FILL_AREA_STYLE('',(#18128));
#18128 = FILL_AREA_STYLE_COLOUR('',#17757);
#18129 = STYLED_ITEM('color',(#18130),#2997);
#18130 = PRESENTATION_STYLE_ASSIGNMENT((#18131));
#18131 = SURFACE_STYLE_USAGE(.BOTH.,#18132);
#18132 = SURFACE_SIDE_STYLE('',(#18133));
#18133 = SURFACE_STYLE_FILL_AREA(#18134);
#18134 = FILL_AREA_STYLE('',(#18135));
#18135 = FILL_AREA_STYLE_COLOUR('',#17757);
#18136 = STYLED_ITEM('color',(#18137),#3028);
#18137 = PRESENTATION_STYLE_ASSIGNMENT((#18138));
#18138 = SURFACE_STYLE_USAGE(.BOTH.,#18139);
#18139 = SURFACE_SIDE_STYLE('',(#18140));
#18140 = SURFACE_STYLE_FILL_AREA(#18141);
#18141 = FILL_AREA_STYLE('',(#18142));
#18142 = FILL_AREA_STYLE_COLOUR('',#17757);
#18143 = STYLED_ITEM('color',(#18144),#3045);
#18144 = PRESENTATION_STYLE_ASSIGNMENT((#18145));
#18145 = SURFACE_STYLE_USAGE(.BOTH.,#18146);
#18146 = SURFACE_SIDE_STYLE('',(#18147));
#18147 = SURFACE_STYLE_FILL_AREA(#18148);
#18148 = FILL_AREA_STYLE('',(#18149));
#18149 = FILL_AREA_STYLE_COLOUR('',#17757);
#18150 = STYLED_ITEM('color',(#18151),#3062);
#18151 = PRESENTATION_STYLE_ASSIGNMENT((#18152));
#18152 = SURFACE_STYLE_USAGE(.BOTH.,#18153);
#18153 = SURFACE_SIDE_STYLE('',(#18154));
#18154 = SURFACE_STYLE_FILL_AREA(#18155);
#18155 = FILL_AREA_STYLE('',(#18156));
#18156 = FILL_AREA_STYLE_COLOUR('',#17757);
#18157 = STYLED_ITEM('color',(#18158),#3093);
#18158 = PRESENTATION_STYLE_ASSIGNMENT((#18159));
#18159 = SURFACE_STYLE_USAGE(.BOTH.,#18160);
#18160 = SURFACE_SIDE_STYLE('',(#18161));
#18161 = SURFACE_STYLE_FILL_AREA(#18162);
#18162 = FILL_AREA_STYLE('',(#18163));
#18163 = FILL_AREA_STYLE_COLOUR('',#17757);
#18164 = STYLED_ITEM('color',(#18165),#3110);
#18165 = PRESENTATION_STYLE_ASSIGNMENT((#18166));
#18166 = SURFACE_STYLE_USAGE(.BOTH.,#18167);
#18167 = SURFACE_SIDE_STYLE('',(#18168));
#18168 = SURFACE_STYLE_FILL_AREA(#18169);
#18169 = FILL_AREA_STYLE('',(#18170));
#18170 = FILL_AREA_STYLE_COLOUR('',#17757);
#18171 = STYLED_ITEM('color',(#18172),#3141);
#18172 = PRESENTATION_STYLE_ASSIGNMENT((#18173));
#18173 = SURFACE_STYLE_USAGE(.BOTH.,#18174);
#18174 = SURFACE_SIDE_STYLE('',(#18175));
#18175 = SURFACE_STYLE_FILL_AREA(#18176);
#18176 = FILL_AREA_STYLE('',(#18177));
#18177 = FILL_AREA_STYLE_COLOUR('',#17757);
#18178 = STYLED_ITEM('color',(#18179),#3158);
#18179 = PRESENTATION_STYLE_ASSIGNMENT((#18180));
#18180 = SURFACE_STYLE_USAGE(.BOTH.,#18181);
#18181 = SURFACE_SIDE_STYLE('',(#18182));
#18182 = SURFACE_STYLE_FILL_AREA(#18183);
#18183 = FILL_AREA_STYLE('',(#18184));
#18184 = FILL_AREA_STYLE_COLOUR('',#17757);
#18185 = STYLED_ITEM('color',(#18186),#3175);
#18186 = PRESENTATION_STYLE_ASSIGNMENT((#18187));
#18187 = SURFACE_STYLE_USAGE(.BOTH.,#18188);
#18188 = SURFACE_SIDE_STYLE('',(#18189));
#18189 = SURFACE_STYLE_FILL_AREA(#18190);
#18190 = FILL_AREA_STYLE('',(#18191));
#18191 = FILL_AREA_STYLE_COLOUR('',#17757);
#18192 = STYLED_ITEM('color',(#18193),#3206);
#18193 = PRESENTATION_STYLE_ASSIGNMENT((#18194));
#18194 = SURFACE_STYLE_USAGE(.BOTH.,#18195);
#18195 = SURFACE_SIDE_STYLE('',(#18196));
#18196 = SURFACE_STYLE_FILL_AREA(#18197);
#18197 = FILL_AREA_STYLE('',(#18198));
#18198 = FILL_AREA_STYLE_COLOUR('',#17757);
#18199 = STYLED_ITEM('color',(#18200),#3223);
#18200 = PRESENTATION_STYLE_ASSIGNMENT((#18201));
#18201 = SURFACE_STYLE_USAGE(.BOTH.,#18202);
#18202 = SURFACE_SIDE_STYLE('',(#18203));
#18203 = SURFACE_STYLE_FILL_AREA(#18204);
#18204 = FILL_AREA_STYLE('',(#18205));
#18205 = FILL_AREA_STYLE_COLOUR('',#17757);
#18206 = STYLED_ITEM('color',(#18207),#3254);
#18207 = PRESENTATION_STYLE_ASSIGNMENT((#18208));
#18208 = SURFACE_STYLE_USAGE(.BOTH.,#18209);
#18209 = SURFACE_SIDE_STYLE('',(#18210));
#18210 = SURFACE_STYLE_FILL_AREA(#18211);
#18211 = FILL_AREA_STYLE('',(#18212));
#18212 = FILL_AREA_STYLE_COLOUR('',#17757);
#18213 = STYLED_ITEM('color',(#18214),#3285);
#18214 = PRESENTATION_STYLE_ASSIGNMENT((#18215));
#18215 = SURFACE_STYLE_USAGE(.BOTH.,#18216);
#18216 = SURFACE_SIDE_STYLE('',(#18217));
#18217 = SURFACE_STYLE_FILL_AREA(#18218);
#18218 = FILL_AREA_STYLE('',(#18219));
#18219 = FILL_AREA_STYLE_COLOUR('',#17757);
#18220 = STYLED_ITEM('color',(#18221),#3309);
#18221 = PRESENTATION_STYLE_ASSIGNMENT((#18222));
#18222 = SURFACE_STYLE_USAGE(.BOTH.,#18223);
#18223 = SURFACE_SIDE_STYLE('',(#18224));
#18224 = SURFACE_STYLE_FILL_AREA(#18225);
#18225 = FILL_AREA_STYLE('',(#18226));
#18226 = FILL_AREA_STYLE_COLOUR('',#17757);
#18227 = STYLED_ITEM('color',(#18228),#3333);
#18228 = PRESENTATION_STYLE_ASSIGNMENT((#18229));
#18229 = SURFACE_STYLE_USAGE(.BOTH.,#18230);
#18230 = SURFACE_SIDE_STYLE('',(#18231));
#18231 = SURFACE_STYLE_FILL_AREA(#18232);
#18232 = FILL_AREA_STYLE('',(#18233));
#18233 = FILL_AREA_STYLE_COLOUR('',#17757);
#18234 = STYLED_ITEM('color',(#18235),#3350);
#18235 = PRESENTATION_STYLE_ASSIGNMENT((#18236));
#18236 = SURFACE_STYLE_USAGE(.BOTH.,#18237);
#18237 = SURFACE_SIDE_STYLE('',(#18238));
#18238 = SURFACE_STYLE_FILL_AREA(#18239);
#18239 = FILL_AREA_STYLE('',(#18240));
#18240 = FILL_AREA_STYLE_COLOUR('',#17757);
#18241 = STYLED_ITEM('color',(#18242),#3381);
#18242 = PRESENTATION_STYLE_ASSIGNMENT((#18243));
#18243 = SURFACE_STYLE_USAGE(.BOTH.,#18244);
#18244 = SURFACE_SIDE_STYLE('',(#18245));
#18245 = SURFACE_STYLE_FILL_AREA(#18246);
#18246 = FILL_AREA_STYLE('',(#18247));
#18247 = FILL_AREA_STYLE_COLOUR('',#17757);
#18248 = STYLED_ITEM('color',(#18249),#3405);
#18249 = PRESENTATION_STYLE_ASSIGNMENT((#18250));
#18250 = SURFACE_STYLE_USAGE(.BOTH.,#18251);
#18251 = SURFACE_SIDE_STYLE('',(#18252));
#18252 = SURFACE_STYLE_FILL_AREA(#18253);
#18253 = FILL_AREA_STYLE('',(#18254));
#18254 = FILL_AREA_STYLE_COLOUR('',#17757);
#18255 = STYLED_ITEM('color',(#18256),#3429);
#18256 = PRESENTATION_STYLE_ASSIGNMENT((#18257));
#18257 = SURFACE_STYLE_USAGE(.BOTH.,#18258);
#18258 = SURFACE_SIDE_STYLE('',(#18259));
#18259 = SURFACE_STYLE_FILL_AREA(#18260);
#18260 = FILL_AREA_STYLE('',(#18261));
#18261 = FILL_AREA_STYLE_COLOUR('',#17757);
#18262 = STYLED_ITEM('color',(#18263),#3446);
#18263 = PRESENTATION_STYLE_ASSIGNMENT((#18264));
#18264 = SURFACE_STYLE_USAGE(.BOTH.,#18265);
#18265 = SURFACE_SIDE_STYLE('',(#18266));
#18266 = SURFACE_STYLE_FILL_AREA(#18267);
#18267 = FILL_AREA_STYLE('',(#18268));
#18268 = FILL_AREA_STYLE_COLOUR('',#17757);
#18269 = STYLED_ITEM('color',(#18270),#3477);
#18270 = PRESENTATION_STYLE_ASSIGNMENT((#18271));
#18271 = SURFACE_STYLE_USAGE(.BOTH.,#18272);
#18272 = SURFACE_SIDE_STYLE('',(#18273));
#18273 = SURFACE_STYLE_FILL_AREA(#18274);
#18274 = FILL_AREA_STYLE('',(#18275));
#18275 = FILL_AREA_STYLE_COLOUR('',#17757);
#18276 = STYLED_ITEM('color',(#18277),#3501);
#18277 = PRESENTATION_STYLE_ASSIGNMENT((#18278));
#18278 = SURFACE_STYLE_USAGE(.BOTH.,#18279);
#18279 = SURFACE_SIDE_STYLE('',(#18280));
#18280 = SURFACE_STYLE_FILL_AREA(#18281);
#18281 = FILL_AREA_STYLE('',(#18282));
#18282 = FILL_AREA_STYLE_COLOUR('',#17757);
#18283 = STYLED_ITEM('color',(#18284),#3525);
#18284 = PRESENTATION_STYLE_ASSIGNMENT((#18285));
#18285 = SURFACE_STYLE_USAGE(.BOTH.,#18286);
#18286 = SURFACE_SIDE_STYLE('',(#18287));
#18287 = SURFACE_STYLE_FILL_AREA(#18288);
#18288 = FILL_AREA_STYLE('',(#18289));
#18289 = FILL_AREA_STYLE_COLOUR('',#17757);
#18290 = STYLED_ITEM('color',(#18291),#3542);
#18291 = PRESENTATION_STYLE_ASSIGNMENT((#18292));
#18292 = SURFACE_STYLE_USAGE(.BOTH.,#18293);
#18293 = SURFACE_SIDE_STYLE('',(#18294));
#18294 = SURFACE_STYLE_FILL_AREA(#18295);
#18295 = FILL_AREA_STYLE('',(#18296));
#18296 = FILL_AREA_STYLE_COLOUR('',#17757);
#18297 = STYLED_ITEM('color',(#18298),#3573);
#18298 = PRESENTATION_STYLE_ASSIGNMENT((#18299));
#18299 = SURFACE_STYLE_USAGE(.BOTH.,#18300);
#18300 = SURFACE_SIDE_STYLE('',(#18301));
#18301 = SURFACE_STYLE_FILL_AREA(#18302);
#18302 = FILL_AREA_STYLE('',(#18303));
#18303 = FILL_AREA_STYLE_COLOUR('',#17757);
#18304 = STYLED_ITEM('color',(#18305),#3597);
#18305 = PRESENTATION_STYLE_ASSIGNMENT((#18306));
#18306 = SURFACE_STYLE_USAGE(.BOTH.,#18307);
#18307 = SURFACE_SIDE_STYLE('',(#18308));
#18308 = SURFACE_STYLE_FILL_AREA(#18309);
#18309 = FILL_AREA_STYLE('',(#18310));
#18310 = FILL_AREA_STYLE_COLOUR('',#17757);
#18311 = STYLED_ITEM('color',(#18312),#3621);
#18312 = PRESENTATION_STYLE_ASSIGNMENT((#18313));
#18313 = SURFACE_STYLE_USAGE(.BOTH.,#18314);
#18314 = SURFACE_SIDE_STYLE('',(#18315));
#18315 = SURFACE_STYLE_FILL_AREA(#18316);
#18316 = FILL_AREA_STYLE('',(#18317));
#18317 = FILL_AREA_STYLE_COLOUR('',#17757);
#18318 = STYLED_ITEM('color',(#18319),#3638);
#18319 = PRESENTATION_STYLE_ASSIGNMENT((#18320));
#18320 = SURFACE_STYLE_USAGE(.BOTH.,#18321);
#18321 = SURFACE_SIDE_STYLE('',(#18322));
#18322 = SURFACE_STYLE_FILL_AREA(#18323);
#18323 = FILL_AREA_STYLE('',(#18324));
#18324 = FILL_AREA_STYLE_COLOUR('',#17757);
#18325 = STYLED_ITEM('color',(#18326),#3669);
#18326 = PRESENTATION_STYLE_ASSIGNMENT((#18327));
#18327 = SURFACE_STYLE_USAGE(.BOTH.,#18328);
#18328 = SURFACE_SIDE_STYLE('',(#18329));
#18329 = SURFACE_STYLE_FILL_AREA(#18330);
#18330 = FILL_AREA_STYLE('',(#18331));
#18331 = FILL_AREA_STYLE_COLOUR('',#17757);
#18332 = STYLED_ITEM('color',(#18333),#3693);
#18333 = PRESENTATION_STYLE_ASSIGNMENT((#18334));
#18334 = SURFACE_STYLE_USAGE(.BOTH.,#18335);
#18335 = SURFACE_SIDE_STYLE('',(#18336));
#18336 = SURFACE_STYLE_FILL_AREA(#18337);
#18337 = FILL_AREA_STYLE('',(#18338));
#18338 = FILL_AREA_STYLE_COLOUR('',#17757);
#18339 = STYLED_ITEM('color',(#18340),#3717);
#18340 = PRESENTATION_STYLE_ASSIGNMENT((#18341));
#18341 = SURFACE_STYLE_USAGE(.BOTH.,#18342);
#18342 = SURFACE_SIDE_STYLE('',(#18343));
#18343 = SURFACE_STYLE_FILL_AREA(#18344);
#18344 = FILL_AREA_STYLE('',(#18345));
#18345 = FILL_AREA_STYLE_COLOUR('',#17757);
#18346 = STYLED_ITEM('color',(#18347),#3734);
#18347 = PRESENTATION_STYLE_ASSIGNMENT((#18348));
#18348 = SURFACE_STYLE_USAGE(.BOTH.,#18349);
#18349 = SURFACE_SIDE_STYLE('',(#18350));
#18350 = SURFACE_STYLE_FILL_AREA(#18351);
#18351 = FILL_AREA_STYLE('',(#18352));
#18352 = FILL_AREA_STYLE_COLOUR('',#17757);
#18353 = STYLED_ITEM('color',(#18354),#3751);
#18354 = PRESENTATION_STYLE_ASSIGNMENT((#18355));
#18355 = SURFACE_STYLE_USAGE(.BOTH.,#18356);
#18356 = SURFACE_SIDE_STYLE('',(#18357));
#18357 = SURFACE_STYLE_FILL_AREA(#18358);
#18358 = FILL_AREA_STYLE('',(#18359));
#18359 = FILL_AREA_STYLE_COLOUR('',#17757);
#18360 = STYLED_ITEM('color',(#18361),#3768);
#18361 = PRESENTATION_STYLE_ASSIGNMENT((#18362));
#18362 = SURFACE_STYLE_USAGE(.BOTH.,#18363);
#18363 = SURFACE_SIDE_STYLE('',(#18364));
#18364 = SURFACE_STYLE_FILL_AREA(#18365);
#18365 = FILL_AREA_STYLE('',(#18366));
#18366 = FILL_AREA_STYLE_COLOUR('',#17757);
#18367 = STYLED_ITEM('color',(#18368),#3780);
#18368 = PRESENTATION_STYLE_ASSIGNMENT((#18369));
#18369 = SURFACE_STYLE_USAGE(.BOTH.,#18370);
#18370 = SURFACE_SIDE_STYLE('',(#18371));
#18371 = SURFACE_STYLE_FILL_AREA(#18372);
#18372 = FILL_AREA_STYLE('',(#18373));
#18373 = FILL_AREA_STYLE_COLOUR('',#17757);
#18374 = STYLED_ITEM('color',(#18375),#3797);
#18375 = PRESENTATION_STYLE_ASSIGNMENT((#18376));
#18376 = SURFACE_STYLE_USAGE(.BOTH.,#18377);
#18377 = SURFACE_SIDE_STYLE('',(#18378));
#18378 = SURFACE_STYLE_FILL_AREA(#18379);
#18379 = FILL_AREA_STYLE('',(#18380));
#18380 = FILL_AREA_STYLE_COLOUR('',#17757);
#18381 = STYLED_ITEM('color',(#18382),#3814);
#18382 = PRESENTATION_STYLE_ASSIGNMENT((#18383));
#18383 = SURFACE_STYLE_USAGE(.BOTH.,#18384);
#18384 = SURFACE_SIDE_STYLE('',(#18385));
#18385 = SURFACE_STYLE_FILL_AREA(#18386);
#18386 = FILL_AREA_STYLE('',(#18387));
#18387 = FILL_AREA_STYLE_COLOUR('',#17757);
#18388 = STYLED_ITEM('color',(#18389),#3826);
#18389 = PRESENTATION_STYLE_ASSIGNMENT((#18390));
#18390 = SURFACE_STYLE_USAGE(.BOTH.,#18391);
#18391 = SURFACE_SIDE_STYLE('',(#18392));
#18392 = SURFACE_STYLE_FILL_AREA(#18393);
#18393 = FILL_AREA_STYLE('',(#18394));
#18394 = FILL_AREA_STYLE_COLOUR('',#17757);
#18395 = STYLED_ITEM('color',(#18396),#3843);
#18396 = PRESENTATION_STYLE_ASSIGNMENT((#18397));
#18397 = SURFACE_STYLE_USAGE(.BOTH.,#18398);
#18398 = SURFACE_SIDE_STYLE('',(#18399));
#18399 = SURFACE_STYLE_FILL_AREA(#18400);
#18400 = FILL_AREA_STYLE('',(#18401));
#18401 = FILL_AREA_STYLE_COLOUR('',#17757);
#18402 = STYLED_ITEM('color',(#18403),#3860);
#18403 = PRESENTATION_STYLE_ASSIGNMENT((#18404));
#18404 = SURFACE_STYLE_USAGE(.BOTH.,#18405);
#18405 = SURFACE_SIDE_STYLE('',(#18406));
#18406 = SURFACE_STYLE_FILL_AREA(#18407);
#18407 = FILL_AREA_STYLE('',(#18408));
#18408 = FILL_AREA_STYLE_COLOUR('',#17757);
#18409 = STYLED_ITEM('color',(#18410),#3872);
#18410 = PRESENTATION_STYLE_ASSIGNMENT((#18411));
#18411 = SURFACE_STYLE_USAGE(.BOTH.,#18412);
#18412 = SURFACE_SIDE_STYLE('',(#18413));
#18413 = SURFACE_STYLE_FILL_AREA(#18414);
#18414 = FILL_AREA_STYLE('',(#18415));
#18415 = FILL_AREA_STYLE_COLOUR('',#17757);
#18416 = STYLED_ITEM('color',(#18417),#3889);
#18417 = PRESENTATION_STYLE_ASSIGNMENT((#18418));
#18418 = SURFACE_STYLE_USAGE(.BOTH.,#18419);
#18419 = SURFACE_SIDE_STYLE('',(#18420));
#18420 = SURFACE_STYLE_FILL_AREA(#18421);
#18421 = FILL_AREA_STYLE('',(#18422));
#18422 = FILL_AREA_STYLE_COLOUR('',#17757);
#18423 = STYLED_ITEM('color',(#18424),#3906);
#18424 = PRESENTATION_STYLE_ASSIGNMENT((#18425));
#18425 = SURFACE_STYLE_USAGE(.BOTH.,#18426);
#18426 = SURFACE_SIDE_STYLE('',(#18427));
#18427 = SURFACE_STYLE_FILL_AREA(#18428);
#18428 = FILL_AREA_STYLE('',(#18429));
#18429 = FILL_AREA_STYLE_COLOUR('',#17757);
#18430 = STYLED_ITEM('color',(#18431),#3918);
#18431 = PRESENTATION_STYLE_ASSIGNMENT((#18432));
#18432 = SURFACE_STYLE_USAGE(.BOTH.,#18433);
#18433 = SURFACE_SIDE_STYLE('',(#18434));
#18434 = SURFACE_STYLE_FILL_AREA(#18435);
#18435 = FILL_AREA_STYLE('',(#18436));
#18436 = FILL_AREA_STYLE_COLOUR('',#17757);
#18437 = STYLED_ITEM('color',(#18438),#3935);
#18438 = PRESENTATION_STYLE_ASSIGNMENT((#18439));
#18439 = SURFACE_STYLE_USAGE(.BOTH.,#18440);
#18440 = SURFACE_SIDE_STYLE('',(#18441));
#18441 = SURFACE_STYLE_FILL_AREA(#18442);
#18442 = FILL_AREA_STYLE('',(#18443));
#18443 = FILL_AREA_STYLE_COLOUR('',#17757);
#18444 = STYLED_ITEM('color',(#18445),#3952);
#18445 = PRESENTATION_STYLE_ASSIGNMENT((#18446));
#18446 = SURFACE_STYLE_USAGE(.BOTH.,#18447);
#18447 = SURFACE_SIDE_STYLE('',(#18448));
#18448 = SURFACE_STYLE_FILL_AREA(#18449);
#18449 = FILL_AREA_STYLE('',(#18450));
#18450 = FILL_AREA_STYLE_COLOUR('',#17757);
#18451 = STYLED_ITEM('color',(#18452),#3964);
#18452 = PRESENTATION_STYLE_ASSIGNMENT((#18453));
#18453 = SURFACE_STYLE_USAGE(.BOTH.,#18454);
#18454 = SURFACE_SIDE_STYLE('',(#18455));
#18455 = SURFACE_STYLE_FILL_AREA(#18456);
#18456 = FILL_AREA_STYLE('',(#18457));
#18457 = FILL_AREA_STYLE_COLOUR('',#17757);
#18458 = STYLED_ITEM('color',(#18459),#3976);
#18459 = PRESENTATION_STYLE_ASSIGNMENT((#18460));
#18460 = SURFACE_STYLE_USAGE(.BOTH.,#18461);
#18461 = SURFACE_SIDE_STYLE('',(#18462));
#18462 = SURFACE_STYLE_FILL_AREA(#18463);
#18463 = FILL_AREA_STYLE('',(#18464));
#18464 = FILL_AREA_STYLE_COLOUR('',#17757);
#18465 = STYLED_ITEM('color',(#18466),#3988);
#18466 = PRESENTATION_STYLE_ASSIGNMENT((#18467));
#18467 = SURFACE_STYLE_USAGE(.BOTH.,#18468);
#18468 = SURFACE_SIDE_STYLE('',(#18469));
#18469 = SURFACE_STYLE_FILL_AREA(#18470);
#18470 = FILL_AREA_STYLE('',(#18471));
#18471 = FILL_AREA_STYLE_COLOUR('',#17757);
#18472 = STYLED_ITEM('color',(#18473),#4000);
#18473 = PRESENTATION_STYLE_ASSIGNMENT((#18474));
#18474 = SURFACE_STYLE_USAGE(.BOTH.,#18475);
#18475 = SURFACE_SIDE_STYLE('',(#18476));
#18476 = SURFACE_STYLE_FILL_AREA(#18477);
#18477 = FILL_AREA_STYLE('',(#18478));
#18478 = FILL_AREA_STYLE_COLOUR('',#17757);
#18479 = STYLED_ITEM('color',(#18480),#4012);
#18480 = PRESENTATION_STYLE_ASSIGNMENT((#18481));
#18481 = SURFACE_STYLE_USAGE(.BOTH.,#18482);
#18482 = SURFACE_SIDE_STYLE('',(#18483));
#18483 = SURFACE_STYLE_FILL_AREA(#18484);
#18484 = FILL_AREA_STYLE('',(#18485));
#18485 = FILL_AREA_STYLE_COLOUR('',#17757);
#18486 = MECHANICAL_DESIGN_GEOMETRIC_PRESENTATION_REPRESENTATION('',(
    #18487,#18494,#18501,#18508,#18515,#18522,#18529,#18536,#18543,
    #18550,#18557,#18565,#18572,#18579,#18586,#18593,#18600,#18607,
    #18614,#18621,#18628,#18635,#18642,#18649,#18656,#18663,#18670,
    #18677),#8874);
#18487 = STYLED_ITEM('color',(#18488),#8022);
#18488 = PRESENTATION_STYLE_ASSIGNMENT((#18489));
#18489 = SURFACE_STYLE_USAGE(.BOTH.,#18490);
#18490 = SURFACE_SIDE_STYLE('',(#18491));
#18491 = SURFACE_STYLE_FILL_AREA(#18492);
#18492 = FILL_AREA_STYLE('',(#18493));
#18493 = FILL_AREA_STYLE_COLOUR('',#15246);
#18494 = STYLED_ITEM('color',(#18495),#8098);
#18495 = PRESENTATION_STYLE_ASSIGNMENT((#18496));
#18496 = SURFACE_STYLE_USAGE(.BOTH.,#18497);
#18497 = SURFACE_SIDE_STYLE('',(#18498));
#18498 = SURFACE_STYLE_FILL_AREA(#18499);
#18499 = FILL_AREA_STYLE('',(#18500));
#18500 = FILL_AREA_STYLE_COLOUR('',#15246);
#18501 = STYLED_ITEM('color',(#18502),#8129);
#18502 = PRESENTATION_STYLE_ASSIGNMENT((#18503));
#18503 = SURFACE_STYLE_USAGE(.BOTH.,#18504);
#18504 = SURFACE_SIDE_STYLE('',(#18505));
#18505 = SURFACE_STYLE_FILL_AREA(#18506);
#18506 = FILL_AREA_STYLE('',(#18507));
#18507 = FILL_AREA_STYLE_COLOUR('',#15246);
#18508 = STYLED_ITEM('color',(#18509),#8154);
#18509 = PRESENTATION_STYLE_ASSIGNMENT((#18510));
#18510 = SURFACE_STYLE_USAGE(.BOTH.,#18511);
#18511 = SURFACE_SIDE_STYLE('',(#18512));
#18512 = SURFACE_STYLE_FILL_AREA(#18513);
#18513 = FILL_AREA_STYLE('',(#18514));
#18514 = FILL_AREA_STYLE_COLOUR('',#15246);
#18515 = STYLED_ITEM('color',(#18516),#8179);
#18516 = PRESENTATION_STYLE_ASSIGNMENT((#18517));
#18517 = SURFACE_STYLE_USAGE(.BOTH.,#18518);
#18518 = SURFACE_SIDE_STYLE('',(#18519));
#18519 = SURFACE_STYLE_FILL_AREA(#18520);
#18520 = FILL_AREA_STYLE('',(#18521));
#18521 = FILL_AREA_STYLE_COLOUR('',#15246);
#18522 = STYLED_ITEM('color',(#18523),#8203);
#18523 = PRESENTATION_STYLE_ASSIGNMENT((#18524));
#18524 = SURFACE_STYLE_USAGE(.BOTH.,#18525);
#18525 = SURFACE_SIDE_STYLE('',(#18526));
#18526 = SURFACE_STYLE_FILL_AREA(#18527);
#18527 = FILL_AREA_STYLE('',(#18528));
#18528 = FILL_AREA_STYLE_COLOUR('',#15246);
#18529 = STYLED_ITEM('color',(#18530),#8227);
#18530 = PRESENTATION_STYLE_ASSIGNMENT((#18531));
#18531 = SURFACE_STYLE_USAGE(.BOTH.,#18532);
#18532 = SURFACE_SIDE_STYLE('',(#18533));
#18533 = SURFACE_STYLE_FILL_AREA(#18534);
#18534 = FILL_AREA_STYLE('',(#18535));
#18535 = FILL_AREA_STYLE_COLOUR('',#15246);
#18536 = STYLED_ITEM('color',(#18537),#8252);
#18537 = PRESENTATION_STYLE_ASSIGNMENT((#18538));
#18538 = SURFACE_STYLE_USAGE(.BOTH.,#18539);
#18539 = SURFACE_SIDE_STYLE('',(#18540));
#18540 = SURFACE_STYLE_FILL_AREA(#18541);
#18541 = FILL_AREA_STYLE('',(#18542));
#18542 = FILL_AREA_STYLE_COLOUR('',#15246);
#18543 = STYLED_ITEM('color',(#18544),#8277);
#18544 = PRESENTATION_STYLE_ASSIGNMENT((#18545));
#18545 = SURFACE_STYLE_USAGE(.BOTH.,#18546);
#18546 = SURFACE_SIDE_STYLE('',(#18547));
#18547 = SURFACE_STYLE_FILL_AREA(#18548);
#18548 = FILL_AREA_STYLE('',(#18549));
#18549 = FILL_AREA_STYLE_COLOUR('',#15246);
#18550 = STYLED_ITEM('color',(#18551),#8294);
#18551 = PRESENTATION_STYLE_ASSIGNMENT((#18552));
#18552 = SURFACE_STYLE_USAGE(.BOTH.,#18553);
#18553 = SURFACE_SIDE_STYLE('',(#18554));
#18554 = SURFACE_STYLE_FILL_AREA(#18555);
#18555 = FILL_AREA_STYLE('',(#18556));
#18556 = FILL_AREA_STYLE_COLOUR('',#15246);
#18557 = STYLED_ITEM('color',(#18558),#8380);
#18558 = PRESENTATION_STYLE_ASSIGNMENT((#18559));
#18559 = SURFACE_STYLE_USAGE(.BOTH.,#18560);
#18560 = SURFACE_SIDE_STYLE('',(#18561));
#18561 = SURFACE_STYLE_FILL_AREA(#18562);
#18562 = FILL_AREA_STYLE('',(#18563));
#18563 = FILL_AREA_STYLE_COLOUR('',#18564);
#18564 = COLOUR_RGB('',0.379000005575,0.270000008848,0.214999999939);
#18565 = STYLED_ITEM('color',(#18566),#8412);
#18566 = PRESENTATION_STYLE_ASSIGNMENT((#18567));
#18567 = SURFACE_STYLE_USAGE(.BOTH.,#18568);
#18568 = SURFACE_SIDE_STYLE('',(#18569));
#18569 = SURFACE_STYLE_FILL_AREA(#18570);
#18570 = FILL_AREA_STYLE('',(#18571));
#18571 = FILL_AREA_STYLE_COLOUR('',#18564);
#18572 = STYLED_ITEM('color',(#18573),#8436);
#18573 = PRESENTATION_STYLE_ASSIGNMENT((#18574));
#18574 = SURFACE_STYLE_USAGE(.BOTH.,#18575);
#18575 = SURFACE_SIDE_STYLE('',(#18576));
#18576 = SURFACE_STYLE_FILL_AREA(#18577);
#18577 = FILL_AREA_STYLE('',(#18578));
#18578 = FILL_AREA_STYLE_COLOUR('',#18564);
#18579 = STYLED_ITEM('color',(#18580),#8461);
#18580 = PRESENTATION_STYLE_ASSIGNMENT((#18581));
#18581 = SURFACE_STYLE_USAGE(.BOTH.,#18582);
#18582 = SURFACE_SIDE_STYLE('',(#18583));
#18583 = SURFACE_STYLE_FILL_AREA(#18584);
#18584 = FILL_AREA_STYLE('',(#18585));
#18585 = FILL_AREA_STYLE_COLOUR('',#18564);
#18586 = STYLED_ITEM('color',(#18587),#8485);
#18587 = PRESENTATION_STYLE_ASSIGNMENT((#18588));
#18588 = SURFACE_STYLE_USAGE(.BOTH.,#18589);
#18589 = SURFACE_SIDE_STYLE('',(#18590));
#18590 = SURFACE_STYLE_FILL_AREA(#18591);
#18591 = FILL_AREA_STYLE('',(#18592));
#18592 = FILL_AREA_STYLE_COLOUR('',#18564);
#18593 = STYLED_ITEM('color',(#18594),#8510);
#18594 = PRESENTATION_STYLE_ASSIGNMENT((#18595));
#18595 = SURFACE_STYLE_USAGE(.BOTH.,#18596);
#18596 = SURFACE_SIDE_STYLE('',(#18597));
#18597 = SURFACE_STYLE_FILL_AREA(#18598);
#18598 = FILL_AREA_STYLE('',(#18599));
#18599 = FILL_AREA_STYLE_COLOUR('',#18564);
#18600 = STYLED_ITEM('color',(#18601),#8534);
#18601 = PRESENTATION_STYLE_ASSIGNMENT((#18602));
#18602 = SURFACE_STYLE_USAGE(.BOTH.,#18603);
#18603 = SURFACE_SIDE_STYLE('',(#18604));
#18604 = SURFACE_STYLE_FILL_AREA(#18605);
#18605 = FILL_AREA_STYLE('',(#18606));
#18606 = FILL_AREA_STYLE_COLOUR('',#18564);
#18607 = STYLED_ITEM('color',(#18608),#8559);
#18608 = PRESENTATION_STYLE_ASSIGNMENT((#18609));
#18609 = SURFACE_STYLE_USAGE(.BOTH.,#18610);
#18610 = SURFACE_SIDE_STYLE('',(#18611));
#18611 = SURFACE_STYLE_FILL_AREA(#18612);
#18612 = FILL_AREA_STYLE('',(#18613));
#18613 = FILL_AREA_STYLE_COLOUR('',#18564);
#18614 = STYLED_ITEM('color',(#18615),#8576);
#18615 = PRESENTATION_STYLE_ASSIGNMENT((#18616));
#18616 = SURFACE_STYLE_USAGE(.BOTH.,#18617);
#18617 = SURFACE_SIDE_STYLE('',(#18618));
#18618 = SURFACE_STYLE_FILL_AREA(#18619);
#18619 = FILL_AREA_STYLE('',(#18620));
#18620 = FILL_AREA_STYLE_COLOUR('',#15246);
#18621 = STYLED_ITEM('color',(#18622),#8662);
#18622 = PRESENTATION_STYLE_ASSIGNMENT((#18623));
#18623 = SURFACE_STYLE_USAGE(.BOTH.,#18624);
#18624 = SURFACE_SIDE_STYLE('',(#18625));
#18625 = SURFACE_STYLE_FILL_AREA(#18626);
#18626 = FILL_AREA_STYLE('',(#18627));
#18627 = FILL_AREA_STYLE_COLOUR('',#15246);
#18628 = STYLED_ITEM('color',(#18629),#8693);
#18629 = PRESENTATION_STYLE_ASSIGNMENT((#18630));
#18630 = SURFACE_STYLE_USAGE(.BOTH.,#18631);
#18631 = SURFACE_SIDE_STYLE('',(#18632));
#18632 = SURFACE_STYLE_FILL_AREA(#18633);
#18633 = FILL_AREA_STYLE('',(#18634));
#18634 = FILL_AREA_STYLE_COLOUR('',#15246);
#18635 = STYLED_ITEM('color',(#18636),#8718);
#18636 = PRESENTATION_STYLE_ASSIGNMENT((#18637));
#18637 = SURFACE_STYLE_USAGE(.BOTH.,#18638);
#18638 = SURFACE_SIDE_STYLE('',(#18639));
#18639 = SURFACE_STYLE_FILL_AREA(#18640);
#18640 = FILL_AREA_STYLE('',(#18641));
#18641 = FILL_AREA_STYLE_COLOUR('',#15246);
#18642 = STYLED_ITEM('color',(#18643),#8743);
#18643 = PRESENTATION_STYLE_ASSIGNMENT((#18644));
#18644 = SURFACE_STYLE_USAGE(.BOTH.,#18645);
#18645 = SURFACE_SIDE_STYLE('',(#18646));
#18646 = SURFACE_STYLE_FILL_AREA(#18647);
#18647 = FILL_AREA_STYLE('',(#18648));
#18648 = FILL_AREA_STYLE_COLOUR('',#15246);
#18649 = STYLED_ITEM('color',(#18650),#8767);
#18650 = PRESENTATION_STYLE_ASSIGNMENT((#18651));
#18651 = SURFACE_STYLE_USAGE(.BOTH.,#18652);
#18652 = SURFACE_SIDE_STYLE('',(#18653));
#18653 = SURFACE_STYLE_FILL_AREA(#18654);
#18654 = FILL_AREA_STYLE('',(#18655));
#18655 = FILL_AREA_STYLE_COLOUR('',#15246);
#18656 = STYLED_ITEM('color',(#18657),#8791);
#18657 = PRESENTATION_STYLE_ASSIGNMENT((#18658));
#18658 = SURFACE_STYLE_USAGE(.BOTH.,#18659);
#18659 = SURFACE_SIDE_STYLE('',(#18660));
#18660 = SURFACE_STYLE_FILL_AREA(#18661);
#18661 = FILL_AREA_STYLE('',(#18662));
#18662 = FILL_AREA_STYLE_COLOUR('',#15246);
#18663 = STYLED_ITEM('color',(#18664),#8816);
#18664 = PRESENTATION_STYLE_ASSIGNMENT((#18665));
#18665 = SURFACE_STYLE_USAGE(.BOTH.,#18666);
#18666 = SURFACE_SIDE_STYLE('',(#18667));
#18667 = SURFACE_STYLE_FILL_AREA(#18668);
#18668 = FILL_AREA_STYLE('',(#18669));
#18669 = FILL_AREA_STYLE_COLOUR('',#15246);
#18670 = STYLED_ITEM('color',(#18671),#8841);
#18671 = PRESENTATION_STYLE_ASSIGNMENT((#18672));
#18672 = SURFACE_STYLE_USAGE(.BOTH.,#18673);
#18673 = SURFACE_SIDE_STYLE('',(#18674));
#18674 = SURFACE_STYLE_FILL_AREA(#18675);
#18675 = FILL_AREA_STYLE('',(#18676));
#18676 = FILL_AREA_STYLE_COLOUR('',#15246);
#18677 = STYLED_ITEM('color',(#18678),#8858);
#18678 = PRESENTATION_STYLE_ASSIGNMENT((#18679));
#18679 = SURFACE_STYLE_USAGE(.BOTH.,#18680);
#18680 = SURFACE_SIDE_STYLE('',(#18681));
#18681 = SURFACE_STYLE_FILL_AREA(#18682);
#18682 = FILL_AREA_STYLE('',(#18683));
#18683 = FILL_AREA_STYLE_COLOUR('',#15246);
#18684 = MECHANICAL_DESIGN_GEOMETRIC_PRESENTATION_REPRESENTATION('',(
    #18685),#15113);
#18685 = STYLED_ITEM('color',(#18686),#14199);
#18686 = PRESENTATION_STYLE_ASSIGNMENT((#18687));
#18687 = SURFACE_STYLE_USAGE(.BOTH.,#18688);
#18688 = SURFACE_SIDE_STYLE('',(#18689));
#18689 = SURFACE_STYLE_FILL_AREA(#18690);
#18690 = FILL_AREA_STYLE('',(#18691));
#18691 = FILL_AREA_STYLE_COLOUR('',#18692);
#18692 = COLOUR_RGB('',0.313304153717,0.484529207832,0.410020903123);
ENDSEC;
END-ISO-10303-21;
